<?xml version="1.0" encoding="UTF-8"?>
<COLLADA xmlns="http://www.collada.org/2005/11/COLLADASchema" version="1.4.1">
<!--
# File generated by ImageToStl.com - Free Image and 3D model conversion tools
-->
  <asset>
    <contributor>
      <author>ImageToStl.com</author>
      <authoring_tool>ImageToStl.com</authoring_tool>
    </contributor>
    <created>2026-04-02T01:00:11</created>
    <modified>2026-04-02T01:00:11</modified>
    <up_axis>Z_UP</up_axis>
  </asset>
  <library_effects>
    <effect id="effect_0">
        <profile_COMMON>
          <technique sid="common">
            <phong>
              <diffuse>
                <color>0.85 0.85 0.85 1</color>
              </diffuse>
              <specular>
                <color>0.05 0.05 0.05 1</color>
              </specular>
              <shininess>
                <float>64</float>
              </shininess>
            </phong>
          </technique>
        </profile_COMMON>
    </effect>
  </library_effects>
  <library_materials>
    <material id="mat_0">
      <instance_effect url="#effect_0"/>
    </material>
  </library_materials>
  <library_geometries>
    <geometry id="geometry_b225fa6b_5f80_4965_b3e5_be3429cc665d">
      <mesh>
        <source id="pos_0">
          <float_array id="pos_0-array" count="19632">0.01243581 0.0121 -0.00126519 0.01207526 0.0125 0.00077336 0.01247444 0.0121 0.00079893 0.01178328 0.0125 0.00275034 0.01217281 0.0121 0.00284126 0.01116988 0.0125 0.00465229 0.01153913 0.0121 0.00480609 0.01025179 0.0125 0.00642734 0.0105907 0.0121 0.00663981 0.00905407 0.0125 0.00802707 0.00935338 0.0121 0.00829243 0.00760937 0.0125 0.00940784 0.00786092 0.0121 0.00971884 0.00595711 0.0125 0.01053199 0.00615404 0.0121 0.01088016 0.00414235 0.0125 0.01136886 0.00427929 0.0121 0.01174469 0.0022146 0.0125 0.01189561 0.00228781 0.0121 0.01228885 0.00022645 0.0125 0.01209788 0.00023393 0.0121 0.01249781 -0.00176789 0.0125 0.01197015 -0.00182633 0.0121 0.01236586 -0.003714 0.0125 0.01151591 -0.00383678 0.0121 0.0118966 -0.0055588 0.0125 0.01074755 -0.00574256 0.0121 0.01110284 -0.00725197 0.0125 0.00968601 -0.00749171 0.0121 0.01000621 -0.00874733 0.0125 0.00836027 -0.0090365 0.0121 0.00863665 -0.01000409 0.0125 0.00680649 -0.0103348 0.0121 0.00703149 -0.01098795 0.0125 0.00506704 -0.01135119 0.0121 0.00523454 -0.0116721 0.0125 0.00318937 -0.01205795 0.0121 0.0032948 -0.01203786 0.0125 0.00122471 -0.01243581 0.0121 0.00126519 -0.01207526 0.0125 -0.00077336 -0.01247444 0.0121 -0.00079893 -0.01178328 0.0125 -0.00275034 -0.01217281 0.0121 -0.00284126 -0.01116988 0.0125 -0.00465229 -0.01153913 0.0121 -0.00480609 -0.01025179 0.0125 -0.00642734 -0.0105907 0.0121 -0.00663981 -0.00905407 0.0125 -0.00802707 -0.00935338 0.0121 -0.00829243 -0.00760937 0.0125 -0.00940784 -0.00786092 0.0121 -0.00971884 -0.00595711 0.0125 -0.01053199 -0.00615404 0.0121 -0.01088016 -0.00414235 0.0125 -0.01136886 -0.00427929 0.0121 -0.01174469 -0.0022146 0.0125 -0.01189561 -0.00228781 0.0121 -0.01228885 -0.00022645 0.0125 -0.01209788 -0.00023393 0.0121 -0.01249781 0.00176789 0.0125 -0.01197015 0.00182633 0.0121 -0.01236586 0.003714 0.0125 -0.01151591 0.00383678 0.0121 -0.0118966 0.0055588 0.0125 -0.01074755 0.00574256 0.0121 -0.01110284 0.00725197 0.0125 -0.00968601 0.00749171 0.0121 -0.01000621 0.00874733 0.0125 -0.00836027 0.0090365 0.0121 -0.00863665 0.01000409 0.0125 -0.00680649 0.0103348 0.0121 -0.00703149 0.01098795 0.0125 -0.00506704 0.01135119 0.0121 -0.00523454 0.0116721 0.0125 -0.00318937 0.01205795 0.0121 -0.0032948 0.01203786 0.0125 -0.00122471 0.01243581 0.0095 -0.00126519 0.01247444 0.0095 0.00079893 0.01217281 0.0095 0.00284126 0.01153913 0.0095 0.00480609 0.0105907 0.0095 0.00663981 0.00935338 0.0095 0.00829243 0.00786092 0.0095 0.00971884 0.00615404 0.0095 0.01088016 0.00427929 0.0095 0.01174469 0.00228781 0.0095 0.01228885 0.00023393 0.0095 0.01249781 -0.00182633 0.0095 0.01236586 -0.00383678 0.0095 0.0118966 -0.00574256 0.0095 0.01110284 -0.00749171 0.0095 0.01000621 -0.0090365 0.0095 0.00863665 -0.0103348 0.0095 0.00703149 -0.01135119 0.0095 0.00523454 -0.01205795 0.0095 0.0032948 -0.01243581 0.0095 0.00126519 -0.01247444 0.0095 -0.00079893 -0.01217281 0.0095 -0.00284126 -0.01153913 0.0095 -0.00480609 -0.0105907 0.0095 -0.00663981 -0.00935338 0.0095 -0.00829243 -0.00786092 0.0095 -0.00971884 -0.00615404 0.0095 -0.01088016 -0.00427929 0.0095 -0.01174469 -0.00228781 0.0095 -0.01228885 -0.00023393 0.0095 -0.01249781 0.00182633 0.0095 -0.01236586 0.00383678 0.0095 -0.0118966 0.00574256 0.0095 -0.01110284 0.00749171 0.0095 -0.01000621 0.0090365 0.0095 -0.00863665 0.0103348 0.0095 -0.00703149 0.01135119 0.0095 -0.00523454 0.01205795 0.0095 -0.0032948 -0.0036794 0.0095 -0.00864997 -0.0047995 0.0095 -0.00808238 -0.00583395 0.0095 -0.00737055 -0.00676429 0.0095 -0.0065272 0.00823824 0.0095 -0.00452674 0.00756138 0.0095 -0.0055844 0.00674958 0.0095 -0.00654241 0.00581734 0.0095 -0.00738367 0.00478129 0.0095 -0.00809316 0.00365992 0.0095 -0.00865823 0.00247323 0.0095 -0.0090688 0.00124241 0.0095 -0.00931753 -1.058E-05 0.0095 -0.00939999 -0.00126338 0.0095 -0.00931471 -0.00249364 0.0095 -0.00906321 -0.00757393 0.0095 -0.00556737 -0.00824841 0.0095 -0.00450819 -0.00877569 0.0095 -0.00336856 -0.00914638 0.0095 -0.00216882 -0.00935384 0.0095 -0.00093037 -0.00939439 0.0095 0.00032467 -0.00926729 0.0095 0.00157393 -0.00897482 0.0095 0.00279509 -0.0085222 0.0095 0.00396638 -0.00791749 0.0095 0.00506689 -0.0071715 0.0095 0.00607698 -0.00629753 0.0095 0.00697862 -0.00531118 0.0095 0.00775573 -0.00423005 0.0095 0.00839444 -0.00307344 0.0095 0.00888335 -0.00186198 0.0095 0.00921374 -0.00061729 0.0095 0.00937971 0.00063841 0.0095 0.0093783 0.00188272 0.0095 0.00920953 0.00309343 0.0095 0.00887641 0.00424894 0.0095 0.0083849 0.00927081 0.0095 0.00155306 0.0093951 0.0095 0.00030353 0.00935173 0.0095 -0.00095143 0.00914147 0.0095 -0.0021894 0.00876809 0.0095 -0.0033883 0.00532862 0.0095 0.00774376 0.00631322 0.0095 0.00696443 0.00718516 0.0095 0.00606082 0.00792888 0.0095 0.00504905 0.0085311 0.0095 0.00394719 0.00898109 0.0095 0.00277488 0.00880459 0.0093 -0.00210872 0.00860402 0.0091 -0.00264023 0.00844497 0.0093 -0.00326344 0.00839498 0.0091 -0.00324412 0.00793464 0.0093 -0.00435992 0.00792361 0.0091 -0.00426806 0.00788768 0.0091 -0.00433412 0.00728273 0.0093 -0.00537861 0.00723962 0.0091 -0.00534677 0.00693871 0.0091 -0.00573187 0.00650085 0.0093 -0.00630131 0.00646237 0.0091 -0.00626401 0.00560296 0.0093 -0.00711156 0.00568715 0.0091 -0.00697541 0.0055698 0.0091 -0.00706947 0.00460509 0.0093 -0.00779491 0.00457783 0.0091 -0.00774877 0.00421704 0.0091 -0.00795089 0.00352504 0.0093 -0.00833916 0.00350418 0.0091 -0.0082898 0.00238209 0.0093 -0.0087346 0.00258487 0.0091 -0.00862082 0.00236799 0.0091 -0.00868289 0.00119663 0.0093 -0.00897416 0.00118954 0.0091 -0.00892104 0.00085336 0.0091 -0.00895945 -1.019E-05 0.0093 -0.00905358 -1.013E-05 0.0091 -0.00899999 -0.00121682 0.0093 -0.00897145 -0.00091094 0.0091 -0.00895378 -0.00120962 0.0091 -0.00891834 -0.00240174 0.0093 -0.00872921 -0.00238753 0.0091 -0.00867754 -0.00264023 0.0091 -0.00860402 -0.0035438 0.0093 -0.0083312 -0.00352283 0.0091 -0.00828189 -0.00462262 0.0093 -0.00778453 -0.00426806 0.0091 -0.00792361 -0.00459526 0.0091 -0.00773845 -0.00561896 0.0093 -0.00709893 -0.0055857 0.0091 -0.00705691 -0.00573187 0.0091 -0.00693871 -0.00651501 0.0093 -0.00628666 -0.00647645 0.0091 -0.00624945 -0.00729481 0.0093 -0.0053622 -0.00697541 0.0091 -0.00568715 -0.00725163 0.0091 -0.00533046 -0.00794444 0.0093 -0.00434205 -0.00789741 0.0091 -0.00431635 -0.00795089 0.0091 -0.00421704 -0.00845229 0.0093 -0.00324442 -0.00840226 0.0091 -0.00322522 -0.00880931 0.0093 -0.00208889 -0.00862082 0.0091 -0.00258487 -0.00875717 0.0091 -0.00207653 -0.00900913 0.0093 -0.00089609 -0.00895581 0.0091 -0.00089078 -0.00895945 0.0091 -0.00085336 -0.00904819 0.0093 0.00031271 -0.00899463 0.0091 0.00031086 -0.00895378 0.0091 0.00091094 -0.00892578 0.0093 0.00151592 -0.00887294 0.0091 0.00150695 -0.00864408 0.0093 0.00269209 -0.00860402 0.0091 0.00264023 -0.00859292 0.0091 0.00267615 -0.00820813 0.0093 0.00382021 -0.00815955 0.0091 0.0037976 -0.00792361 0.0091 0.00426806 -0.00762571 0.0093 0.00488016 -0.00758057 0.0091 0.00485128 -0.00690721 0.0093 0.00585303 -0.00693871 0.0091 0.00573187 -0.00686633 0.0091 0.00581838 -0.00606545 0.0093 0.00672144 -0.00602955 0.0091 0.00668166 -0.00568715 0.0091 0.00697541 -0.00511545 0.0093 0.00746992 -0.00508517 0.0091 0.0074257 -0.00407416 0.0093 0.00808509 -0.00421704 0.0091 0.00795089 -0.00405005 0.0091 0.00803723 -0.00296017 0.0093 0.00855598 -0.00294265 0.0091 0.00850534 -0.00258487 0.0091 0.00862082 -0.00179336 0.0093 0.0088742 -0.00178275 0.0091 0.00882167 -0.00059455 0.0093 0.00903405 -0.00085336 0.0091 0.00895945 -0.00059103 0.0091 0.00898057 0.00061488 0.0093 0.00903269 0.00061124 0.0091 0.00897922 0.00091094 0.0091 0.00895378 0.00181333 0.0093 0.00887014 0.0018026 0.0091 0.00881763 0.00297943 0.0093 0.0085493 0.00264023 0.0091 0.00860402 0.00296179 0.0091 0.00849869 0.00409235 0.0093 0.0080759 0.00406813 0.0091 0.0080281 0.00426806 0.0091 0.00792361 0.00513225 0.0093 0.00745838 0.00510187 0.0091 0.00741424 0.00608056 0.0093 0.00670777 0.00573187 0.0091 0.00693871 0.00604457 0.0091 0.00666807 0.00692037 0.0093 0.00583746 0.00687941 0.0091 0.00580291 0.00697541 0.0091 0.00568715 0.00763668 0.0093 0.00486298 0.00759148 0.0091 0.0048342 0.00821671 0.0093 0.00380172 0.00795089 0.0091 0.00421704 0.00816808 0.0091 0.00377922 0.00865012 0.0093 0.00267262 0.00859892 0.0091 0.0026568 0.00862082 0.0091 0.00258487 0.00892917 0.0093 0.00149583 0.00887631 0.0091 0.00148697 0.00904887 0.0093 0.00029234 0.00895945 0.0091 0.00085336 0.00899531 0.0091 0.00029061 0.0090071 0.0093 -0.00091636 0.00895378 0.0091 -0.00091094 0.00875247 0.0091 -0.00209623 0.0091952 0.00944641 0.00029707 0.00907356 0.00944641 0.00152002 0.00879001 0.00944641 0.00271584 0.00834959 0.00944641 0.0038632 0.00776018 0.00944641 0.00494163 0.00703228 0.00944641 0.00593186 0.0061789 0.00944641 0.00681625 0.00521525 0.00944641 0.007579 0.00415853 0.00944641 0.0082065 0.00302761 0.00944641 0.00868755 0.00184266 0.00944641 0.00901358 0.00062482 0.00944641 0.00917876 -0.00060416 0.00944641 0.00918014 -0.00182236 0.00944641 0.0090177 -0.00300805 0.00944641 0.00869435 -0.00414005 0.00944641 0.00821584 -0.00519817 0.00944641 0.00759072 -0.00616354 0.00944641 0.00683014 -0.00701891 0.00944641 0.00594768 -0.00774903 0.00944641 0.00495908 -0.00834087 0.00944641 0.00388199 -0.00878387 0.00944641 0.00273562 -0.00907012 0.00944641 0.00154044 -0.00919451 0.00944641 0.00031777 -0.00915483 0.00944641 -0.00091058 -0.00895177 0.00944641 -0.00212267 -0.00858898 0.00944641 -0.00329689 -0.00807291 0.00944641 -0.00441227 -0.00741278 0.00944641 -0.00544891 -0.00662037 0.00944641 -0.00638832 -0.00570982 0.00944641 -0.00721373 -0.00469738 0.00944641 -0.00791041 -0.00360111 0.00944641 -0.00846593 -0.00244058 0.00944641 -0.00887038 -0.0012365 0.00944641 -0.00911653 -1.035E-05 0.00944641 -0.00919999 0.00121598 0.00944641 -0.00911929 0.00242061 0.00944641 -0.00887585 0.00358205 0.00944641 -0.00847402 0.00467956 0.00944641 -0.00792097 0.00569357 0.00944641 -0.00722657 0.00660597 0.00944641 -0.00640321 0.0074005 0.00944641 -0.00546559 0.00806296 0.00944641 -0.00443043 0.00858153 0.00944641 -0.00331621 0.00894697 0.00944641 -0.00214282 0.00915275 0.00944641 -0.00093118 0.00895378 0.004 -0.00091094 0.00860402 0.004 -0.00264023 0.00792361 0.004 -0.00426806 0.00693871 0.004 -0.00573187 0.00568715 0.004 -0.00697541 0.00421704 0.004 -0.00795089 0.00258487 0.004 -0.00862082 0.00085336 0.004 -0.00895945 -0.00091094 0.004 -0.00895378 -0.00264023 0.004 -0.00860402 -0.00426806 0.004 -0.00792361 -0.00573187 0.004 -0.00693871 -0.00697541 0.004 -0.00568715 -0.00795089 0.004 -0.00421704 -0.00862082 0.004 -0.00258487 -0.00895945 0.004 -0.00085336 -0.00895378 0.004 0.00091094 -0.00860402 0.004 0.00264023 -0.00792361 0.004 0.00426806 -0.00693871 0.004 0.00573187 -0.00568715 0.004 0.00697541 -0.00421704 0.004 0.00795089 -0.00258487 0.004 0.00862082 -0.00085336 0.004 0.00895945 0.00091094 0.004 0.00895378 0.00264023 0.004 0.00860402 0.00426806 0.004 0.00792361 0.00573187 0.004 0.00693871 0.00697541 0.004 0.00568715 0.00795089 0.004 0.00421704 0.00862082 0.004 0.00258487 0.00895945 0.004 0.00085336 -0.00821978 0.0025 0.00252232 -0.00756976 0.0025 0.00407746 -0.00662884 0.0025 0.0054759 -0.00543317 0.0025 0.0066639 -0.00402871 0.0025 0.00759582 -0.00246943 0.0025 0.00823583 -0.00081525 0.0025 0.00855934 0.00087026 0.0025 0.00855392 0.00252232 0.0025 0.00821978 0.00407746 0.0025 0.00756976 0.0054759 0.0025 0.00662884 0.0066639 0.0025 0.00543317 0.00759582 0.0025 0.00402871 0.00823583 0.0025 0.00246943 0.00855934 0.0025 0.00081525 0.00855392 0.0025 -0.00087026 0.00821978 0.0025 -0.00252232 0.00756976 0.0025 -0.00407746 0.00662884 0.0025 -0.0054759 0.00543317 0.0025 -0.0066639 0.00402871 0.0025 -0.00759582 0.00246943 0.0025 -0.00823583 0.00081525 0.0025 -0.00855934 -0.00087026 0.0025 -0.00855392 -0.00252232 0.0025 -0.00821978 -0.00407746 0.0025 -0.00756976 -0.0054759 0.0025 -0.00662884 -0.0066639 0.0025 -0.00543317 -0.00759582 0.0025 -0.00402871 -0.00823583 0.0025 -0.00246943 -0.00855934 0.0025 -0.00081525 -0.00855392 0.0025 0.00087026 0.00588336 0.0025 -0.0037929 0.00521759 0.0025 -0.00466656 0.00442334 0.0025 -0.00542532 0.00352017 0.0025 -0.00605049 -0.00684215 0.0025 -0.00147818 -0.00698915 0.0025 -0.00038963 -0.00696405 0.0025 0.00070851 -0.00676748 0.0025 0.0017892 0.00684215 0.0025 0.00147818 0.00698915 0.0025 0.00038963 0.00696405 0.0025 -0.00070851 0.00676748 0.0025 -0.0017892 0.00640427 0.0025 -0.00282584 -0.0037929 0.0025 -0.00588336 -0.00466656 0.0025 -0.00521759 -0.00542532 0.0025 -0.00442334 -0.00605049 0.0025 -0.00352017 -0.00652667 0.0025 -0.00253033 -0.00640427 0.0025 0.00282584 -0.00588336 0.0025 0.0037929 -0.00521759 0.0025 0.00466656 -0.00442334 0.0025 0.00542532 -0.00352017 0.0025 0.00605049 0.00253033 0.0025 -0.00652667 0.00147818 0.0025 -0.00684215 0.00038963 0.0025 -0.00698915 -0.00070851 0.0025 -0.00696405 -0.0017892 0.0025 -0.00676748 -0.00282584 0.0025 -0.00640427 -0.00253033 0.0025 0.00652667 -0.00147818 0.0025 0.00684215 -0.00038963 0.0025 0.00698915 0.00070851 0.0025 0.00696405 0.0017892 0.0025 0.00676748 0.00282584 0.0025 0.00640427 0.0037929 0.0025 0.00588336 0.00466656 0.0025 0.00521759 0.00542532 0.0025 0.00442334 0.00605049 0.0025 0.00352017 0.00652667 0.0025 0.00253033 0.00307743 0.0035 -0.00515067 0.00305557 0.00311732 -0.00525193 0.00379143 0.0035 -0.00465027 0.00383953 0.00311732 -0.00470927 0.0041823 0.0035 -0.00430213 0.00452895 0.00311732 -0.00405066 0.00447222 0.0035 -0.00399991 0.00510686 0.00311732 -0.0032923 0.00504288 0.0035 -0.00325106 0.00301729 0.0035 -0.00518613 0.00216885 0.0035 -0.00559429 0.00219637 0.00311732 -0.00566526 0.00180665 0.0035 -0.00572154 0.00128308 0.00311732 -0.0059391 0.00126701 0.0035 -0.0058647 0.00033821 0.00311732 -0.0060667 0.00043847 0.0035 -0.00598396 0.00033397 0.0035 -0.0059907 -0.00060729 0.0035 -0.00596919 -0.000615 0.00311732 -0.00604492 -0.00095334 0.0035 -0.00592378 -0.00155306 0.00311732 -0.00587429 -0.0015336 0.0035 -0.00580069 -0.00245288 0.00311732 -0.00555901 -0.00229376 0.0035 -0.00554425 -0.00242215 0.0035 -0.00548937 -0.00325106 0.0035 -0.00504288 -0.0032923 0.00311732 -0.00510686 -0.00351052 0.0035 -0.00486582 -0.00405066 0.00311732 -0.00452895 -0.00399991 0.0035 -0.00447222 -0.00470927 0.00311732 -0.00383953 -0.00453803 0.0035 -0.00392508 -0.00465027 0.0035 -0.00379143 -0.00518613 0.0035 -0.00301729 -0.00525193 0.00311732 -0.00305557 -0.0053209 0.0035 -0.00277274 -0.00566526 0.00311732 -0.00219637 -0.00559429 0.0035 -0.00216885 -0.0059391 0.00311732 -0.00128308 -0.00581691 0.0035 -0.00147091 -0.0058647 0.0035 -0.00126701 -0.0059907 0.0035 -0.00033397 -0.0060667 0.00311732 -0.00033821 -0.00599933 0.0035 -8.979E-05 -0.00604492 0.00311732 0.000615 -0.00596919 0.0035 0.00060729 -0.00587429 0.00311732 0.00155306 -0.00585832 0.0035 0.00129617 -0.00580069 0.0035 0.0015336 -0.00548937 0.0035 0.00242215 -0.00555901 0.00311732 0.00245288 -0.00540149 0.0035 0.00261225 -0.00510686 0.00311732 0.0032923 -0.00504288 0.0035 0.00325106 -0.00452895 0.00311732 0.00405066 -0.00465347 0.0035 0.00378751 -0.00447222 0.0035 0.00399991 -0.00379143 0.0035 0.00465027 -0.00383953 0.00311732 0.00470927 -0.00365458 0.0035 0.00475858 -0.00305557 0.00311732 0.00525193 -0.00301729 0.0035 0.00518613 -0.00219637 0.00311732 0.00566526 -0.00245866 0.0035 0.00547311 -0.00216885 0.0035 0.00559429 -0.00126701 0.0035 0.0058647 -0.00128308 0.00311732 0.0059391 -0.0011302 0.0035 0.00589259 -0.00033821 0.00311732 0.0060667 -0.00033397 0.0035 0.0059907 0.000615 0.00311732 0.00604492 0.00025919 0.0035 0.0059944 0.00060729 0.0035 0.00596919 0.0015336 0.0035 0.00580069 0.00155306 0.00311732 0.00587429 0.00163461 0.0035 0.00577305 0.00245288 0.00311732 0.00555901 0.00242215 0.0035 0.00548937 0.0032923 0.00311732 0.00510686 0.0029219 0.0035 0.00524047 0.00325106 0.0035 0.00504288 0.00399991 0.0035 0.00447222 0.00405066 0.00311732 0.00452895 0.00405168 0.0035 0.00442537 0.00470927 0.00311732 0.00383953 0.00465027 0.0035 0.00379143 0.00525193 0.00311732 0.00305557 0.00496302 0.0035 0.00337171 0.00518613 0.0035 0.00301729 0.00559429 0.0035 0.00216885 0.00566526 0.00311732 0.00219637 0.00560681 0.0035 0.00213627 0.0059391 0.00311732 0.00128308 0.0058647 0.0035 0.00126701 0.0060667 0.00311732 0.00033821 0.00594834 0.0035 0.00078567 0.0059907 0.0035 0.00033397 0.00596919 0.0035 -0.00060729 0.00604492 0.00311732 -0.000615 0.00580069 0.0035 -0.0015336 0.00587429 0.00311732 -0.00155306 0.00566824 0.0035 -0.00196751 0.00555901 0.00311732 -0.00245288 0.00548937 0.0035 -0.00242215 0.00506171 0.0035 -0.00322166 0.00628314 0.00279289 0.00035027 0.00615099 0.00279289 0.00132886 0.00586738 0.00279289 0.00227473 0.0054393 0.00279289 0.00316458 0.00487728 0.00279289 0.00397651 0.00419517 0.00279289 0.00469053 0.00340976 0.00279289 0.00528905 0.00254039 0.00279289 0.00575734 0.00160847 0.00279289 0.00608386 0.00063694 0.00279289 0.00626058 -0.00035027 0.00279289 0.00628314 -0.00132886 0.00279289 0.00615099 -0.00227473 0.00279289 0.00586738 -0.00316458 0.00279289 0.0054393 -0.00397651 0.00279289 0.00487728 -0.00469053 0.00279289 0.00419517 -0.00528905 0.00279289 0.00340976 -0.00575734 0.00279289 0.00254039 -0.00608386 0.00279289 0.00160847 -0.00626058 0.00279289 0.00063694 -0.00628314 0.00279289 -0.00035027 -0.00615099 0.00279289 -0.00132886 -0.00586738 0.00279289 -0.00227473 -0.0054393 0.00279289 -0.00316458 -0.00487728 0.00279289 -0.00397651 -0.00419517 0.00279289 -0.00469053 -0.00340976 0.00279289 -0.00528905 -0.00254039 0.00279289 -0.00575734 -0.00160847 0.00279289 -0.00608386 -0.00063694 0.00279289 -0.00626058 0.00035027 0.00279289 -0.00628314 0.00132886 0.00279289 -0.00615099 0.00227473 0.00279289 -0.00586738 0.00316458 0.00279289 -0.0054393 0.00397651 0.00279289 -0.00487728 0.00469053 0.00279289 -0.00419517 0.00528905 0.00279289 -0.00340976 0.00575734 0.00279289 -0.00254039 0.00608386 0.00279289 -0.00160847 0.00626058 0.00279289 -0.00063694 0.00660706 0.00257612 0.00036833 0.00646809 0.00257612 0.00139737 0.00616986 0.00257612 0.002392 0.00571971 0.00257612 0.00332773 0.00512872 0.00257612 0.00418152 0.00441145 0.00257612 0.00493234 0.00358554 0.00257612 0.00556172 0.00267136 0.00257612 0.00605415 0.00169139 0.00257612 0.00639751 0.00066978 0.00257612 0.00658333 -0.00036833 0.00257612 0.00660706 -0.00139737 0.00257612 0.00646809 -0.002392 0.00257612 0.00616986 -0.00332773 0.00257612 0.00571971 -0.00418152 0.00257612 0.00512872 -0.00493234 0.00257612 0.00441145 -0.00556172 0.00257612 0.00358554 -0.00605415 0.00257612 0.00267136 -0.00639751 0.00257612 0.00169139 -0.00658333 0.00257612 0.00066978 -0.00660706 0.00257612 -0.00036833 -0.00646809 0.00257612 -0.00139737 -0.00616986 0.00257612 -0.002392 -0.00571971 0.00257612 -0.00332773 -0.00512872 0.00257612 -0.00418152 -0.00441145 0.00257612 -0.00493234 -0.00358554 0.00257612 -0.00556172 -0.00267136 0.00257612 -0.00605415 -0.00169139 0.00257612 -0.00639751 -0.00066978 0.00257612 -0.00658333 0.00036833 0.00257612 -0.00660706 0.00139737 0.00257612 -0.00646809 0.002392 0.00257612 -0.00616986 0.00332773 0.00257612 -0.00571971 0.00418152 0.00257612 -0.00512872 0.00493234 0.00257612 -0.00441145 0.00556172 0.00257612 -0.00358554 0.00605415 0.00257612 -0.00267136 0.00639751 0.00257612 -0.00169139 0.00658333 0.00257612 -0.00066978 0.00580069 0.0115 -0.0015336 0.00566824 0.0115 -0.00196751 0.00548937 0.0115 -0.00242215 0.00506171 0.0115 -0.00322166 0.00504288 0.0115 -0.00325106 0.00447222 0.0115 -0.00399991 0.0041823 0.0115 -0.00430213 0.00379143 0.0115 -0.00465027 0.00307743 0.0115 -0.00515067 0.00301729 0.0115 -0.00518613 0.00216885 0.0115 -0.00559429 0.00180665 0.0115 -0.00572154 0.00126701 0.0115 -0.0058647 0.00043847 0.0115 -0.00598396 0.00033397 0.0115 -0.0059907 -0.00060729 0.0115 -0.00596919 -0.00095334 0.0115 -0.00592378 -0.0015336 0.0115 -0.00580069 -0.00229376 0.0115 -0.00554425 -0.00242215 0.0115 -0.00548937 -0.00325106 0.0115 -0.00504288 -0.00351052 0.0115 -0.00486582 -0.00399991 0.0115 -0.00447222 -0.00453803 0.0115 -0.00392508 -0.00465027 0.0115 -0.00379143 -0.00518613 0.0115 -0.00301729 -0.0053209 0.0115 -0.00277274 -0.00559429 0.0115 -0.00216885 -0.00581691 0.0115 -0.00147091 -0.0058647 0.0115 -0.00126701 -0.0059907 0.0115 -0.00033397 -0.00599933 0.0115 -8.979E-05 -0.00596919 0.0115 0.00060729 -0.00585832 0.0115 0.00129617 -0.00580069 0.0115 0.0015336 -0.00548937 0.0115 0.00242215 -0.00540149 0.0115 0.00261225 -0.00504288 0.0115 0.00325106 -0.00465347 0.0115 0.00378751 -0.00447222 0.0115 0.00399991 -0.00379143 0.0115 0.00465027 -0.00365458 0.0115 0.00475858 -0.00301729 0.0115 0.00518613 -0.00245866 0.0115 0.00547311 -0.00216885 0.0115 0.00559429 -0.00126701 0.0115 0.0058647 -0.0011302 0.0115 0.00589259 -0.00033397 0.0115 0.0059907 0.00025919 0.0115 0.0059944 0.00060729 0.0115 0.00596919 0.0015336 0.0115 0.00580069 0.00163461 0.0115 0.00577305 0.00242215 0.0115 0.00548937 0.0029219 0.0115 0.00524047 0.00325106 0.0115 0.00504288 0.00399991 0.0115 0.00447222 0.00405168 0.0115 0.00442537 0.00465027 0.0115 0.00379143 0.00496302 0.0115 0.00337171 0.00518613 0.0115 0.00301729 0.00559429 0.0115 0.00216885 0.00560681 0.0115 0.00213627 0.0058647 0.0115 0.00126701 0.00594834 0.0115 0.00078567 0.0059907 0.0115 0.00033397 0.00596919 0.0115 -0.00060729 0.00470927 0.01188268 0.00383953 0.00245288 0.01188268 0.00555901 -0.00033821 0.01188268 0.0060667 -0.00305557 0.01188268 0.00525193 -0.00510686 0.01188268 0.0032923 -0.00604492 0.01188268 0.000615 -0.00566526 0.01188268 -0.00219637 -0.00405066 0.01188268 -0.00452895 -0.00155306 0.01188268 -0.00587429 0.00128308 0.01188268 -0.0059391 0.00383953 0.01188268 -0.00470927 0.00640427 0.0125 -0.00282584 0.00605415 0.01242388 -0.00267136 0.00639751 0.01242388 -0.00169139 0.00676748 0.0125 -0.0017892 0.00658333 0.01242388 -0.00066978 0.00696405 0.0125 -0.00070851 0.00660706 0.01242388 0.00036833 0.00698915 0.0125 0.00038963 0.00646809 0.01242388 0.00139737 0.00684215 0.0125 0.00147818 0.00616986 0.01242388 0.002392 0.00652667 0.0125 0.00253033 0.00575734 0.01220711 -0.00254039 0.00608386 0.01220711 -0.00160847 0.00626058 0.01220711 -0.00063694 0.00628314 0.01220711 0.00035027 0.00615099 0.01220711 0.00132886 0.00586738 0.01220711 0.00227473 0.00555901 0.01188268 -0.00245288 0.00587429 0.01188268 -0.00155306 0.00521759 0.0125 -0.00466656 0.00442334 0.0125 -0.00542532 0.00493234 0.01242388 -0.00441145 0.00418152 0.01242388 -0.00512872 0.00469053 0.01220711 -0.00419517 0.00397651 0.01220711 -0.00487728 0.00452895 0.01188268 -0.00405066 0.00253033 0.0125 -0.00652667 0.00147818 0.0125 -0.00684215 0.002392 0.01242388 -0.00616986 0.00139737 0.01242388 -0.00646809 0.00227473 0.01220711 -0.00586738 0.00132886 0.01220711 -0.00615099 0.00219637 0.01188268 -0.00566526 -0.00070851 0.0125 -0.00696405 -0.0017892 0.0125 -0.00676748 -0.00066978 0.01242388 -0.00658333 -0.00169139 0.01242388 -0.00639751 -0.00063694 0.01220711 -0.00626058 -0.00160847 0.01220711 -0.00608386 -0.000615 0.01188268 -0.00604492 -0.0037929 0.0125 -0.00588336 -0.00466656 0.0125 -0.00521759 -0.00358554 0.01242388 -0.00556172 -0.00441145 0.01242388 -0.00493234 -0.00340976 0.01220711 -0.00528905 -0.00419517 0.01220711 -0.00469053 -0.0032923 0.01188268 -0.00510686 -0.00605049 0.0125 -0.00352017 -0.00652667 0.0125 -0.00253033 -0.00571971 0.01242388 -0.00332773 -0.00616986 0.01242388 -0.002392 -0.0054393 0.01220711 -0.00316458 -0.00586738 0.01220711 -0.00227473 -0.00525193 0.01188268 -0.00305557 -0.00698915 0.0125 -0.00038963 -0.00696405 0.0125 0.00070851 -0.00660706 0.01242388 -0.00036833 -0.00658333 0.01242388 0.00066978 -0.00628314 0.01220711 -0.00035027 -0.00626058 0.01220711 0.00063694 -0.0060667 0.01188268 -0.00033821 -0.00640427 0.0125 0.00282584 -0.00588336 0.0125 0.0037929 -0.00605415 0.01242388 0.00267136 -0.00556172 0.01242388 0.00358554 -0.00575734 0.01220711 0.00254039 -0.00528905 0.01220711 0.00340976 -0.00555901 0.01188268 0.00245288 -0.00442334 0.0125 0.00542532 -0.00352017 0.0125 0.00605049 -0.00418152 0.01242388 0.00512872 -0.00332773 0.01242388 0.00571971 -0.00397651 0.01220711 0.00487728 -0.00316458 0.01220711 0.0054393 -0.00383953 0.01188268 0.00470927 -0.00147818 0.0125 0.00684215 -0.00038963 0.0125 0.00698915 -0.00139737 0.01242388 0.00646809 -0.00036833 0.01242388 0.00660706 -0.00132886 0.01220711 0.00615099 -0.00035027 0.01220711 0.00628314 -0.00128308 0.01188268 0.0059391 0.0017892 0.0125 0.00676748 0.00282584 0.0125 0.00640427 0.00169139 0.01242388 0.00639751 0.00267136 0.01242388 0.00605415 0.00160847 0.01220711 0.00608386 0.00254039 0.01220711 0.00575734 0.00155306 0.01188268 0.00587429 0.00466656 0.0125 0.00521759 0.00542532 0.0125 0.00442334 0.00441145 0.01242388 0.00493234 0.00512872 0.01242388 0.00418152 0.00419517 0.01220711 0.00469053 0.00487728 0.01220711 0.00397651 0.00405066 0.01188268 0.00452895 0.00604492 0.01188268 -0.000615 0.0060667 0.01188268 0.00033821 0.0059391 0.01188268 0.00128308 0.00566526 0.01188268 0.00219637 0.00510686 0.01188268 -0.0032923 0.00528905 0.01220711 -0.00340976 0.00556172 0.01242388 -0.00358554 0.00588336 0.0125 -0.0037929 0.00305557 0.01188268 -0.00525193 0.00316458 0.01220711 -0.0054393 0.00332773 0.01242388 -0.00571971 0.00352017 0.0125 -0.00605049 0.00033821 0.01188268 -0.0060667 0.00035027 0.01220711 -0.00628314 0.00036833 0.01242388 -0.00660706 0.00038963 0.0125 -0.00698915 -0.00245288 0.01188268 -0.00555901 -0.00254039 0.01220711 -0.00575734 -0.00267136 0.01242388 -0.00605415 -0.00282584 0.0125 -0.00640427 -0.00470927 0.01188268 -0.00383953 -0.00487728 0.01220711 -0.00397651 -0.00512872 0.01242388 -0.00418152 -0.00542532 0.0125 -0.00442334 -0.0059391 0.01188268 -0.00128308 -0.00615099 0.01220711 -0.00132886 -0.00646809 0.01242388 -0.00139737 -0.00684215 0.0125 -0.00147818 -0.00587429 0.01188268 0.00155306 -0.00608386 0.01220711 0.00160847 -0.00639751 0.01242388 0.00169139 -0.00676748 0.0125 0.0017892 -0.00452895 0.01188268 0.00405066 -0.00469053 0.01220711 0.00419517 -0.00493234 0.01242388 0.00441145 -0.00521759 0.0125 0.00466656 -0.00219637 0.01188268 0.00566526 -0.00227473 0.01220711 0.00586738 -0.002392 0.01242388 0.00616986 -0.00253033 0.0125 0.00652667 0.000615 0.01188268 0.00604492 0.00063694 0.01220711 0.00626058 0.00066978 0.01242388 0.00658333 0.00070851 0.0125 0.00696405 0.0032923 0.01188268 0.00510686 0.00340976 0.01220711 0.00528905 0.00358554 0.01242388 0.00556172 0.0037929 0.0125 0.00588336 0.00525193 0.01188268 0.00305557 0.0054393 0.01220711 0.00316458 0.00571971 0.01242388 0.00332773 0.00605049 0.0125 0.00352017 -0.00525275 -0.0126 0.01134278 -0.00320809 -0.013 0.01166697 -0.00331414 -0.0126 0.01205265 -0.00124402 -0.013 0.01203588 -0.00128514 -0.0126 0.01243376 0.00075399 -0.013 0.01207649 0.00077892 -0.0126 0.01247571 0.00273143 -0.013 0.01178767 0.00282173 -0.0126 0.01217735 0.00463436 -0.013 0.01117733 0.00478757 -0.0126 0.01154683 0.00641089 -0.013 0.01026209 0.00662282 -0.0126 0.01060134 0.00801254 -0.013 0.00906693 0.00827741 -0.0126 0.00936667 0.00939562 -0.013 0.00762445 0.00970622 -0.0126 0.0078765 0.01052242 -0.013 0.005974 0.01087027 -0.0126 0.00617148 0.0113622 -0.013 0.00416058 0.01173781 -0.0126 0.00429812 0.01189204 -0.013 0.00223368 0.01228517 -0.0126 0.00230752 0.0120975 -0.013 0.00024585 0.01249742 -0.0126 0.00025398 0.01197297 -0.013 -0.00174868 0.01236877 -0.0126 -0.00180649 0.01152185 -0.013 -0.00369552 0.01190274 -0.0126 -0.00381769 0.01075645 -0.013 -0.00554155 0.01111203 -0.0126 -0.00572474 0.00969764 -0.013 -0.00723643 0.01001822 -0.0126 -0.00747565 0.0083743 -0.013 -0.00873391 0.00865113 -0.0126 -0.00902263 0.00682253 -0.013 -0.00999315 0.00704806 -0.0126 -0.01032351 0.00508466 -0.013 -0.01097981 0.00525275 -0.0126 -0.01134278 0.00320809 -0.013 -0.01166697 0.00331414 -0.0126 -0.01205265 0.00124402 -0.013 -0.01203588 0.00128514 -0.0126 -0.01243376 -0.00075399 -0.013 -0.01207649 -0.00077892 -0.0126 -0.01247571 -0.00273143 -0.013 -0.01178767 -0.00282173 -0.0126 -0.01217735 -0.00463436 -0.013 -0.01117733 -0.00478757 -0.0126 -0.01154683 -0.00641089 -0.013 -0.01026209 -0.00662282 -0.0126 -0.01060134 -0.00801254 -0.013 -0.00906693 -0.00827741 -0.0126 -0.00936667 -0.00939562 -0.013 -0.00762445 -0.00970622 -0.0126 -0.0078765 -0.01052242 -0.013 -0.005974 -0.01087027 -0.0126 -0.00617148 -0.0113622 -0.013 -0.00416058 -0.01173781 -0.0126 -0.00429812 -0.01189204 -0.013 -0.00223368 -0.01228517 -0.0126 -0.00230752 -0.0120975 -0.013 -0.00024585 -0.01249742 -0.0126 -0.00025398 -0.01197297 -0.013 0.00174868 -0.01236877 -0.0126 0.00180649 -0.01152185 -0.013 0.00369552 -0.01190274 -0.0126 0.00381769 -0.01075645 -0.013 0.00554155 -0.01111203 -0.0126 0.00572474 -0.00969764 -0.013 0.00723643 -0.01001822 -0.0126 0.00747565 -0.0083743 -0.013 0.00873391 -0.00865113 -0.0126 0.00902263 -0.00682253 -0.013 0.00999315 -0.00704806 -0.0126 0.01032351 -0.00508466 -0.013 0.01097981 -0.00525275 -0.01 0.01134278 -0.00331414 -0.01 0.01205265 -0.00128514 -0.01 0.01243376 0.00077892 -0.01 0.01247571 0.00282173 -0.01 0.01217735 0.00478757 -0.01 0.01154683 0.00662282 -0.01 0.01060134 0.00827741 -0.01 0.00936667 0.00970622 -0.01 0.0078765 0.01087027 -0.01 0.00617148 0.01173781 -0.01 0.00429812 0.01228517 -0.01 0.00230752 0.01249742 -0.01 0.00025398 0.01236877 -0.01 -0.00180649 0.01190274 -0.01 -0.00381769 0.01111203 -0.01 -0.00572474 0.01001822 -0.01 -0.00747565 0.00865113 -0.01 -0.00902263 0.00704806 -0.01 -0.01032351 0.00525275 -0.01 -0.01134278 0.00331414 -0.01 -0.01205265 0.00128514 -0.01 -0.01243376 -0.00077892 -0.01 -0.01247571 -0.00282173 -0.01 -0.01217735 -0.00478757 -0.01 -0.01154683 -0.00662282 -0.01 -0.01060134 -0.00827741 -0.01 -0.00936667 -0.00970622 -0.01 -0.0078765 -0.01087027 -0.01 -0.00617148 -0.01173781 -0.01 -0.00429812 -0.01228517 -0.01 -0.00230752 -0.01249742 -0.01 -0.00025398 -0.01236877 -0.01 0.00180649 -0.01190274 -0.01 0.00381769 -0.01111203 -0.01 0.00572474 -0.01001822 -0.01 0.00747565 -0.00865113 -0.01 0.00902263 -0.00704806 -0.01 0.01032351 -0.0069765 -0.01 -0.00629988 -0.00607456 -0.01 -0.00717354 -0.00506422 -0.01 -0.0079192 -0.00396351 -0.01 -0.00852353 -0.00696656 -0.01 0.00631087 -0.00774555 -0.01 0.00532601 -0.00838633 -0.01 0.00424611 -0.00887746 -0.01 0.00309043 -0.00921016 -0.01 0.00187961 -0.00937851 -0.01 0.00063524 -0.0093795 -0.01 -0.00062046 -0.00921311 -0.01 -0.00186509 -0.00888232 -0.01 -0.00307643 -0.00839302 -0.01 -0.00423288 -0.00775394 -0.01 -0.00531379 -0.00279207 -0.01 -0.00897577 -0.0015708 -0.01 -0.00926782 -0.00032151 -0.01 -0.0093945 0.00093353 -0.01 -0.00935353 0.0021719 -0.01 -0.00914565 0.00337152 -0.01 -0.00877456 0.00451097 -0.01 -0.00824689 0.00556992 -0.01 -0.00757205 0.00652948 -0.01 -0.00676209 0.00737252 -0.01 -0.00583146 0.008084 -0.01 -0.00479677 0.00865121 -0.01 -0.00367648 0.00906405 -0.01 -0.00249058 0.00931514 -0.01 -0.00126024 0.0094 -0.01 -7.41E-06 0.00931711 -0.01 0.00124555 0.00906796 -0.01 0.00247629 0.008657 -0.01 0.00366284 0.00809155 -0.01 0.00478402 0.0073817 -0.01 0.00581983 0.00654013 -0.01 0.00675179 -0.00155619 -0.01 0.00927029 -0.00277791 -0.01 0.00898016 -0.00395006 -0.01 0.00852977 -0.00505173 -0.01 0.00792717 -0.00606324 -0.01 0.00718311 0.00558185 -0.01 0.00756326 0.00452397 -0.01 0.00823977 0.00338535 -0.01 0.00876923 0.00218632 -0.01 0.00914221 0.00094827 -0.01 0.00935205 -0.0003067 -0.01 0.009395 -0.00486556 -0.0098 0.00763504 -0.00530257 -0.0096 0.00727205 -0.0058398 -0.0098 0.0069184 -0.00580523 -0.0096 0.00687745 -0.00670982 -0.0098 0.0060783 -0.00661939 -0.0096 0.00609784 -0.00667011 -0.0096 0.00604232 -0.00746011 -0.0098 0.00512973 -0.00741596 -0.0096 0.00509937 -0.00768183 -0.0096 0.00468929 -0.00807728 -0.0098 0.00408963 -0.00802947 -0.0096 0.00406542 -0.0085503 -0.0098 0.00297654 -0.00844906 -0.0096 0.00310054 -0.00849969 -0.0096 0.00295892 -0.00887075 -0.0098 0.00181034 -0.00881824 -0.0096 0.00179963 -0.0088916 -0.0096 0.00139263 -0.00903289 -0.0098 0.00061183 -0.00897942 -0.0096 0.00060821 -0.00903385 -0.0098 -0.00059759 -0.00899244 -0.0096 -0.00036879 -0.00898037 -0.0096 -0.00059405 -0.00887359 -0.0098 -0.00179635 -0.00882107 -0.0096 -0.00178572 -0.00874771 -0.0096 -0.00211604 -0.00855498 -0.0098 -0.00296306 -0.00850435 -0.0096 -0.00294552 -0.00808372 -0.0098 -0.00407689 -0.0081668 -0.0096 -0.00378198 -0.00803587 -0.0096 -0.00405276 -0.00746819 -0.0098 -0.00511797 -0.00742399 -0.0096 -0.00508767 -0.00727205 -0.0096 -0.00530257 -0.0067194 -0.0098 -0.00606772 -0.00667963 -0.0096 -0.0060318 -0.0058507 -0.0098 -0.00690918 -0.00609784 -0.0096 -0.00661939 -0.00581607 -0.0096 -0.00686829 -0.00487759 -0.0098 -0.00762736 -0.00484872 -0.0096 -0.00758221 -0.00468929 -0.0096 -0.00768183 -0.00381744 -0.0098 -0.00820942 -0.00379485 -0.0096 -0.00816083 -0.00268917 -0.0098 -0.00864499 -0.00310054 -0.0096 -0.00844906 -0.00267326 -0.0096 -0.00859382 -0.00151291 -0.0098 -0.00892629 -0.00150396 -0.0096 -0.00887345 -0.00139263 -0.0096 -0.0088916 -0.00030966 -0.0098 -0.00904829 -0.00030783 -0.0096 -0.00899473 0.00089912 -0.0098 -0.00900883 0.00036879 -0.0096 -0.00899244 0.0008938 -0.0096 -0.00895551 0.00209186 -0.0098 -0.00880861 0.00207948 -0.0096 -0.00875647 0.00211604 -0.0096 -0.00874771 0.00324727 -0.0098 -0.0084512 0.00322805 -0.0096 -0.00840117 0.00378198 -0.0096 -0.0081668 0.00434473 -0.0098 -0.00794297 0.00431901 -0.0096 -0.00789596 0.00536466 -0.0098 -0.007293 0.00530257 -0.0096 -0.00727205 0.0053329 -0.0096 -0.00724984 0.00628886 -0.0098 -0.00651289 0.00625163 -0.0096 -0.00647434 0.00661939 -0.0096 -0.00609784 0.00710083 -0.0098 -0.00561656 0.0070588 -0.0096 -0.00558331 0.00778608 -0.0098 -0.00462 0.00768183 -0.0096 -0.00468929 0.00774 -0.0096 -0.00459265 0.0083324 -0.0098 -0.00354099 0.00828308 -0.0096 -0.00352003 0.00844906 -0.0096 -0.00310054 0.00873002 -0.0098 -0.0023988 0.00867835 -0.0096 -0.0023846 0.00897186 -0.0098 -0.0012138 0.0088916 -0.0096 -0.00139263 0.00891875 -0.0096 -0.00120661 0.00905359 -0.0098 -7.14E-06 0.009 -0.0096 -7.09E-06 0.00899244 -0.0096 0.00036879 0.00897376 -0.0098 0.00119965 0.00892064 -0.0096 0.00119255 0.00873379 -0.0098 0.00238503 0.00874771 -0.0096 0.00211604 0.00868209 -0.0096 0.00237092 0.00833797 -0.0098 0.00352785 0.00828862 -0.0096 0.00350697 0.0081668 -0.0096 0.00378198 0.00779336 -0.0098 0.00460772 0.00774723 -0.0096 0.00458044 0.00710967 -0.0098 0.00560536 0.00727205 -0.0096 0.00530257 0.00706759 -0.0096 0.00557218 0.00629911 -0.0098 0.00650297 0.00626183 -0.0096 0.00646448 0.00609784 -0.0096 0.00661939 0.00537615 -0.0098 0.00728454 0.00534433 -0.0096 0.00724142 0.00435725 -0.0098 0.00793611 0.00468929 -0.0096 0.00768183 0.00433146 -0.0096 0.00788914 0.00326059 -0.0098 0.00844607 0.00324129 -0.0096 0.00839607 0.00310054 -0.0096 0.00844906 0.00210575 -0.0098 0.0088053 0.00209328 -0.0096 0.00875318 0.00091333 -0.0098 0.0090074 0.00139263 -0.0096 0.0088916 0.00090792 -0.0096 0.00895409 -0.00029539 -0.0098 0.00904877 -0.00029364 -0.0096 0.00899521 -0.00036879 -0.0096 0.00899244 -0.00149884 -0.0098 0.00892866 -0.00148997 -0.0096 0.00887581 -0.00267554 -0.0098 0.00864922 -0.00211604 -0.0096 0.00874771 -0.0026597 -0.0096 0.00859802 -0.0038045 -0.0098 0.00821543 -0.00378198 -0.0096 0.0081668 -0.00483676 -0.0096 0.00758985 -0.00271881 -0.00994641 0.00878909 -0.00152308 -0.00994641 0.00907305 -0.00030017 -0.00994641 0.0091951 0.0009281 -0.00994641 0.00915307 0.0021398 -0.00994641 0.0089477 0.00331332 -0.00994641 0.00858265 0.00442771 -0.00994641 0.00806445 0.00546309 -0.00994641 0.00740234 0.00640098 -0.00994641 0.00660813 0.00722465 -0.00994641 0.00569601 0.00791939 -0.00994641 0.00468223 0.00847281 -0.00994641 0.0035849 0.00887503 -0.00994641 0.0024236 0.00911888 -0.00994641 0.00121905 0.0092 -0.00994641 -7.25E-06 0.00911694 -0.00994641 -0.00123343 0.0088712 -0.00994641 -0.00243759 0.00846715 -0.00994641 -0.00359826 0.007912 -0.00994641 -0.00469471 0.00721566 -0.00994641 -0.00570739 0.00639056 -0.00994641 -0.00661822 0.00545141 -0.00994641 -0.00741094 0.00441499 -0.00994641 -0.00807142 0.00329978 -0.00994641 -0.00858787 0.00212569 -0.00994641 -0.00895106 0.00091366 -0.00994641 -0.00915452 -0.00031467 -0.00994641 -0.00919462 -0.00153738 -0.00994641 -0.00907064 -0.00273266 -0.00994641 -0.00878479 -0.00387918 -0.00994641 -0.00834218 -0.00495647 -0.00994641 -0.0077507 -0.00594531 -0.00994641 -0.00702092 -0.00682806 -0.00994641 -0.00616584 -0.00758896 -0.00994641 -0.00520073 -0.00821444 -0.00994641 -0.00414282 -0.00869333 -0.00994641 -0.00301098 -0.00901709 -0.00994641 -0.0018254 -0.00917994 -0.00994641 -0.00060726 -0.00917897 -0.00994641 0.00062173 -0.0090142 -0.00994641 0.00183962 -0.00868857 -0.00994641 0.00302468 -0.0082079 -0.00994641 0.00415576 -0.00758076 -0.00994641 0.00521269 -0.00681833 -0.00994641 0.0061766 -0.00593424 -0.00994641 0.00703028 -0.00494424 -0.00994641 0.00775851 -0.00386602 -0.00994641 0.00834829 -0.00378198 -0.0045 0.0081668 -0.00530257 -0.0045 0.00727205 -0.00661939 -0.0045 0.00609784 -0.00768183 -0.0045 0.00468929 -0.00844906 -0.0045 0.00310054 -0.0088916 -0.0045 0.00139263 -0.00899244 -0.0045 -0.00036879 -0.00874771 -0.0045 -0.00211604 -0.0081668 -0.0045 -0.00378198 -0.00727205 -0.0045 -0.00530257 -0.00609784 -0.0045 -0.00661939 -0.00468929 -0.0045 -0.00768183 -0.00310054 -0.0045 -0.00844906 -0.00139263 -0.0045 -0.0088916 0.00036879 -0.0045 -0.00899244 0.00211604 -0.0045 -0.00874771 0.00378198 -0.0045 -0.0081668 0.00530257 -0.0045 -0.00727205 0.00661939 -0.0045 -0.00609784 0.00768183 -0.0045 -0.00468929 0.00844906 -0.0045 -0.00310054 0.0088916 -0.0045 -0.00139263 0.00899244 -0.0045 0.00036879 0.00874771 -0.0045 0.00211604 0.0081668 -0.0045 0.00378198 0.00727205 -0.0045 0.00530257 0.00609784 -0.0045 0.00661939 0.00468929 -0.0045 0.00768183 0.00310054 -0.0045 0.00844906 0.00139263 -0.0045 0.0088916 -0.00036879 -0.0045 0.00899244 -0.00211604 -0.0045 0.00874771 0.00506577 -0.003 -0.0069473 0.00632378 -0.003 -0.00582552 0.00733877 -0.003 -0.00447988 0.00807174 -0.003 -0.00296208 0.00849452 -0.003 -0.00133044 0.00859085 -0.003 0.00035232 0.00835705 -0.003 0.00202154 0.00780209 -0.003 0.00361308 0.0069473 -0.003 0.00506577 0.00582552 -0.003 0.00632378 0.00447988 -0.003 0.00733877 0.00296208 -0.003 0.00807174 0.00133044 -0.003 0.00849452 -0.00035232 -0.003 0.00859085 -0.00202154 -0.003 0.00835705 -0.00361308 -0.003 0.00780209 -0.00506577 -0.003 0.0069473 -0.00632378 -0.003 0.00582552 -0.00733877 -0.003 0.00447988 -0.00807174 -0.003 0.00296208 -0.00849452 -0.003 0.00133044 -0.00859085 -0.003 -0.00035232 -0.00835705 -0.003 -0.00202154 -0.00780209 -0.003 -0.00361308 -0.0069473 -0.003 -0.00506577 -0.00582552 -0.003 -0.00632378 -0.00447988 -0.003 -0.00733877 -0.00296208 -0.003 -0.00807174 -0.00133044 -0.003 -0.00849452 0.00035232 -0.003 -0.00859085 0.00202154 -0.003 -0.00835705 0.00361308 -0.003 -0.00780209 -0.00550466 -0.003 0.00432421 -0.00611334 -0.003 0.00340985 -0.00657149 -0.003 0.00241153 -0.00686783 -0.003 0.00135383 0.00083471 -0.003 -0.00695006 0.00191166 -0.003 -0.00673391 0.00294154 -0.003 -0.00635196 0.00389899 -0.003 -0.0058136 -0.00083471 -0.003 0.00695006 -0.00191166 -0.003 0.00673391 -0.00294154 -0.003 0.00635196 -0.00389899 -0.003 0.0058136 -0.00476043 -0.003 0.00513209 -0.00432421 -0.003 -0.00550466 -0.00340985 -0.003 -0.00611334 -0.00241153 -0.003 -0.00657149 -0.00135383 -0.003 -0.00686783 -0.0002628 -0.003 -0.00699507 0.00476043 -0.003 -0.00513209 0.00550466 -0.003 -0.00432421 0.00611334 -0.003 -0.00340985 0.00657149 -0.003 -0.00241153 0.00686783 -0.003 -0.00135383 -0.00699507 -0.003 0.0002628 -0.00695006 -0.003 -0.00083471 -0.00673391 -0.003 -0.00191166 -0.00635196 -0.003 -0.00294154 -0.0058136 -0.003 -0.00389899 -0.00513209 -0.003 -0.00476043 0.00699507 -0.003 -0.0002628 0.00695006 -0.003 0.00083471 0.00673391 -0.003 0.00191166 0.00635196 -0.003 0.00294154 0.0058136 -0.003 0.00389899 0.00513209 -0.003 0.00476043 0.00432421 -0.003 0.00550466 0.00340985 -0.003 0.00611334 0.00241153 -0.003 0.00657149 0.00135383 -0.003 0.00686783 0.0002628 -0.003 0.00699507 -0.00587281 -0.004 0.00122884 -0.0059614 -0.00361732 0.00117515 -0.00563271 -0.004 0.00206703 -0.00570417 -0.00361732 0.00209325 -0.00543112 -0.004 0.00255008 -0.00530648 -0.00361732 0.00295981 -0.00524001 -0.004 0.00292273 -0.00477814 -0.00361732 0.00375348 -0.00471828 -0.004 0.00370646 -0.00588671 -0.004 0.00116043 -0.00599577 -0.004 0.00022526 -0.00607184 -0.00361732 0.00022811 -0.0059979 -0.004 -0.00015864 -0.00603277 -0.00361732 -0.00072454 -0.00595719 -0.004 -0.00071546 -0.00584515 -0.00361732 -0.00165935 -0.00579964 -0.004 -0.00153758 -0.00577192 -0.004 -0.00163856 -0.00544453 -0.004 -0.00252132 -0.00551361 -0.00361732 -0.0025533 -0.00528872 -0.004 -0.00283362 -0.0050463 -0.00361732 -0.00338439 -0.00498308 -0.004 -0.00334199 -0.00445474 -0.00361732 -0.00413214 -0.00449269 -0.004 -0.00397691 -0.00439893 -0.004 -0.00408037 -0.00370646 -0.004 -0.00471828 -0.00375348 -0.00361732 -0.00477814 -0.00345445 -0.004 -0.00490579 -0.00295981 -0.00361732 -0.00530648 -0.00292273 -0.004 -0.00524001 -0.00209325 -0.00361732 -0.00570417 -0.00222998 -0.004 -0.00557021 -0.00206703 -0.004 -0.00563271 -0.00116043 -0.004 -0.00588671 -0.00117515 -0.00361732 -0.0059614 -0.00088529 -0.004 -0.00593433 -0.00022811 -0.00361732 -0.00607184 -0.00022526 -0.004 -0.00599577 0.00072454 -0.00361732 -0.00603277 0.00050712 -0.004 -0.00597853 0.00071546 -0.004 -0.00595719 0.00163856 -0.004 -0.00577192 0.00165935 -0.00361732 -0.00584515 0.0018722 -0.004 -0.00570043 0.0025533 -0.00361732 -0.00551361 0.00252132 -0.004 -0.00544453 0.00338439 -0.00361732 -0.0050463 0.00313634 -0.004 -0.00511501 0.00334199 -0.004 -0.00498308 0.00408037 -0.004 -0.00439893 0.00413214 -0.00361732 -0.00445474 0.0042314 -0.004 -0.00425385 0.00477814 -0.00361732 -0.00375348 0.00471828 -0.004 -0.00370646 0.00530648 -0.00361732 -0.00295981 0.00509835 -0.004 -0.00316336 0.00524001 -0.004 -0.00292273 0.00563271 -0.004 -0.00206703 0.00570417 -0.00361732 -0.00209325 0.00569044 -0.004 -0.00190233 0.0059614 -0.00361732 -0.00117515 0.00588671 -0.004 -0.00116043 0.00607184 -0.00361732 -0.00022811 0.00597576 -0.004 -0.00053874 0.00599577 -0.004 -0.00022526 0.00595719 -0.004 0.00071546 0.00603277 -0.00361732 0.00072454 0.00593893 -0.004 0.00085389 0.00584515 -0.00361732 0.00165935 0.00577192 -0.004 0.00163856 0.00551361 -0.00361732 0.0025533 0.00558193 -0.004 0.00220048 0.00544453 -0.004 0.00252132 0.00498308 -0.004 0.00334199 0.0050463 -0.00361732 0.00338439 0.004924 -0.004 0.00342845 0.00445474 -0.00361732 0.00413214 0.00439893 -0.004 0.00408037 0.00375348 -0.00361732 0.00477814 0.00400062 -0.004 0.00447158 0.00370646 -0.004 0.00471828 0.00292273 -0.004 0.00524001 0.00295981 -0.00361732 0.00530648 0.00286156 -0.004 0.00527366 0.00209325 -0.00361732 0.00570417 0.00206703 -0.004 0.00563271 0.00117515 -0.00361732 0.0059614 0.00156824 -0.004 0.00579143 0.00116043 -0.004 0.00588671 0.00022526 -0.004 0.00599577 0.00022811 -0.00361732 0.00607184 0.00019037 -0.004 0.00599698 -0.00072454 -0.00361732 0.00603277 -0.00071546 -0.004 0.00595719 -0.00165935 -0.00361732 0.00584515 -0.00119776 -0.004 0.00587923 -0.00163856 -0.004 0.00577192 -0.00252132 -0.004 0.00544453 -0.0025533 -0.00361732 0.00551361 -0.00334199 -0.004 0.00498308 -0.00338439 -0.00361732 0.0050463 -0.00370895 -0.004 0.00471632 -0.00413214 -0.00361732 0.00445474 -0.00408037 -0.004 0.00439893 -0.00469663 -0.004 0.00373385 -0.00171855 -0.00329289 0.00605368 -0.00075039 -0.00329289 0.00624799 0.00023625 -0.00329289 0.00628846 0.00121708 -0.00329289 0.00617408 0.00216793 -0.00329289 0.00590767 0.0030654 -0.00329289 0.0054958 0.00388739 -0.00329289 0.0049486 0.00461367 -0.00329289 0.00427955 0.00522633 -0.00329289 0.00350513 0.00571031 -0.00329289 0.0026444 0.00605368 -0.00329289 0.00171855 0.00624799 -0.00329289 0.00075039 0.00628846 -0.00329289 -0.00023625 0.00617408 -0.00329289 -0.00121708 0.00590767 -0.00329289 -0.00216793 0.0054958 -0.00329289 -0.0030654 0.0049486 -0.00329289 -0.00388739 0.00427955 -0.00329289 -0.00461367 0.00350513 -0.00329289 -0.00522633 0.0026444 -0.00329289 -0.00571031 0.00171855 -0.00329289 -0.00605368 0.00075039 -0.00329289 -0.00624799 -0.00023625 -0.00329289 -0.00628846 -0.00121708 -0.00329289 -0.00617408 -0.00216793 -0.00329289 -0.00590767 -0.0030654 -0.00329289 -0.0054958 -0.00388739 -0.00329289 -0.0049486 -0.00461367 -0.00329289 -0.00427955 -0.00522633 -0.00329289 -0.00350513 -0.00571031 -0.00329289 -0.0026444 -0.00605368 -0.00329289 -0.00171855 -0.00624799 -0.00329289 -0.00075039 -0.00628846 -0.00329289 0.00023625 -0.00617408 -0.00329289 0.00121708 -0.00590767 -0.00329289 0.00216793 -0.0054958 -0.00329289 0.0030654 -0.0049486 -0.00329289 0.00388739 -0.00427955 -0.00329289 0.00461367 -0.00350513 -0.00329289 0.00522633 -0.0026444 -0.00329289 0.00571031 -0.00180715 -0.00307612 0.00636578 -0.00078907 -0.00307612 0.0065701 0.00024843 -0.00307612 0.00661265 0.00127982 -0.00307612 0.00649238 0.00227969 -0.00307612 0.00621224 0.00322344 -0.00307612 0.00577913 0.00408781 -0.00307612 0.00520372 0.00485152 -0.00307612 0.00450018 0.00549577 -0.00307612 0.00368583 0.0060047 -0.00307612 0.00278073 0.00636578 -0.00307612 0.00180715 0.0065701 -0.00307612 0.00078907 0.00661265 -0.00307612 -0.00024843 0.00649238 -0.00307612 -0.00127982 0.00621224 -0.00307612 -0.00227969 0.00577913 -0.00307612 -0.00322344 0.00520372 -0.00307612 -0.00408781 0.00450018 -0.00307612 -0.00485152 0.00368583 -0.00307612 -0.00549577 0.00278073 -0.00307612 -0.0060047 0.00180715 -0.00307612 -0.00636578 0.00078907 -0.00307612 -0.0065701 -0.00024843 -0.00307612 -0.00661265 -0.00127982 -0.00307612 -0.00649238 -0.00227969 -0.00307612 -0.00621224 -0.00322344 -0.00307612 -0.00577913 -0.00408781 -0.00307612 -0.00520372 -0.00485152 -0.00307612 -0.00450018 -0.00549577 -0.00307612 -0.00368583 -0.0060047 -0.00307612 -0.00278073 -0.00636578 -0.00307612 -0.00180715 -0.0065701 -0.00307612 -0.00078907 -0.00661265 -0.00307612 0.00024843 -0.00649238 -0.00307612 0.00127982 -0.00621224 -0.00307612 0.00227969 -0.00577913 -0.00307612 0.00322344 -0.00520372 -0.00307612 0.00408781 -0.00450018 -0.00307612 0.00485152 -0.00368583 -0.00307612 0.00549577 -0.00278073 -0.00307612 0.0060047 -0.00334199 -0.012 0.00498308 -0.00370895 -0.012 0.00471632 -0.00408037 -0.012 0.00439893 -0.00469663 -0.012 0.00373385 -0.00471828 -0.012 0.00370646 -0.00524001 -0.012 0.00292273 -0.00543112 -0.012 0.00255008 -0.00563271 -0.012 0.00206703 -0.00587281 -0.012 0.00122884 -0.00588671 -0.012 0.00116043 -0.00599577 -0.012 0.00022526 -0.0059979 -0.012 -0.00015864 -0.00595719 -0.012 -0.00071546 -0.00579964 -0.012 -0.00153758 -0.00577192 -0.012 -0.00163856 -0.00544453 -0.012 -0.00252132 -0.00528872 -0.012 -0.00283362 -0.00498308 -0.012 -0.00334199 -0.00449269 -0.012 -0.00397691 -0.00439893 -0.012 -0.00408037 -0.00370646 -0.012 -0.00471828 -0.00345445 -0.012 -0.00490579 -0.00292273 -0.012 -0.00524001 -0.00222998 -0.012 -0.00557021 -0.00206703 -0.012 -0.00563271 -0.00116043 -0.012 -0.00588671 -0.00088529 -0.012 -0.00593433 -0.00022526 -0.012 -0.00599577 0.00050712 -0.012 -0.00597853 0.00071546 -0.012 -0.00595719 0.00163856 -0.012 -0.00577192 0.0018722 -0.012 -0.00570043 0.00252132 -0.012 -0.00544453 0.00313634 -0.012 -0.00511501 0.00334199 -0.012 -0.00498308 0.00408037 -0.012 -0.00439893 0.0042314 -0.012 -0.00425385 0.00471828 -0.012 -0.00370646 0.00509835 -0.012 -0.00316336 0.00524001 -0.012 -0.00292273 0.00563271 -0.012 -0.00206703 0.00569044 -0.012 -0.00190233 0.00588671 -0.012 -0.00116043 0.00597576 -0.012 -0.00053874 0.00599577 -0.012 -0.00022526 0.00595719 -0.012 0.00071546 0.00593893 -0.012 0.00085389 0.00577192 -0.012 0.00163856 0.00558193 -0.012 0.00220048 0.00544453 -0.012 0.00252132 0.00498308 -0.012 0.00334199 0.004924 -0.012 0.00342845 0.00439893 -0.012 0.00408037 0.00400062 -0.012 0.00447158 0.00370646 -0.012 0.00471828 0.00292273 -0.012 0.00524001 0.00286156 -0.012 0.00527366 0.00206703 -0.012 0.00563271 0.00156824 -0.012 0.00579143 0.00116043 -0.012 0.00588671 0.00022526 -0.012 0.00599577 0.00019037 -0.012 0.00599698 -0.00071546 -0.012 0.00595719 -0.00119776 -0.012 0.00587923 -0.00163856 -0.012 0.00577192 -0.00252132 -0.012 0.00544453 0.00209325 -0.01238268 0.00570417 0.00445474 -0.01238268 0.00413214 0.00584515 -0.01238268 0.00165935 0.0059614 -0.01238268 -0.00117515 0.00477814 -0.01238268 -0.00375348 0.0025533 -0.01238268 -0.00551361 -0.00022811 -0.01238268 -0.00607184 -0.00295981 -0.01238268 -0.00530648 -0.0050463 -0.01238268 -0.00338439 -0.00603277 -0.01238268 -0.00072454 -0.00570417 -0.01238268 0.00209325 -0.00476043 -0.013 0.00513209 -0.00450018 -0.01292388 0.00485152 -0.00368583 -0.01292388 0.00549577 -0.00389899 -0.013 0.0058136 -0.00278073 -0.01292388 0.0060047 -0.00294154 -0.013 0.00635196 -0.00180715 -0.01292388 0.00636578 -0.00191166 -0.013 0.00673391 -0.00078907 -0.01292388 0.0065701 -0.00083471 -0.013 0.00695006 0.00024843 -0.01292388 0.00661265 0.0002628 -0.013 0.00699507 -0.00427955 -0.01270711 0.00461367 -0.00350513 -0.01270711 0.00522633 -0.0026444 -0.01270711 0.00571031 -0.00171855 -0.01270711 0.00605368 -0.00075039 -0.01270711 0.00624799 0.00023625 -0.01270711 0.00628846 -0.00413214 -0.01238268 0.00445474 -0.00338439 -0.01238268 0.0050463 -0.00611334 -0.013 0.00340985 -0.00657149 -0.013 0.00241153 -0.00577913 -0.01292388 0.00322344 -0.00621224 -0.01292388 0.00227969 -0.0054958 -0.01270711 0.0030654 -0.00590767 -0.01270711 0.00216793 -0.00530648 -0.01238268 0.00295981 -0.00699507 -0.013 0.0002628 -0.00695006 -0.013 -0.00083471 -0.00661265 -0.01292388 0.00024843 -0.0065701 -0.01292388 -0.00078907 -0.00628846 -0.01270711 0.00023625 -0.00624799 -0.01270711 -0.00075039 -0.00607184 -0.01238268 0.00022811 -0.00635196 -0.013 -0.00294154 -0.0058136 -0.013 -0.00389899 -0.0060047 -0.01292388 -0.00278073 -0.00549577 -0.01292388 -0.00368583 -0.00571031 -0.01270711 -0.0026444 -0.00522633 -0.01270711 -0.00350513 -0.00551361 -0.01238268 -0.0025533 -0.00432421 -0.013 -0.00550466 -0.00340985 -0.013 -0.00611334 -0.00408781 -0.01292388 -0.00520372 -0.00322344 -0.01292388 -0.00577913 -0.00388739 -0.01270711 -0.0049486 -0.0030654 -0.01270711 -0.0054958 -0.00375348 -0.01238268 -0.00477814 -0.00135383 -0.013 -0.00686783 -0.0002628 -0.013 -0.00699507 -0.00127982 -0.01292388 -0.00649238 -0.00024843 -0.01292388 -0.00661265 -0.00121708 -0.01270711 -0.00617408 -0.00023625 -0.01270711 -0.00628846 -0.00117515 -0.01238268 -0.0059614 0.00191166 -0.013 -0.00673391 0.00294154 -0.013 -0.00635196 0.00180715 -0.01292388 -0.00636578 0.00278073 -0.01292388 -0.0060047 0.00171855 -0.01270711 -0.00605368 0.0026444 -0.01270711 -0.00571031 0.00165935 -0.01238268 -0.00584515 0.00476043 -0.013 -0.00513209 0.00550466 -0.013 -0.00432421 0.00450018 -0.01292388 -0.00485152 0.00520372 -0.01292388 -0.00408781 0.00427955 -0.01270711 -0.00461367 0.0049486 -0.01270711 -0.00388739 0.00413214 -0.01238268 -0.00445474 0.00657149 -0.013 -0.00241153 0.00686783 -0.013 -0.00135383 0.00621224 -0.01292388 -0.00227969 0.00649238 -0.01292388 -0.00127982 0.00590767 -0.01270711 -0.00216793 0.00617408 -0.01270711 -0.00121708 0.00570417 -0.01238268 -0.00209325 0.00695006 -0.013 0.00083471 0.00673391 -0.013 0.00191166 0.0065701 -0.01292388 0.00078907 0.00636578 -0.01292388 0.00180715 0.00624799 -0.01270711 0.00075039 0.00605368 -0.01270711 0.00171855 0.00603277 -0.01238268 0.00072454 0.0058136 -0.013 0.00389899 0.00513209 -0.013 0.00476043 0.00549577 -0.01292388 0.00368583 0.00485152 -0.01292388 0.00450018 0.00522633 -0.01270711 0.00350513 0.00461367 -0.01270711 0.00427955 0.0050463 -0.01238268 0.00338439 0.00340985 -0.013 0.00611334 0.00241153 -0.013 0.00657149 0.00322344 -0.01292388 0.00577913 0.00227969 -0.01292388 0.00621224 0.0030654 -0.01270711 0.0054958 0.00216793 -0.01270711 0.00590767 0.00295981 -0.01238268 0.00530648 -0.0025533 -0.01238268 0.00551361 -0.00165935 -0.01238268 0.00584515 -0.00072454 -0.01238268 0.00603277 0.00022811 -0.01238268 0.00607184 -0.00477814 -0.01238268 0.00375348 -0.0049486 -0.01270711 0.00388739 -0.00520372 -0.01292388 0.00408781 -0.00550466 -0.013 0.00432421 -0.0059614 -0.01238268 0.00117515 -0.00617408 -0.01270711 0.00121708 -0.00649238 -0.01292388 0.00127982 -0.00686783 -0.013 0.00135383 -0.00584515 -0.01238268 -0.00165935 -0.00605368 -0.01270711 -0.00171855 -0.00636578 -0.01292388 -0.00180715 -0.00673391 -0.013 -0.00191166 -0.00445474 -0.01238268 -0.00413214 -0.00461367 -0.01270711 -0.00427955 -0.00485152 -0.01292388 -0.00450018 -0.00513209 -0.013 -0.00476043 -0.00209325 -0.01238268 -0.00570417 -0.00216793 -0.01270711 -0.00590767 -0.00227969 -0.01292388 -0.00621224 -0.00241153 -0.013 -0.00657149 0.00072454 -0.01238268 -0.00603277 0.00075039 -0.01270711 -0.00624799 0.00078907 -0.01292388 -0.0065701 0.00083471 -0.013 -0.00695006 0.00338439 -0.01238268 -0.0050463 0.00350513 -0.01270711 -0.00522633 0.00368583 -0.01292388 -0.00549577 0.00389899 -0.013 -0.0058136 0.00530648 -0.01238268 -0.00295981 0.0054958 -0.01270711 -0.0030654 0.00577913 -0.01292388 -0.00322344 0.00611334 -0.013 -0.00340985 0.00607184 -0.01238268 -0.00022811 0.00628846 -0.01270711 -0.00023625 0.00661265 -0.01292388 -0.00024843 0.00699507 -0.013 -0.0002628 0.00551361 -0.01238268 0.0025533 0.00571031 -0.01270711 0.0026444 0.0060047 -0.01292388 0.00278073 0.00635196 -0.013 0.00294154 0.00375348 -0.01238268 0.00477814 0.00388739 -0.01270711 0.0049486 0.00408781 -0.01292388 0.00520372 0.00432421 -0.013 0.00550466 0.00117515 -0.01238268 0.0059614 0.00121708 -0.01270711 0.00617408 0.00127982 -0.01292388 0.00649238 0.00135383 -0.013 0.00686783 0.00271902 -0.02011843 -0.34558439 -0.0097104 -0.0163 -0.33225548 0.00365677 -0.01975 -0.34659001 0.01702394 -0.0163 -0.36092454 0.00203254 -0.023875 -0.34484825 -0.01680319 -0.0275 -0.32464939 0.00178127 -0.0225 -0.34457877 -0.01773965 -0.02715394 -0.32364511 -0.01805837 -0.0268681 -0.32330334 0.00271902 -0.02488157 -0.34558439 0.00365677 -0.02525 -0.34659001 0.02411672 -0.0275 -0.3685306 0.00459452 -0.02488157 -0.34759563 0.02549987 -0.02672665 -0.37001386 0.02458502 -0.02741517 -0.3690328 0.02645654 -0.02504935 -0.37103978 0.02719994 -0.02234643 -0.37183696 0.005281 0.023875 -0.34833178 0.00459452 0.02488157 -0.34759563 0.02411672 0.0275 -0.3685306 0.00365677 0.02525 -0.34659001 -0.01680319 0.0275 -0.32464939 -0.01996588 -0.02186519 -0.32125792 -0.0110744 -0.0157641 -0.33079275 0.005281 -0.023875 -0.34833178 0.00553226 -0.0225 -0.34860122 0.005281 -0.021125 -0.34833178 0.00459452 -0.02011843 -0.34759563 -0.01997378 0.02181286 -0.3212494 -0.01931509 0.02458669 -0.32195574 0.00178127 0.0225 -0.34457877 -0.01888727 0.0256235 -0.32241449 0.00203254 -0.021125 -0.34484825 -0.01881554 -0.02576576 -0.32249144 -0.0097104 0.0163 -0.33225548 -0.0110744 0.0157641 -0.33079275 -0.01207291 0.0143 -0.32972199 -0.02021317 0.01850001 -0.32099262 -0.01243839 0.0123 -0.32933006 -0.02021317 -0.01850001 -0.32099262 -0.01243839 -0.0123 -0.32933006 -0.01207291 -0.0143 -0.32972199 0.02727968 0.02186518 -0.37192184 0.01838793 0.0157641 -0.36238724 0.01702394 0.0163 -0.36092454 0.00553226 0.0225 -0.34860122 0.02505305 0.02715394 -0.36953503 0.02537183 0.0268681 -0.36987674 0.00271902 0.02488157 -0.34558439 0.00203254 0.023875 -0.34484825 -0.01764235 0.02722321 -0.32374945 -0.01805838 0.0268681 -0.32330334 0.00459452 0.02011843 -0.34759563 0.00365677 0.01975 -0.34659001 0.00271902 0.02011843 -0.34558439 0.00203254 0.021125 -0.34484825 0.005281 0.021125 -0.34833178 0.02612913 0.02576576 -0.37068853 0.01838793 -0.0157641 -0.36238724 0.01938645 -0.0143 -0.36345804 0.02752671 -0.01850001 -0.37218738 0.01975193 -0.0123 -0.36384997 0.02752671 0.01850001 -0.37218738 0.01975193 0.0123 -0.36384997 0.01938645 0.0143 -0.36345804 0.05099382 0.0275 -0.30931547 0.05140831 0.0275 -0.30613315 0.05392671 0.0275 -0.30613315 0.04896592 0.0275 -0.32106626 0.0383084 0.0275 -0.3515158 0.04068865 0.0275 -0.34678692 0.04461584 0.0275 -0.33994222 0.04416262 0.0275 -0.33831412 0.04681808 0.0275 -0.33477098 0.0462714 0.0275 -0.33183867 0.05039798 0.0275 -0.32406375 0.05227802 0.0275 -0.31627685 -0.01466934 -0.0275 -0.3222807 -0.01288353 -0.0275 -0.32399377 0.02662377 -0.0275 -0.36610094 0.02904831 -0.0275 -0.36355975 0.02675955 -0.0275 -0.36406344 -0.01343399 -0.0275 -0.32051399 -0.00611866 -0.0275 -0.31077427 -0.00304405 -0.0275 -0.30613315 -0.00600448 -0.0275 -0.30613315 0.02350656 -0.0275 -0.36343622 0.0213012 -0.0275 -0.36184564 -0.01124461 -0.0275 -0.32694453 -0.00855789 -0.0275 -0.31082618 -0.01056085 -0.0275 -0.31514639 -0.01143143 -0.0275 -0.31760511 -0.01295103 -0.0275 -0.32061908 0.01207407 -0.0097 -0.00323523 0.01082532 -0.0097 -0.00625 0.01082532 -0.0125 -0.00625 0.00883884 -0.0097 -0.00883884 0.00625 -0.0125 -0.01082531 0.0125 -0.0097 -1E-08 0.0125 -0.0125 -1E-08 0.01207407 -0.0097 0.00323524 0.01082532 -0.0125 0.00624999 0.01082532 -0.0097 0.00624999 0.00625 -0.0125 0.01082533 0.00625 -0.0097 0.01082533 0.00883884 -0.0097 0.00883883 -0.00883884 -0.0097 0.00883883 -0.00625 -0.0097 0.01082533 -0.00625 -0.0125 0.01082533 -0.00323524 -0.0097 0.01207408 -0 -0.0125 0.01250001 -0 -0.0097 0.01250001 0.00323524 -0.0097 0.01207408 -0.01082532 -0.0097 0.00624999 -0.01082532 -0.0125 0.00624999 -0.01207407 -0.0097 0.00323524 -0.0125 -0.0125 -1E-08 -0.0125 -0.0097 -1E-08 -0.01207407 -0.0097 -0.00323523 -0.01082532 -0.0125 -0.00625 -0.01082532 -0.0097 -0.00625 -0.00625 -0.0125 -0.01082531 -0.00625 -0.0097 -0.01082531 -0.00883884 -0.0097 -0.00883884 0.00625 -0.0097 -0.01082531 0.00323524 -0.0097 -0.01207406 -0 -0.0125 -0.01249999 -0 -0.0097 -0.01249999 -0.00323524 -0.0097 -0.01207406 0.01207407 0.0097 0.00323524 0.01082532 0.0097 0.00624999 0.01082532 0.0125 0.00624999 0.00883884 0.0097 0.00883883 0.00625 0.0125 0.01082533 0.0125 0.0097 -1E-08 0.0125 0.0125 -1E-08 0.01207407 0.0097 -0.00323523 0.01082532 0.0125 -0.00625 0.01082532 0.0097 -0.00625 0.00625 0.0125 -0.01082531 0.00625 0.0097 -0.01082531 0.00883884 0.0097 -0.00883884 -0.00883884 0.0097 -0.00883884 -0.00625 0.0097 -0.01082531 -0.00625 0.0125 -0.01082531 -0.00323524 0.0097 -0.01207406 -0 0.0125 -0.01249999 -0 0.0097 -0.01249999 0.00323524 0.0097 -0.01207406 -0.01082532 0.0097 -0.00625 -0.01082532 0.0125 -0.00625 -0.01207407 0.0097 -0.00323523 -0.0125 0.0125 -1E-08 -0.0125 0.0097 -1E-08 -0.01207407 0.0097 0.00323524 -0.01082532 0.0125 0.00624999 -0.01082532 0.0097 0.00624999 -0.00625 0.0125 0.01082533 -0.00625 0.0097 0.01082533 -0.00883884 0.0097 0.00883883 0.00625 0.0097 0.01082533 0.00323524 0.0097 0.01207408 -0 0.0125 0.01250001 -0 0.0097 0.01250001 -0.00323524 0.0097 0.01207408 0.01873135 0.0125 0.04025766 0.01873135 0.0155 0.04025766 0.02112512 0.0125 0.03691375 0.02112512 0.0155 0.03691375 0.0219707 0.0125 0.03288924 0.0219707 0.0155 0.03288924 0.02112512 0.0125 0.02886474 0.02112512 0.0155 0.02886474 0.01873135 0.0125 0.02552083 0.01873135 0.0155 0.02552083 0.01197071 -0.0065 0.03888925 0.01554204 -0.0065 0.04590829 0.0149707 -0.0065 0.03808539 0.01964076 -0.0065 0.04399871 0.01716686 -0.0065 0.03588923 -0.00351288 -0.0065 0.03258454 7.458E-05 -0.0065 0.03927141 0.00677455 -0.0065 0.03588923 0.00284934 -0.0065 0.04284167 0.0089707 -0.0065 0.03808539 0.0066474 -0.0065 0.04529538 0.01104266 -0.0065 0.0463573 0.0059707 -0.0065 0.03288924 0.00677455 -0.0065 0.02988925 0.00464246 -0.0065 0.01478841 0.0089707 -0.0065 0.02769309 0.00781497 -0.0065 0.01338568 0.01197071 -0.0065 0.02688923 0.01059609 -0.0065 0.01131251 0.01284651 -0.0065 0.0086728 0.022879 -0.0065 0.04084279 0.02489348 -0.0065 0.0367946 0.01797071 -0.0065 0.03288924 0.0254582 -0.0065 0.03230827 0.01716686 -0.0065 0.02988925 0.0245098 -0.0065 0.02788713 0.0149707 -0.0065 0.02769309 0.0207182 -0.0065 0.01838248 0.01971563 -0.0065 0.01515063 0.01923255 -0.0065 0.01180151 0.01928093 -0.0065 0.00841805 0.0177714 -0.0065 -0.01043282 0.01726926 -0.0065 -0.00659183 0.01838845 -0.0065 -0.00906173 0.01969741 -0.0065 -0.00567997 0.02039004 -0.0065 -0.00212047 0.01618794 -0.0065 -0.00048721 0.02044465 -0.0065 0.00150537 0.01985956 -0.0065 0.00508409 0.0144975 -0.0065 0.00547751 0.01445353 -0.0065 0.00559869 0.01059609 0.0065 0.01131251 0.01284651 0.0065 0.0086728 0.01197071 0.0065 0.02688923 -0.00351288 0.0065 0.03258454 0.00464246 0.0065 0.01478841 0.0089707 0.0065 0.02769309 0.01767192 0.0065 0.04512631 0.01443538 0.0065 0.04616236 0.0149707 0.0065 0.03808539 0.01197071 0.0065 0.03888925 0.02054719 0.0065 0.04331487 0.01716686 0.0065 0.03588923 0.022879 0.0065 0.04084279 0.00781497 0.0065 0.01338568 0.00677455 0.0065 0.02988925 0.0059707 0.0065 0.03288924 7.458E-05 0.0065 0.03927141 0.00677455 0.0065 0.03588923 0.00204528 0.0065 0.04203998 0.0089707 0.0065 0.03808539 0.01104266 0.0065 0.0463573 0.00770876 0.0065 0.04569884 0.00464491 0.0065 0.04422867 0.02451959 0.0065 0.03786673 0.01797071 0.0065 0.03288924 0.02536501 0.0065 0.03457525 0.02536167 0.0065 0.03117695 0.01716686 0.0065 0.02988925 0.0245098 0.0065 0.02788713 0.0207182 0.0065 0.01838248 0.0149707 0.0065 0.02769309 0.01971563 0.0065 0.01515063 0.01923255 0.0065 0.01180151 0.01928093 0.0065 0.00841805 0.01445353 0.0065 0.00559869 0.0144975 0.0065 0.00547751 0.01985956 0.0065 0.00508409 0.01618794 0.0065 -0.00048721 0.0177714 0.0065 -0.01043282 0.01838845 0.0065 -0.00906173 0.01726926 0.0065 -0.00659183 0.01999824 0.0065 -0.00450779 0.02049786 0.0065 0.00029638 0.00419319 0.005 0.01335728 0.00419319 -0.005 0.01335728 0.00705869 0.005 0.01209029 0.00705869 -0.005 0.01209029 0.00957066 0.005 0.01021775 0.00957066 -0.005 0.01021775 0.0116033 0.005 0.00783348 0.0116033 -0.005 0.00783348 0.0130548 0.005 0.00505688 0.0130548 -0.005 0.00505688 0.00699582 -0.013 0.02087882 0.0065 -0.013 0.01125833 0.01197071 -0.013 0.01988923 0.01125833 -0.013 0.0065 0.013 -0.013 -1E-08 -0.01660922 -0.013 -0.01305125 -0.0065 -0.013 -0.01125834 -0.01820635 -0.013 -0.00942225 -0.01125833 -0.013 -0.00650001 -0.01975987 -0.013 -0.00545872 -0.013 -0.013 -1E-08 -0.02046125 -0.013 -0.00125981 -0.00953313 -0.013 -0.0277693 -0.00977435 -0.013 -0.02608494 -0.01378134 -0.013 -0.02068195 -0.00929364 -0.013 -0.02445272 -0.01125833 -0.013 0.0065 -0.01922472 -0.013 0.00711759 -0.02028027 -0.013 0.00299343 0.01643948 -0.013 -0.02193431 0.01641618 -0.013 -0.01534695 0.01316633 -0.013 -0.02099878 -0 -0.013 -0.01299999 -0.00817799 -0.013 -0.02316797 0.0065 -0.013 -0.01125834 -0.00662928 -0.013 -0.02246321 0.01140185 -0.013 -0.02053032 0.01125833 -0.013 -0.00650001 0.02999717 -0.013 -0.0928436 0.02236883 -0.013 -0.07074059 0.02089211 -0.013 -0.07180018 -0.00954982 -0.013 0.02133193 -0.01188313 -0.013 0.01762652 -0.0065 -0.013 0.01125833 -0.01470774 -0.013 0.01428049 -0.01734012 -0.013 0.01093482 -3.973E-05 -0.013 0.02791437 -0.0010293 -0.013 0.03288924 -3.973E-05 -0.013 0.03786411 7.458E-05 -0.013 0.03927141 0.00284934 -0.013 0.04284167 0.00277832 -0.013 0.04208162 0.0066474 -0.013 0.04529538 0.00699582 -0.013 0.04489966 0.01104266 -0.013 0.0463573 0.01197071 -0.013 0.04588925 0.01554204 -0.013 0.04590829 0.01694559 -0.013 0.04489966 0.01964076 -0.013 0.04399871 0.02116309 -0.013 0.04208162 0.022879 -0.013 0.04084279 0.02398114 -0.013 0.03786411 0.02489348 -0.013 0.0367946 -0.00689605 -0.013 -0.03491024 -0.00454833 -0.013 -0.04600618 -0.00432588 -0.013 -0.04207552 0.00277832 -0.013 0.02369686 -0 -0.013 0.01300001 0.01909897 -0.013 -0.07209695 0.02255724 -0.013 -0.08437134 0.03154662 -0.013 -0.10042676 -0.00492774 -0.013 -0.02246592 -0.00124471 -0.013 -0.0229663 0.00247083 -0.013 -0.02286691 0.00612184 -0.013 -0.02217031 0.00961298 -0.013 -0.02089474 0.01735962 -0.013 -0.0715696 0.01603318 -0.013 -0.07032702 0.00960383 -0.013 -0.06450544 0.00709945 -0.013 -0.05764002 -0.00244916 -0.013 -0.04540906 0.0254582 -0.013 0.03230827 0.0249707 -0.013 0.03288924 0.0245098 -0.013 0.02788713 0.02398114 -0.013 0.02791437 0.0207182 -0.013 0.01838248 0.02097655 -0.013 -0.04770605 0.02328171 -0.013 -0.06732032 0.02322423 -0.013 -0.06913693 0.01838845 -0.013 -0.00906173 0.01969741 -0.013 -0.00567997 0.02039004 -0.013 -0.00212047 0.02044465 -0.013 0.00150537 0.01985956 -0.013 0.00508409 0.01920555 -0.013 0.00954449 0.01949603 -0.013 0.01404324 0.01694559 -0.013 0.02087882 0.02116309 -0.013 0.02369686 0.01453889 -0.013 -0.02220247 0.01523361 -0.013 -0.02389074 0.0202354 -0.013 -0.05182437 -0.00378543 -0.01336095 -0.0530215 -0.00401395 -0.01273964 -0.05232007 -0.00152516 -0.01530116 -0.06023259 0.00261851 0.01930607 -0.07511843 -0.00401395 0.01273964 -0.05232007 -0.00454927 -0.01204623 -0.0506942 -0.00378543 0.01336095 -0.0530215 -0.00152516 0.01530116 -0.06023259 0.00309047 0.01980582 -0.07697663 0.00332856 0.02000379 -0.07792822 0.0039357 -0.02000526 -0.08039925 0.0039357 0.02000526 -0.08039925 0.0052451 -0.01920576 -0.0859606 0.00789887 0.01756639 -0.09836803 0.00895761 -0.01690699 -0.10383498 0.00369971 -0.02009138 -0.07943103 0.00309047 -0.01980582 -0.07697663 0.00261851 -0.01930607 -0.07511843 0.00995102 -0.01628639 -0.10929769 0.00995093 0.01628645 -0.10929715 0.0120259 -0.01498677 -0.12204189 0.01114489 0.01553894 -0.11637654 0.01444687 -0.01346995 -0.14050773 0.01371786 0.01392642 -0.13436684 0.01486453 -0.01320854 -0.14435075 0.01486441 0.01320862 -0.14434962 0.01619438 -0.01237502 -0.15916961 0.01563276 0.01272758 -0.15228952 0.01721883 -0.01171639 -0.1779281 0.01688343 0.0119374 -0.17010126 0.01728916 -0.01166777 -0.18014525 0.0135104 -0.01437753 -0.24559291 0.01162131 0.01615369 -0.25575057 0.01124164 -0.01650995 -0.25752994 0.01046209 0.01723816 -0.26097345 0.01046281 -0.01723748 -0.26097038 0.01728914 0.01166779 -0.18014444 0.01744528 0.01154782 -0.18776186 0.01745545 -0.0115 -0.19648573 0.01745545 0.0115 -0.19648573 0.01736064 -0.0115 -0.20216505 0.01736064 0.0115 -0.20216505 0.017182 -0.0115 -0.20784143 0.017182 0.0115 -0.20784143 0.01705719 -0.01151684 -0.21074016 0.0170572 0.01151684 -0.21073999 0.0164329 -0.01184058 -0.22086959 0.01648219 0.01180735 -0.22021821 0.01523598 -0.01280072 -0.23327075 0.01534324 0.01270731 -0.23234342 0.01467623 -0.0133002 -0.23773926 0.01467627 0.01330016 -0.23773894 0.01373563 0.01416712 -0.24419551 0.00471732 0.02237425 -0.28055298 0.00471817 -0.02237355 -0.28055063 0.0048937 -0.02222574 -0.28006038 0.0048937 0.02222574 -0.28006038 0.00838707 -0.01914573 -0.26903608 0.00543543 0.02175997 -0.27851358 0.00865832 0.01889934 -0.26805931 0.00205756 -0.02411829 -0.28740132 0.00344623 0.02331448 -0.28395465 -0.0012052 -0.02532741 -0.29457942 -0.0087152 0.02567773 -0.30750102 -0.01037725 0.02471222 -0.30984679 -0.00494232 -0.02591675 -0.30153835 -0.01050655 0.0246187 -0.31002277 -0.00875026 -0.02566296 -0.30755213 -0.00726481 -0.026 -0.30531979 0.00037683 0.02484287 -0.29124582 -0.00232751 0.02557669 -0.29679558 -0.00232812 -0.02557681 -0.29679674 -0.00317208 0.02572025 -0.29838884 -0.00726481 0.026 -0.30531979 -0.01842328 0.01882226 -0.31926522 -0.0184233 -0.01882225 -0.31926525 -0.01686872 0.01956007 -0.31766608 -0.0164244 -0.01983528 -0.31719127 -0.01266582 -0.02284727 -0.31283215 -0.01232423 -0.02314366 -0.31240347 -0.01054833 -0.02458804 -0.31007946 -0.01801744 -0.0115 -0.01356787 -0.01801744 0.0115 -0.01356787 -0.01518665 -0.0115 -0.02120644 -0.01518665 0.0115 -0.02120644 -0.006503 -0.0115 -0.04494027 -0.006503 0.0115 -0.04494027 -0.00596713 -0.0115 -0.04649303 -0.00596713 0.0115 -0.04649303 -0.00580789 -0.01150603 -0.04695789 -0.00580789 0.01150603 -0.04695789 -0.00470599 -0.01191903 -0.05022258 -0.00470599 0.01191903 -0.05022258 -0.00454927 0.01204623 -0.0506942 0.02590303 -0.008 0.02733135 0.02590303 -0.0115 0.02733135 0.02211144 -0.008 0.0178267 0.02211144 -0.0115 0.0178267 0.01792095 -0.005 -0.02169926 0.01792095 -0.0115 -0.02169926 0.02198426 -0.0115 -0.04495326 0.02198426 0.0115 -0.04495326 0.01792095 0.0115 -0.02169926 0.01792095 0.005 -0.02169926 0.03411594 -0.01198287 -0.10552435 0.03499867 -0.01304854 -0.10987385 0.0340148 0.01189229 -0.10502709 0.03565092 0.014 -0.11310009 0.03564449 0.01399041 -0.11306823 0.03565092 -0.014 -0.11310009 0.03549362 -0.0137657 -0.11232091 0.03499867 0.01304854 -0.10987385 0.03411594 0.01198287 -0.10552435 0.03549362 0.0137657 -0.11232091 0.03564449 -0.01399041 -0.11306823 0.01578094 0.005 -0.00677869 0.01578094 -0.005 -0.00677869 0.01679806 0.005 -0.01429794 0.01679806 -0.005 -0.01429794 0.02245035 0.0115 -0.04742689 0.02245035 -0.0115 -0.04742689 0.03146676 0.0115 -0.09254307 0.03146676 -0.0115 -0.09254307 0.03301633 0.0115 -0.10012686 0.03301633 -0.0115 -0.10012686 0.0340148 -0.01189229 -0.10502709 0.03565092 -0.0158199 -0.11310009 0.04032994 -0.01370978 -0.13673952 0.04197137 -0.01311689 -0.14533724 0.03757448 0.01487824 -0.12269599 0.03565092 0.0158199 -0.11310009 0.04682815 0.0118556 -0.17237681 0.04243542 0.0129637 -0.14780737 0.04197175 0.01311676 -0.14533924 0.04468163 -0.01231652 -0.16006623 0.0485885 -0.01160859 -0.18307044 0.05060793 0.0115 -0.19628376 0.05060793 -0.0115 -0.19628376 0.0508461 0.0115 -0.19792932 0.0508461 -0.0115 -0.19792932 0.05142034 0.0115 -0.20199084 0.05142034 -0.0115 -0.20199084 0.05219391 0.0115 -0.20770404 0.05219391 -0.0115 -0.20770404 0.05279367 0.01154302 -0.21236473 0.05441274 0.01219246 -0.22639389 0.05385559 -0.01186466 -0.22127058 0.05541253 0.01318213 -0.2368094 0.05522216 -0.01294295 -0.23466651 0.05541245 -0.01318201 -0.23680842 0.05570069 0.01360491 -0.2402502 0.05625859 -0.0147142 -0.24788216 0.05661464 0.01575993 -0.25391477 0.05692518 -0.01716127 -0.2609078 0.0571061 0.01863908 -0.26736835 0.05713707 -0.01908137 -0.26916358 0.05717575 -0.02027002 -0.27373326 0.05711873 0.02222574 -0.28059202 0.05713697 0.01907971 -0.26915696 0.05711873 -0.02222574 -0.28059202 0.05642216 0.02539434 -0.29590803 0.05685371 0.02425966 -0.28873855 0.05680871 -0.02444072 -0.2896685 0.05642243 -0.02539389 -0.29590425 0.05634175 0.02551107 -0.29696074 0.05626199 -0.02560931 -0.29795015 0.05554303 0.02599354 -0.30523551 0.05541592 -0.026 -0.30631274 0.04013396 0.02015134 -0.35639375 0.0431124 -0.02106369 -0.35095826 0.04242213 -0.02083358 -0.35230264 0.04115053 -0.02043916 -0.35464114 0.03803735 -0.01963414 -0.359721 0.03598059 0.01922489 -0.36265865 0.03573222 0.01918191 -0.3629939 0.04242213 0.02083358 -0.35230264 0.04311361 0.0210641 -0.35095584 0.04749608 -0.02277937 -0.34084654 0.04697985 0.02255584 -0.34220791 0.04912723 -0.0235165 -0.33614656 0.04912662 0.02351622 -0.33614844 0.05231423 -0.02501451 -0.32448024 0.05225573 0.02498788 -0.3247363 0.05364491 -0.02557845 -0.31800833 0.05364481 0.02557841 -0.31800887 0.05541592 0.026 -0.30631274 0.03296492 -0.01879461 -0.3664768 0.03574011 -0.01918326 -0.36298332 0.03298557 0.01879689 -0.36645243 -0.00124721 -0.0115 0.03998055 -0.00124721 -0.008 0.03998055 -0.00483467 -0.008 0.03329369 -0.00657322 0.00564181 0.03005307 -0.0064393 0.00629773 0.03030273 -0.01087161 0.0115 0.02204105 -0.01087161 -0.0115 0.02204105 -0.00587887 -0.0074294 0.03134733 -0.00645151 -0.0062539 0.03027993 -0.00124721 0.008 0.03998055 -0.00124721 0.0115 0.03998055 -0.00483467 0.008 0.03329369 -0.00584952 0.00746448 0.03140201 -0.00657322 -0.00564181 0.03005307 -0.00661443 -0.005 0.02997627 -0.00661443 0.005 0.02997627 0.01197071 -0.0122 0.03888925 0.0149707 -0.0122 0.03808539 0.01716686 -0.0122 0.03588923 0.01797071 -0.0122 0.03288924 0.01716686 -0.0122 0.02988925 0.0149707 -0.0122 0.02769309 0.01197071 -0.0122 0.02688923 0.0089707 -0.0122 0.02769309 0.00677455 -0.0122 0.02988925 0.0059707 -0.0122 0.03288924 0.00677455 -0.0122 0.03588923 0.0089707 -0.0122 0.03808539 0.01197071 0.0122 0.03888925 0.0149707 0.0122 0.03808539 0.01716686 0.0122 0.03588923 0.01797071 0.0122 0.03288924 0.01716686 0.0122 0.02988925 0.0149707 0.0122 0.02769309 0.01197071 0.0122 0.02688923 0.0089707 0.0122 0.02769309 0.00677455 0.0122 0.02988925 0.0059707 0.0122 0.03288924 0.00677455 0.0122 0.03588923 0.0089707 0.0122 0.03808539 0.05281037 0.02591961 -0.28934112 0.0530941 0.02404187 -0.28142476 0.055619 0.02366176 -0.28013024 0.05307922 0.02385369 -0.28077489 0.05300563 0.02366176 -0.28013024 0.05405292 0.02749343 -0.30504543 0.0522608 0.02710447 -0.29770473 0.05484635 0.02700278 -0.29668581 0.05535534 0.02573017 -0.28837258 0.05300563 -0.02366176 -0.28013024 0.05307922 -0.02385369 -0.28077489 0.055619 -0.02366176 -0.28013024 0.0530941 -0.02404187 -0.28142476 0.05531059 -0.02591429 -0.28931314 0.05279346 -0.0259828 -0.28967729 0.0547671 -0.02710269 -0.29768577 0.05223695 -0.02713101 -0.29799175 0.05392671 -0.0275 -0.30613315 0.05140831 -0.0275 -0.30613315 0.04861831 0.013 -0.19649999 0.0491236 0.013 -0.19649999 0.0494298 0.013 -0.2021973 0.04993462 0.013 -0.2021973 0.0502024 0.013 -0.20789999 0.05070676 0.013 -0.20789999 0.01886021 0.013 -0.20220101 0.01895539 0.013 -0.19649999 0.02515288 0.013 -0.19649999 0.01918795 0.013 -0.20789999 0.01868085 0.013 -0.20789999 0.01967647 0.013 -0.20559849 0.02074481 0.013 -0.20350222 0.05130536 0.01304276 -0.21252385 0.0556064 0.0200965 -0.26704296 0.05222007 0.02299112 -0.27786952 0.05068649 0.02244913 -0.27598289 0.05186833 0.01336708 -0.2214428 0.0529209 0.01368833 -0.22643887 0.05328049 0.01450542 -0.23529425 0.05420553 0.01509236 -0.24017695 0.05433508 0.016397 -0.24897265 0.0551167 0.01723452 -0.25371844 0.05498401 0.01902578 -0.26245803 0.05496063 0.0192136 -0.26329124 0.0463499 0.02197336 -0.27427888 0.04827115 0.0209206 -0.27033046 0.04863191 0.02210302 -0.27474794 0.05116237 0.02055469 -0.26889402 0.05305072 0.02020693 -0.26749465 0.05435727 0.01974295 -0.26557156 0.03035296 0.02366176 -0.28013024 0.02435479 0.02366176 -0.28013024 0.03683625 0.0229179 -0.27761787 0.03646329 0.02234592 -0.27561718 0.04322605 0.02214171 -0.27488717 0.04409166 0.02205266 -0.2745662 0.00801454 0.02366176 -0.28013024 0.00630676 0.02366176 -0.28013024 0.00773806 0.02321957 -0.27864847 0.00685368 0.02319878 -0.27857795 0.0079878 0.02271863 -0.27692798 0.00924423 0.02161853 -0.27297679 0.01010471 0.02035521 -0.26809555 0.01219578 0.01894893 -0.26211321 0.01308957 0.01762593 -0.2557703 0.01459111 0.01671809 -0.25085604 0.01521717 0.01565121 -0.24421221 0.01607476 0.01533719 -0.24200469 0.01683358 0.01420011 -0.23236659 0.01763402 0.01395283 -0.22970606 0.01797803 0.01330552 -0.22025578 0.01841475 0.01335035 -0.22113073 0.0191677 0.01300023 -0.20824128 0.00844404 0.02393673 -0.28105941 0.00949316 0.02429077 -0.28231376 0.00624409 0.02578588 -0.28865165 0.00484477 0.02476897 -0.28413025 0.01087631 0.02451818 -0.28315845 0.00964934 0.02535874 -0.28661796 0.0081383 0.02548557 -0.28719801 0.00174136 0.02632326 -0.29162699 0.00494487 0.02615857 -0.29065228 -0.00185245 0.02721551 -0.2989828 0.00146614 0.02713882 -0.29807824 -0.00600448 0.0275 -0.30613315 -0.00251078 0.02749575 -0.30525857 -0.00304405 0.0275 -0.30613315 0.01924176 0.02414842 -0.28180102 0.01867188 0.02475917 -0.28409141 0.01408082 0.02456448 -0.28333455 0.01246323 0.02461115 -0.28351352 0.04534922 0.01335494 -0.172672 0.04499135 0.01332957 -0.17353897 0.04315155 0.01370496 -0.16292261 0.04096102 0.01446097 -0.14817391 0.04281143 0.01374533 -0.16197504 0.04217612 0.01377948 -0.1611933 0.01894517 0.01304774 -0.18776077 0.02047162 0.01301709 -0.19127052 0.02064397 0.01301123 -0.19226174 0.02113513 0.01300706 -0.19314012 0.04131759 0.01380295 -0.16066594 0.04033339 0.01381256 -0.16045238 0.03753703 0.0142668 -0.15149686 0.03773 0.01375545 -0.16174152 0.03659423 0.01380346 -0.16065468 0.03843312 0.01378705 -0.16102235 0.03933457 0.01380699 -0.16057597 0.0218897 0.01300453 -0.19380659 0.02282261 0.01300335 -0.19418605 0.0238287 0.0130032 -0.1942357 0.02479452 0.01300406 -0.19394994 0.03730441 0.01371633 -0.16265315 0.03724052 0.01370421 -0.16294052 0.0354564 0.01354732 -0.1669125 0.03526451 0.01337569 -0.17198558 0.03314333 0.01326977 -0.17572613 0.03250141 0.01315524 -0.1807407 0.03003579 0.01309282 -0.1843138 0.02896904 0.01303337 -0.18919356 0.02612787 0.01300925 -0.19265334 0.02561119 0.01300616 -0.193361 0.03764251 0.01483367 -0.14236577 0.03692275 0.01550202 -0.13327844 0.03610332 0.01637192 -0.12312628 0.03594832 0.0160191 -0.12706335 0.03382583 0.01685103 -0.11809831 0.03418056 0.01731182 -0.11355232 0.0309156 0.01775327 -0.10942169 0.03284427 0.01780307 -0.1089681 0.03173105 0.01808429 -0.10644991 0.02723203 0.01871483 -0.10104807 0.02507157 0.0196072 -0.09389458 0.0253853 0.01914953 -0.09749786 0.01696925 0.02148934 -0.08026371 0.01742446 0.02098342 -0.08376256 0.01524186 0.02148934 -0.08026371 0.00539346 0.02148934 -0.08026371 0.00695438 0.02148934 -0.08026371 0.00936983 0.01905503 -0.0982585 0.01093774 0.01903883 -0.09838957 0.01262574 0.01703138 -0.11628806 0.01419765 0.01700351 -0.11656512 0.0152063 0.01542188 -0.13429759 0.01677703 0.01538795 -0.13473414 0.01712689 0.01422528 -0.15223999 0.01868875 0.01419176 -0.15284917 0.01838145 0.01343658 -0.17007381 0.01992436 0.01341073 -0.17086791 0.02045581 0.01303753 -0.18875133 0.0502024 -0.013 -0.20789999 0.05070676 -0.013 -0.20789999 0.0494298 -0.013 -0.2021973 0.04993462 -0.013 -0.2021973 0.04861831 -0.013 -0.19649999 0.0491236 -0.013 -0.19649999 0.01343434 -0.01779965 -0.25665233 0.01565498 -0.01572531 -0.2447134 0.01499062 -0.01586037 -0.24560945 0.01694981 -0.01454396 -0.23564161 0.01672577 -0.01429296 -0.23329312 0.01827188 -0.01345112 -0.22291188 0.01792851 -0.01333855 -0.2209062 0.01909491 -0.01300845 -0.20995535 0.01868085 -0.013 -0.20789999 0.0191677 -0.01300023 -0.20824128 0.01918795 -0.013 -0.20789999 0.00801454 -0.02366176 -0.28013024 0.00773612 -0.02315017 -0.27841282 0.00630676 -0.02366176 -0.28013024 0.0079878 -0.02271863 -0.27692798 0.00983127 -0.02060013 -0.26907435 0.01119149 -0.01986962 -0.26610327 0.0127073 -0.01798007 -0.25755113 0.01294667 -0.01775842 -0.25644445 -0 -0.0085 0.009 0 0.0085 0.009 0.0045 -0.0085 0.00779423 0.0045 0.0085 0.00779423 0.00779423 -0.0085 0.0045 0.00779423 0.0085 0.0045 0.009 -0.0085 -1E-08 0.009 0.0085 -1E-08 0.00779423 -0.0085 -0.00450001 0.00779423 0.0085 -0.00450001 0.0045 -0.0085 -0.00779424 0.0045 0.0085 -0.00779424 -0 -0.0085 -0.00900001 -0 0.0085 -0.00900001 -0.0045 -0.0085 -0.00779424 -0.0045 0.0085 -0.00779424 -0.00779423 -0.0085 -0.00450001 -0.00779423 0.0085 -0.00450001 -0.009 -0.0085 -1E-08 -0.009 0.0085 -1E-08 -0.00779423 -0.0085 0.0045 -0.00779423 0.0085 0.0045 -0.0045 -0.0085 0.00779423 -0.0045 0.0085 0.00779423 0.00183586 -0.008 0.04394748 0.00183586 -0.0115 0.04394748 0.00383093 -0.008 0.04548862 0.00383093 -0.0115 0.04548862 0.00605593 -0.008 0.04667386 0.00605593 -0.0115 0.04667386 0.01093955 -0.008 0.04785376 0.01093955 -0.0115 0.04785376 0.01593885 -0.008 0.04735484 0.01593885 -0.0115 0.04735484 0.01830539 -0.008 0.04648601 0.01830539 -0.0115 0.04648601 0.02049299 -0.008 0.04523309 0.02049299 -0.0115 0.04523309 0.02409103 -0.008 0.04172652 0.02409103 -0.0115 0.04172652 0.02632934 -0.008 0.03722855 0.02632934 -0.0115 0.03722855 0.02685326 -0.008 0.03476258 0.02685326 -0.0115 0.03476258 0.02695681 -0.008 0.03224372 0.02695681 -0.0115 0.03224372 0.02590303 0.008 0.02733135 0.02590303 0.0115 0.02733135 0.02684956 0.008 0.03098669 0.02695681 0.0115 0.03224372 0.02685326 0.008 0.03476258 0.02685326 0.0115 0.03476258 0.02591391 0.008 0.03841978 0.02632934 0.0115 0.03722855 0.02409103 0.008 0.04172652 0.02409103 0.0115 0.04172652 0.02150013 0.008 0.04447328 0.02049299 0.0115 0.04523309 0.01830539 0.008 0.04648601 0.01830539 0.0115 0.04648601 0.01470923 0.008 0.04763713 0.01593885 0.0115 0.04735484 0.01093955 0.008 0.04785376 0.01093955 0.0115 0.04785376 0.00723521 0.008 0.04712211 0.00605593 0.0115 0.04667386 0.00383093 0.008 0.04548862 0.00383093 0.0115 0.04548862 0.00094245 0.008 0.04305672 0.00183586 0.0115 0.04394748 0.02211144 0.008 0.0178267 0.02211144 0.0115 0.0178267 0.02350656 0.0275 -0.36343622 0.02662377 0.0275 -0.36610094 0.02675955 0.0275 -0.36406344 0.02904831 0.0275 -0.36355975 -0.00754356 0.0275 -0.30879137 -0.01295103 0.0275 -0.32061908 -0.01288353 0.0275 -0.32399377 -0.01124461 0.0275 -0.32694453 0.0213012 0.0275 -0.36184564 -0.01343398 0.0275 -0.32051396 -0.0122646 0.0275 -0.31853589 -0.01143143 0.0275 -0.31760511 -0.00794414 0.0275 -0.31327748 0.04110627 -0.0275 -0.34587857 0.0383067 -0.0275 -0.35151893 0.04314984 -0.0275 -0.34299642 0.051404 -0.0275 -0.32018897 0.04992317 -0.0275 -0.3161121 0.04988589 -0.0275 -0.32584682 0.04792946 -0.0275 -0.32565248 0.04589887 -0.0275 -0.33702633 0.0453803 -0.0275 -0.3347325 0.04221746 -0.0275 -0.34332803 0.01886021 -0.013 -0.20220101 0.02515288 -0.013 -0.19649999 0.01895539 -0.013 -0.19649999 0.02074481 -0.013 -0.20350222 0.01967647 -0.013 -0.20559849 0.02177908 -0.01300478 -0.19373462 0.02105461 -0.0130075 -0.19303563 0.02551661 -0.0130058 -0.19345298 0.02612787 -0.01300925 -0.19265334 0.02940132 -0.01304238 -0.18826528 0.03614044 -0.01368392 -0.16342723 0.03411938 -0.01336339 -0.17239013 0.0355218 -0.01340648 -0.17100094 0.03285527 -0.0131752 -0.17975818 0.03131091 -0.01314868 -0.18107688 0.02772826 -0.01303086 -0.18947329 0.02467478 -0.01300389 -0.19400546 0.0236973 -0.01300317 -0.1942485 0.02269438 -0.01300344 -0.19415469 0.02060262 -0.0130119 -0.19213656 0.02047162 -0.01301709 -0.19127052 0.01871795 -0.01321598 -0.17791167 0.02000502 -0.01335834 -0.17255795 0.01769023 -0.01387338 -0.1591282 0.01876266 -0.01414545 -0.15370499 0.01593746 -0.01496626 -0.14044507 0.01681136 -0.01536646 -0.13501228 0.01350936 -0.01648025 -0.12195953 0.01419277 -0.01700656 -0.11653472 0.01043187 -0.01839687 -0.10373219 0.01092693 -0.01904555 -0.09833521 0.0067074 -0.02069134 -0.08583391 0.00695438 -0.02148934 -0.08026371 0.00539346 -0.02148934 -0.08026371 0.03724052 -0.01370421 -0.16294052 0.03757487 -0.01374464 -0.16199091 0.0370918 -0.01398455 -0.1568224 0.04194735 -0.01378752 -0.16101174 0.04265481 -0.0137561 -0.16172664 0.04320512 -0.013815 -0.16039832 0.03820543 -0.01377895 -0.16120531 0.03906075 -0.01380265 -0.16067277 0.04004366 -0.01381252 -0.16045326 0.04104322 -0.01380722 -0.1605708 0.04700083 -0.01307097 -0.18584405 0.04710725 -0.01310839 -0.18333156 0.04315155 -0.01370496 -0.16292261 0.04308592 -0.01371707 -0.16263565 0.03885715 -0.01520565 -0.13713525 0.03744611 -0.01509649 -0.13862091 0.03768078 -0.01448754 -0.14773673 0.02425492 -0.01979589 -0.09244601 0.01696925 -0.02148934 -0.08026371 0.01524186 -0.02148934 -0.08026371 0.02338342 -0.0196082 -0.09388689 0.0253853 -0.01914953 -0.09749786 0.03173105 -0.01808429 -0.10644991 0.02942293 -0.01816097 -0.10577563 0.03350499 -0.01759452 -0.11088388 0.03266516 -0.01723247 -0.11431708 0.03418056 -0.01731182 -0.11355232 0.03511697 -0.01637421 -0.12310139 0.03637669 -0.01581113 -0.12949327 0.02747408 -0.02333892 -0.27905172 0.02435479 -0.02366176 -0.28013024 0.03035296 -0.02366176 -0.28013024 0.03946911 -0.02199494 -0.2743572 0.03683625 -0.0229179 -0.27761787 0.04322605 -0.02214171 -0.27488717 0.05116237 -0.02055469 -0.26889402 0.04542138 -0.02198103 -0.27430674 0.04769363 -0.02202285 -0.27445835 0.05173327 -0.02047345 -0.26857018 0.0497781 -0.02226162 -0.27531683 0.05351873 -0.02007471 -0.26695338 0.05567575 -0.02171771 -0.27334353 0.0526413 -0.02325688 -0.27877477 0.05148396 -0.02268062 -0.27679554 0.05236503 -0.01336249 -0.22135784 0.05188031 -0.01337286 -0.22154878 0.0537283 -0.01443435 -0.23464163 0.05325935 -0.01447974 -0.2350603 0.05476179 -0.01619503 -0.24774104 0.05429998 -0.01630616 -0.24842343 0.05542615 -0.01862751 -0.26064548 0.05498401 -0.01902578 -0.26245803 0.05464679 -0.01956813 -0.26482913 -0.00364736 -0.02741534 -0.3022303 0.00883122 -0.02409835 -0.28162345 0.01408082 -0.02456448 -0.28333455 0.00964934 -0.02535874 -0.28661796 0.01924176 -0.02414842 -0.28180102 0.0215207 -0.02452875 -0.28319854 0.01332363 -0.02460398 -0.28348592 0.01168016 -0.02458345 -0.28340709 0.00751215 -0.02556466 -0.28756928 0.0101168 -0.02441525 -0.28277206 0.00581216 -0.02588634 -0.28916684 0.00344126 -0.0255864 -0.28767276 0.00014006 -0.02681601 -0.2950584 0.00101574 -0.02721329 -0.29895505 0.00455814 -0.0263091 -0.29154053 0.00494487 -0.02615857 -0.29065228 0.01603827 -0.01980582 -0.07579602 0.01799853 -0.014 -0.07886521 0.00854744 -0.01685876 -0.06474421 0.0087875 -0.014 -0.06508303 0.00058991 -0.014 -0.05402354 0.03307249 -0.01659383 -0.10560984 0.03307249 -0.014 -0.10560984 0.02556019 -0.01830863 -0.09151179 0.02169945 -0.014 -0.08488537 0.01823926 -0.02000526 -0.07924763 0.01663344 -0.01999839 -0.07671956 -0.01470774 0.013 0.01428049 -0.0065 0.013 0.01125833 -0.01125833 0.013 0.0065 -0.01188313 0.013 0.01762652 -0.00954982 0.013 0.02133193 -0 0.013 0.01300001 -0.02046125 0.013 -0.00125981 -0.02028027 0.013 0.00299343 -0.013 0.013 -1E-08 -0.01922472 0.013 0.00711759 -0.01734012 0.013 0.01093482 -0.01975987 0.013 -0.00545872 -0.01125833 0.013 -0.00650001 -0.01820635 0.013 -0.00942225 0.013 0.013 -1E-08 0.01140185 0.013 -0.02053032 0.01125833 0.013 -0.00650001 0.0065 0.013 -0.01125834 -3.973E-05 0.013 0.02791437 -0.0010293 0.013 0.03288924 -3.973E-05 0.013 0.03786411 7.458E-05 0.013 0.03927141 0.00277832 0.013 0.04208162 0.00284934 0.013 0.04284167 0.00699582 0.013 0.04489966 0.0066474 0.013 0.04529538 0.01197071 0.013 0.04588925 0.01971563 0.013 0.01515063 0.01923255 0.013 0.01180151 0.01125833 0.013 0.0065 0.00277832 0.013 0.02369686 0.00699582 0.013 0.02087882 0.0065 0.013 0.01125833 0.01197071 0.013 0.01988923 0.01694559 0.013 0.02087882 0.01316633 0.013 -0.02099878 0.01641618 0.013 -0.01534695 0.01453889 0.013 -0.02220247 0.01643948 0.013 -0.02193431 0.02999717 0.013 -0.0928436 0.02089211 0.013 -0.07180018 0.02236883 0.013 -0.07074059 0.0207182 0.013 0.01838248 0.02116309 0.013 0.02369686 0.0245098 0.013 0.02788713 0.02398114 0.013 0.02791437 0.0254582 0.013 0.03230827 0.0249707 0.013 0.03288924 0.02489348 0.013 0.0367946 0.02398114 0.013 0.03786411 0.022879 0.013 0.04084279 0.02116309 0.013 0.04208162 0.01964076 0.013 0.04399871 0.01694559 0.013 0.04489966 0.01554204 0.013 0.04590829 0.01104266 0.013 0.0463573 0.03154662 0.013 -0.10042676 0.02673635 0.013 -0.0915607 0.02039004 0.013 -0.00212047 0.01969741 0.013 -0.00567997 0.01838845 0.013 -0.00906173 0.01928093 0.013 0.00841805 0.01985956 0.013 0.00508409 0.02044465 0.013 0.00150537 -0.00817799 0.013 -0.02316797 -0.00929364 0.013 -0.02445272 -0.01378134 0.013 -0.02068195 -0.00977435 0.013 -0.02608494 0.01884443 0.013 -0.07833187 0.01909897 0.013 -0.07209695 0.00961298 0.013 -0.02089474 0.00491796 0.013 -0.02246807 -0 0.013 -0.01299999 -5.01E-06 0.013 -0.02300001 -0.0065 0.013 -0.01125834 -0.00492774 0.013 -0.02246592 -0.00662928 0.013 -0.02246321 -0.01660922 0.013 -0.01305125 0.02322423 0.013 -0.06913693 0.02328171 0.013 -0.06732032 0.02097655 0.013 -0.04770605 0.01791465 0.013 -0.03943671 0.01523361 0.013 -0.02389074 -0.00953313 0.013 -0.0277693 -0.00689605 0.013 -0.03491024 -0.00454833 0.013 -0.04600618 -0.00432588 0.013 -0.04207552 -0.00244916 0.013 -0.04540906 0.00115443 0.013 -0.05312023 0.00709945 0.013 -0.05764002 0.01031021 0.013 -0.06550799 0.01603318 0.013 -0.07032702 0.01735962 0.013 -0.0715696 0.01823926 0.02000526 -0.07924763 0.01799853 0.014 -0.07886521 0.02638078 0.01811959 -0.09297011 0.0258652 0.014 -0.09205169 0.03307249 0.01659383 -0.10560984 0.03307249 0.014 -0.10560984 0.01663344 0.01999839 -0.07671956 0.01603827 0.01980582 -0.07579602 0.00949162 0.014 -0.06608237 0.00854744 0.01685876 -0.06474421 0.00058991 0.014 -0.05402354 0.01039199 0.02042819 -0.07313798 0.0073241 0.01830765 -0.065224 0.01155128 0.02070287 -0.07416309 0.01477885 0.02125471 -0.07622258 0.01223077 0.02097843 -0.07519148 0.01290614 0.02125471 -0.07622258 -0.00235877 0.01480984 -0.05216999 -0.00149183 0.01513201 -0.05337236 -8.914E-05 0.01675005 -0.05941094 -0.00059511 0.01544889 -0.05455495 0.00891714 0.0203443 -0.07282487 0.00747235 0.02046389 -0.07327119 0.00640668 0.02076799 -0.07440609 0.00454518 0.02125471 -0.07622258 0.00605506 0.02118595 -0.07596595 0.00607848 0.02125471 -0.07622258 0.00454518 -0.02125471 -0.07622258 0.00607848 -0.02125471 -0.07622258 -8.914E-05 -0.01675005 -0.05941094 0.00629616 -0.02082944 -0.07463545 0.0073241 -0.01830765 -0.065224 -0.00059511 -0.01544889 -0.05455495 -0.00149183 -0.01513201 -0.05337236 -0.00235877 -0.01480984 -0.05216999 0.01477885 -0.02125471 -0.07622258 0.01140332 -0.02064825 -0.07395924 0.01155128 -0.02070287 -0.07416309 0.01223077 -0.02097843 -0.07519148 0.01290614 -0.02125471 -0.07622258 0.00726867 -0.02050086 -0.07340915 0.00867729 -0.02034977 -0.07284532 0.01016992 -0.02040143 -0.07303811 -0.00866025 0.0095 0.00499999 -0.01065211 0.0095 0.00615 -0.00869741 0.0095 0.00869741 -0.005 0.0095 0.00866025 -0.01 0.0095 -1E-08 -0.0123 0.0095 -1E-08 -0.01188089 0.0095 0.00318348 0.005 0.0095 0.00866025 0.00615 0.0095 0.01065212 0.00866025 0.0095 0.00499999 0.00869741 0.0095 0.00869741 -0.00615 0.0095 0.01065212 -0.00318347 0.0095 0.0118809 -0 0.0095 0.01000001 -0 0.0095 0.01230001 0.00318347 0.0095 0.0118809 -0.00318347 0.0095 -0.01188088 -0.00615 0.0095 -0.0106521 -0.005 0.0095 -0.00866026 -0.00869741 0.0095 -0.00869743 -0.00866025 0.0095 -0.005 -0.01065211 0.0095 -0.00615001 -0.01188089 0.0095 -0.00318346 -0 0.0095 -0.01229999 -0 0.0095 -0.01 0.00318347 0.0095 -0.01188088 0.005 0.0095 -0.00866026 0.00615 0.0095 -0.0106521 0.00869741 0.0095 -0.00869743 0.00866025 0.0095 -0.005 0.01065211 0.0095 -0.00615001 0.01065211 0.0095 0.00615 0.01188089 0.0095 0.00318348 0.01 0.0095 -1E-08 0.0123 0.0095 -1E-08 0.01188089 0.0095 -0.00318346 -0.01188089 -0.0095 -0.00318346 -0.01065211 -0.0095 -0.00615001 -0.00866025 -0.0095 -0.005 -0.00869741 -0.0095 -0.00869743 -0.005 -0.0095 -0.00866026 0.01188089 -0.0095 0.00318348 0.01065211 -0.0095 0.00615 0.00866025 -0.0095 0.00499999 0.00869741 -0.0095 0.00869741 0.005 -0.0095 0.00866025 -0.0123 -0.0095 -1E-08 -0.01 -0.0095 -1E-08 -0.01188089 -0.0095 0.00318348 -0.00866025 -0.0095 0.00499999 -0.01065211 -0.0095 0.00615 -0.00869741 -0.0095 0.00869741 -0.005 -0.0095 0.00866025 -0.00615 -0.0095 0.01065212 0.00615 -0.0095 0.01065212 0.00318347 -0.0095 0.0118809 -0 -0.0095 0.01000001 -0 -0.0095 0.01230001 -0.00318347 -0.0095 0.0118809 0.0123 -0.0095 -1E-08 0.01 -0.0095 -1E-08 0.01188089 -0.0095 -0.00318346 0.00866025 -0.0095 -0.005 0.01065211 -0.0095 -0.00615001 0.005 -0.0095 -0.00866026 0.00615 -0.0095 -0.0106521 0.00869741 -0.0095 -0.00869743 -0.00615 -0.0095 -0.0106521 -0.00318347 -0.0095 -0.01188088 -0 -0.0095 -0.01 -0 -0.0095 -0.01229999 0.00318347 -0.0095 -0.01188088 -0.00514199 -0.012 -0.02344269 -0.00514199 -0.0065 -0.02344269 -0.00129883 -0.012 -0.02396483 -5.23E-06 -0.0065 -0.02399999 0.00257826 -0.012 -0.02386112 0.00257826 -0.0065 -0.02386112 0.00638801 -0.012 -0.02313424 0.00513178 -0.0065 -0.02344493 0.01003094 -0.012 -0.02180321 0.01003094 -0.0065 -0.02180321 -0.00859603 -0.012 -0.02742023 -0.00859603 -0.0065 -0.02742023 -0.00877695 -0.012 -0.02615697 -0.00877695 -0.0065 -0.02615697 -0.00841642 -0.012 -0.02493281 -0.00841642 -0.0065 -0.02493281 -0.00757968 -0.012 -0.02396924 -0.00757968 -0.0065 -0.02396924 -0.00641814 -0.012 -0.02344066 -0.00641814 -0.0065 -0.02344066 -0.00338246 -0.012 -0.04174394 -0.00338246 -0.0065 -0.04174394 -0.00595297 -0.0065 -0.0345775 -0.00595667 -0.012 -0.03456733 -0.00167635 -0.012 -0.04477445 -0.00167635 -0.0065 -0.04477445 0.01686476 -0.012 -0.06977163 0.01686476 -0.0065 -0.06977163 0.00790263 -0.012 -0.05704428 0.00790263 -0.0065 -0.05704428 0.02230116 -0.012 -0.0675166 0.02230116 -0.0065 -0.0675166 0.02225805 -0.012 -0.06887908 0.02225805 -0.0065 -0.06887908 0.0216165 -0.012 -0.07008181 0.0216165 -0.0065 -0.07008181 0.02050896 -0.012 -0.07087649 0.02050896 -0.0065 -0.07087649 0.01916411 -0.012 -0.07109908 0.01916411 -0.0065 -0.07109908 0.0178596 -0.012 -0.07070357 0.0178596 -0.0065 -0.07070357 0.01424641 -0.012 -0.02405021 0.01424641 -0.0065 -0.02405021 0.01693499 -0.0065 -0.03963868 0.01925337 -0.012 -0.05201311 0.01137258 -0.012 -0.02152992 0.01137258 -0.0065 -0.02152992 0.01269595 -0.012 -0.02188123 0.01269595 -0.0065 -0.02188123 0.01372537 -0.012 -0.02278403 0.01372537 -0.0065 -0.02278403 0.0112848 -0.0035 -0.02452863 0.00577325 -0.0035 -0.02637554 0.01398337 -0.0035 -0.04017533 0.01031217 -0.0035 -0.05525706 0.01935952 -0.0035 -0.06810544 -0.00578474 -0.0035 -0.02637303 -0.00313482 -0.0035 -0.03354887 -5.88E-06 -0.0035 -0.02699999 -0.00055217 -0.0035 -0.0407492 0.0006421 -0.0035 -0.04287056 0.02450723 -0.01815721 -0.09785262 0.02450723 -0.0055 -0.09785262 0.02850488 -0.01716742 -0.10605869 0.02877722 -0.0055 -0.10669538 0.03171501 -0.01623776 -0.11452615 0.03215935 -0.0055 -0.11591429 0.03462099 -0.0055 -0.12542045 0.0361384 -0.0055 -0.13512222 0.03613831 -0.01436325 -0.13512133 0.03538979 -0.01481464 -0.12957086 0.03414255 -0.01537843 -0.12323435 0.03215921 -0.01609426 -0.11591383 0.03261211 -0.0055 -0.17400503 0.03261217 -0.01230804 -0.17400482 0.03315483 -0.01236384 -0.17209609 0.03492527 -0.0055 -0.16446164 0.03515588 -0.01268478 -0.16321084 0.03629128 -0.0055 -0.1547374 0.03609782 -0.01298578 -0.15666322 0.03629133 -0.01308477 -0.15473689 0.03669696 -0.0055 -0.14492606 0.03668097 -0.0134894 -0.14765626 0.03644863 -0.01409911 -0.13861942 0.03037417 -0.01214887 -0.18070757 0.02937409 -0.0055 -0.18327554 0.02682699 -0.0120309 -0.18903124 0.02524245 -0.0055 -0.19218376 0.02524245 -0.01200926 -0.19218376 0.01129602 -0.0055 -0.09499035 0.01190775 -0.0180531 -0.09801761 0.01496217 -0.0055 -0.11492748 0.01518018 -0.01601157 -0.11627657 0.01595798 -0.0055 -0.1212905 0.0159575 -0.01552502 -0.12128723 0.01740737 -0.0055 -0.13166979 0.01780388 -0.01436942 -0.13481334 0.01955094 -0.0055 -0.15119603 0.01975903 -0.01314688 -0.15356642 0.01997372 -0.0055 -0.15616116 0.01997363 -0.01301242 -0.15616007 0.02090869 -0.0055 -0.17049643 0.02100397 -0.01235879 -0.17248224 0.02146222 -0.0055 -0.18950588 0.02147161 -0.01201711 -0.19126073 0.02147161 -0.0055 -0.19126073 0.00711131 -0.02036985 -0.07656575 0.00728365 -0.02049928 -0.07725767 0.00711131 -0.0055 -0.07656575 0.00792646 -0.02049995 -0.07988376 0.00941457 -0.01959206 -0.08625785 0.01139533 -0.0200125 -0.07599989 0.01071805 -0.01973695 -0.07497484 0.01071805 -0.0055 -0.07497484 0.02251184 -0.01861646 -0.09424887 0.01781979 -0.0055 -0.0861953 0.01439667 -0.02049995 -0.0806529 0.01375734 -0.02059053 -0.07964621 0.01206851 -0.02028879 -0.07702766 0.01525082 -0.0025 -0.0877446 0.01140473 -0.0025 -0.08153684 0.01423464 -0.0025 -0.09438661 0.03330354 -0.0025 -0.15446644 0.03369705 -0.0025 -0.14494944 0.02253881 -0.0025 -0.15092656 0.03315525 -0.0025 -0.13543972 0.02038261 -0.0025 -0.13128519 0.03168336 -0.0025 -0.126029 0.01792311 -0.0025 -0.11444492 0.02929557 -0.0025 -0.11680802 0.02601491 -0.0025 -0.10786568 0.02187301 -0.0025 -0.09928823 0.02443741 -0.0025 -0.18707144 0.02659387 -0.0025 -0.18214843 0.02390493 -0.0025 -0.17034627 0.02973475 -0.0025 -0.17315604 0.03197852 -0.0025 -0.16389896 0.02156878 -0.012 -0.20406887 0.02156878 -0.008 -0.20406887 0.02602007 -0.012 -0.19699799 0.02740982 -0.008 -0.19449814 0.03031016 -0.01204244 -0.18867214 0.03379796 -0.01217542 -0.18007089 0.03217595 -0.008 -0.18434921 0.03467286 -0.008 -0.17749095 0.03649064 -0.01240699 -0.17121676 0.0358107 -0.008 -0.17374237 0.03822621 -0.01270509 -0.16306713 0.03822621 -0.008 -0.16306713 0.04843933 -0.012 -0.202335 0.04746576 -0.008 -0.19553074 0.04921098 -0.012 -0.20803072 0.04997008 -0.008 -0.21396631 0.04997038 -0.01207044 -0.21396877 0.04762877 -0.012 -0.19664423 0.04601296 -0.01207106 -0.18598603 0.04272652 -0.008 -0.16623393 0.0421669 -0.01270584 -0.16305517 0.0421669 -0.008 -0.16305517 0.05088659 -0.01237435 -0.22171521 0.05090137 -0.008 -0.22184673 0.05226339 -0.01348566 -0.23525877 0.05294622 -0.008 -0.24353021 0.05330204 -0.01531938 -0.24864963 0.05398452 -0.008 -0.26270816 0.05398452 -0.01804988 -0.26270816 0.01215889 -0.0188971 -0.26658928 0.00893735 -0.0217575 -0.27751774 0.00893735 -0.008 -0.27751774 0.00971686 -0.008 -0.27509665 0.01295643 -0.008 -0.26343769 0.01441253 -0.01681885 -0.25705504 0.01475684 -0.008 -0.25540301 0.01475582 -0.01649849 -0.25540799 0.01557007 -0.008 -0.25123328 0.01664246 -0.01473621 -0.24501841 0.01673455 -0.008 -0.24443775 0.01794206 -0.01355014 -0.23587684 0.01849574 -0.008 -0.2311423 0.01849507 -0.01306895 -0.23114847 0.01863249 -0.008 -0.22986007 0.01926848 -0.01245293 -0.2230543 0.01912785 -0.008 -0.2247045 0.02009392 -0.01200848 -0.21000817 0.02016691 -0.008 -0.20828258 0.02016691 -0.01200023 -0.20828258 0.05070883 -0.01958491 -0.26824677 0.05070883 -0.008 -0.26824677 0.03907374 -0.02103092 -0.2737045 0.03261702 -0.008 -0.27635118 0.01381176 -0.0235971 -0.28262475 0.01894703 -0.02318566 -0.2811158 0.01381176 -0.008 -0.28262475 0.02403462 -0.02270441 -0.27947181 0.02713839 -0.02238028 -0.27839437 0.01851963 -0.005 -0.25178108 0.05098604 -0.005 -0.26280376 0.01969804 -0.005 -0.24490432 0.04995454 -0.005 -0.24375357 0.05081034 -0.005 -0.26391518 0.05023754 -0.005 -0.2648837 0.04934819 -0.005 -0.26557305 0.01587058 -0.005 -0.26415023 0.03152777 -0.005 -0.27355593 0.01257925 -0.005 -0.27599481 0.01178598 -0.005 -0.27845863 0.04013914 -0.005 -0.16886453 0.03869742 -0.005 -0.17455897 0.04449767 -0.005 -0.19596712 0.03495681 -0.005 -0.18547477 0.04792013 -0.005 -0.22218165 0.03005186 -0.005 -0.19591929 0.02404069 -0.005 -0.20576876 0.02211635 -0.005 -0.22496693 0.02161624 -0.005 -0.23017189 0.01188085 -0.005 -0.27929142 0.01217711 -0.005 -0.27960181 0.01174195 -0.005 -0.27888545 0.01257618 -0.005 -0.27975947 0.01300458 -0.005 -0.27973539 0.0234162 -0.005 -0.20702355 0.02316451 -0.005 -0.20840234 0.01003094 0.012 -0.02180321 0.01003094 0.0065 -0.02180321 0.00513178 0.012 -0.02344493 0.00638801 0.0065 -0.02313424 0.00257826 0.012 -0.02386112 0.00257826 0.0065 -0.02386112 -5.23E-06 0.012 -0.02399999 -0.00129883 0.0065 -0.02396483 -0.00514199 0.012 -0.02344269 -0.00514199 0.0065 -0.02344269 0.01424641 0.012 -0.02405021 0.01424641 0.0065 -0.02405021 0.01372537 0.012 -0.02278403 0.01372537 0.0065 -0.02278403 0.01269595 0.012 -0.02188123 0.01269595 0.0065 -0.02188123 0.01137258 0.012 -0.02152992 0.01137258 0.0065 -0.02152992 0.02230116 0.012 -0.0675166 0.02230116 0.0065 -0.0675166 0.01923343 0.0065 -0.05190933 0.01693078 0.012 -0.03961555 0.01686476 0.012 -0.06977163 0.01686476 0.0065 -0.06977163 0.0178596 0.012 -0.07070357 0.0178596 0.0065 -0.07070357 0.01916411 0.012 -0.07109908 0.01916411 0.0065 -0.07109908 0.02050896 0.012 -0.07087649 0.02050896 0.0065 -0.07087649 0.0216165 0.012 -0.07008181 0.0216165 0.0065 -0.07008181 0.02225805 0.012 -0.06887908 0.02225805 0.0065 -0.06887908 -0.00167635 0.012 -0.04477445 -0.00167635 0.0065 -0.04477445 0.00790263 0.012 -0.05704428 0.00790263 0.0065 -0.05704428 -0.00338246 0.012 -0.04174394 -0.00338246 0.0065 -0.04174394 -0.00859603 0.012 -0.02742023 -0.00859603 0.0065 -0.02742023 -0.00595297 0.0065 -0.0345775 -0.00595667 0.012 -0.03456733 -0.00641814 0.012 -0.02344066 -0.00641814 0.0065 -0.02344066 -0.00757968 0.012 -0.02396924 -0.00757968 0.0065 -0.02396924 -0.00841642 0.012 -0.02493281 -0.00841642 0.0065 -0.02493281 -0.00877695 0.012 -0.02615697 -0.00877695 0.0065 -0.02615697 -0.00313482 0.0035 -0.03354887 -0.00578474 0.0035 -0.02637303 -0.00146118 0.0035 -0.02696044 0.0112848 0.0035 -0.02452863 0.01628731 0.0035 -0.05247534 0.00718651 0.0035 -0.02602602 0.01935952 0.0035 -0.06810544 0.00290054 0.0035 -0.02684376 0.01031217 0.0035 -0.05525706 0.0006421 0.0035 -0.04287056 -0.00055217 0.0035 -0.0407492 0.02524245 0.01200926 -0.19218376 0.02524245 0.0055 -0.19218376 0.02911167 0.01209294 -0.18391646 0.03070212 0.0055 -0.17981702 0.03218845 0.0122701 -0.17540319 0.03261211 0.0055 -0.17400503 0.03629128 0.0055 -0.1547374 0.03560518 0.01280446 -0.1604623 0.03456676 0.0055 -0.16625044 0.03447862 0.01254801 -0.16666591 0.03261217 0.01230804 -0.17400482 0.03215935 0.0055 -0.11591429 0.03215915 0.01609427 -0.11591364 0.03286418 0.01585585 -0.11827462 0.03436301 0.0055 -0.12421273 0.03496566 0.01502287 -0.12716199 0.0361384 0.0055 -0.13512222 0.03593044 0.01450514 -0.13332324 0.03613834 0.01436323 -0.13512164 0.0364156 0.0055 -0.1381689 0.03664308 0.01383597 -0.14233184 0.03648397 0.0055 -0.15227503 0.03653865 0.01326839 -0.15138382 0.03629134 0.01308478 -0.15473674 0.02998277 0.01675921 -0.10967316 0.03036705 0.0055 -0.11068425 0.02633568 0.01772197 -0.1013721 0.02450723 0.0055 -0.09785262 0.02450723 0.01815721 -0.09785262 0.01191858 0.01804638 -0.09807215 0.00941457 0.01959206 -0.08625782 0.01032507 0.0055 -0.09038166 0.00728365 0.02049928 -0.07725767 0.00711131 0.02036985 -0.07656575 0.00711131 0.0055 -0.07656575 0.00792646 0.02049995 -0.07988376 0.01518506 0.01600851 -0.11630706 0.01402558 0.0055 -0.10937528 0.01595751 0.01552501 -0.12128732 0.01595798 0.0055 -0.1212905 0.01776948 0.01439094 -0.1345343 0.01703483 0.0055 -0.1288493 0.01744081 0.0055 -0.13192904 0.01968498 0.01319325 -0.15270782 0.01965265 0.0055 -0.15233843 0.01997361 0.01301243 -0.15615982 0.01997372 0.0055 -0.15616116 0.02092314 0.01241125 -0.17078644 0.02100071 0.0055 -0.17241108 0.02145576 0.01203757 -0.18873239 0.02147161 0.0055 -0.19126073 0.02147161 0.01201711 -0.19126073 0.01071805 0.01973695 -0.07497484 0.01139533 0.0200125 -0.07599989 0.01071805 0.0055 -0.07497484 0.01206851 0.02028879 -0.07702766 0.01657219 0.0199934 -0.08414475 0.01786118 0.0055 -0.08626393 0.01439667 0.02049995 -0.0806529 0.01375734 0.02059053 -0.07964621 0.01325747 0.0025 -0.08974839 0.01140473 0.0025 -0.08153684 0.0152918 0.0025 -0.08781258 0.02788206 0.0025 -0.17879368 0.02443741 0.0025 -0.18707144 0.02399754 0.0025 -0.17227326 0.01698096 0.0025 -0.10885976 0.02187301 0.0025 -0.09928823 0.02755704 0.0025 -0.11173489 0.02000791 0.0025 -0.12844825 0.03143312 0.0025 -0.12485752 0.02041625 0.0025 -0.13154595 0.03342413 0.0025 -0.138395 0.02264114 0.0025 -0.15207581 0.03349045 0.0025 -0.15207794 0.03163076 0.0025 -0.16563408 0.03822621 0.01270509 -0.16306713 0.03822621 0.008 -0.16306713 0.03623083 0.01237616 -0.17221229 0.0358107 0.008 -0.17374237 0.03344063 0.01215543 -0.18106429 0.03217595 0.008 -0.18434921 0.02987364 0.01203341 -0.1896107 0.02908161 0.008 -0.19125362 0.02602007 0.012 -0.19699799 0.02740982 0.008 -0.19449814 0.02156878 0.012 -0.20406887 0.02156878 0.008 -0.20406887 0.05398452 0.008 -0.26270816 0.05294622 0.008 -0.24353021 0.05398452 0.01804988 -0.26270816 0.05333707 0.01541059 -0.2491999 0.04997008 0.008 -0.21396631 0.04997038 0.01207043 -0.21396871 0.05090137 0.008 -0.22184673 0.05087462 0.01236855 -0.22160898 0.05228449 0.01351145 -0.23549324 0.0421669 0.008 -0.16305517 0.0421669 0.01270584 -0.16305517 0.04272652 0.008 -0.16623393 0.04400528 0.01232999 -0.17367662 0.04746576 0.008 -0.19553074 0.04762877 0.012 -0.19664423 0.04843933 0.012 -0.202335 0.04921098 0.012 -0.20803072 0.01381176 0.0235971 -0.28262475 0.01381176 0.008 -0.28262475 0.01894703 0.02318566 -0.2811158 0.02403462 0.02270441 -0.27947181 0.03608287 0.02138331 -0.27496323 0.03261702 0.008 -0.27635118 0.04783199 0.01995228 -0.26968178 0.05070883 0.008 -0.26824677 0.05070883 0.01958491 -0.26824677 0.02016691 0.01200023 -0.20828258 0.02016691 0.008 -0.20828258 0.01941179 0.01235175 -0.22126058 0.01955112 0.008 -0.21938564 0.01862859 0.01295664 -0.22989735 0.01849574 0.008 -0.2311423 0.01849543 0.01306865 -0.23114517 0.01799718 0.008 -0.23543383 0.01706384 0.01434653 -0.24228851 0.01699092 0.008 -0.24277471 0.01557432 0.01573296 -0.25121036 0.01475684 0.008 -0.25540301 0.01475487 0.01649937 -0.25541258 0.01448195 0.008 -0.25672686 0.01316819 0.01797272 -0.26256335 0.01237595 0.008 -0.26575261 0.01020112 0.02065301 -0.2735275 0.00893735 0.008 -0.27751774 0.00893735 0.0217575 -0.27751774 0.04449767 0.005 -0.19596712 0.04792013 0.005 -0.22218165 0.03005186 0.005 -0.19591929 0.03495681 0.005 -0.18547477 0.03869742 0.005 -0.17455897 0.04013914 0.005 -0.16886453 0.01300458 0.005 -0.27973539 0.01178598 0.005 -0.27845863 0.03152777 0.005 -0.27355593 0.01528146 0.005 -0.26649958 0.04934819 0.005 -0.26557305 0.01741746 0.005 -0.25734556 0.05023754 0.005 -0.2648837 0.05081034 0.005 -0.26391518 0.01188085 0.005 -0.27929142 0.01174195 0.005 -0.27888545 0.01217711 0.005 -0.27960181 0.01257618 0.005 -0.27975947 0.05098604 0.005 -0.26280376 0.01995734 0.005 -0.24322237 0.04995454 0.005 -0.24375357 0.02097451 0.005 -0.23580201 0.02254348 0.005 -0.21959957 0.02316451 0.005 -0.20840234 0.0234162 0.005 -0.20702355 0.02404069 0.005 -0.20576876 0.00515662 -0.02159066 -0.07912055 0.0063131 -0.02148859 -0.07735274 0.00614116 -0.02134478 -0.07658578 0.01460046 -0.02158998 -0.07914153 0.01537116 -0.02148126 -0.07730383 0.01460046 0.02158998 -0.07914153 0.01537116 0.02148126 -0.07730383 0.00478414 0.02148762 -0.07734615 0.0063131 0.02148859 -0.07735274 0.00614116 0.02134478 -0.07658578 0.03461777 -0.014 -0.10929202 0.0349398 -0.01610313 -0.11028593 0.03461002 0.014 -0.10926949 0.0342443 0.01631207 -0.10826554 0.00784073 0.023875 -0.34594479 0.008092 0.0225 -0.34621423 0.02203255 0.0265 -0.36116365 0.02203255 -0.0265 -0.36116365 0.00621651 -0.02525 -0.34420303 -0.01051325 -0.0265 -0.32626253 0.00527876 -0.02488157 -0.34319741 0.00459228 -0.023875 -0.34246126 0.00784073 0.021125 -0.34594479 0.00715425 0.02011843 -0.34520862 -0.01051325 0.0265 -0.32626253 0.00434101 0.0225 -0.34219179 0.00459228 0.023875 -0.34246126 0.00527876 0.02488157 -0.34319741 0.00621651 0.02525 -0.34420303 0.00715425 0.02488157 -0.34520862 0.008092 -0.0225 -0.34621423 0.00784073 -0.023875 -0.34594479 0.00715425 -0.02488157 -0.34520862 0.00459228 0.021125 -0.34246126 0.00527876 0.02011843 -0.34319741 0.00434101 -0.0225 -0.34219179 0.00459228 -0.021125 -0.34246126 0.00527876 -0.02011843 -0.34319741 0.00621651 0.01975 -0.34420303 0.00621651 -0.01975 -0.34420303 0.00715425 -0.02011843 -0.34520862 0.00784073 -0.021125 -0.34594479 0.05209436 -0.0230803 -0.2816765 0.05209436 0.0230803 -0.2816765 0.05179478 -0.02499965 -0.28980869 0.05181163 0.02493718 -0.2894775 0.05124051 -0.02613511 -0.29799786 0.05126426 0.02610887 -0.29771525 0.05041568 0.0265 -0.30601192 0.05041568 -0.0265 -0.30601192 0.05014247 0.0265 -0.30815348 0.05014247 -0.0265 -0.30815348 0.05000328 0.0265 -0.30917823 0.04893854 -0.0265 -0.3159374 0.04798719 0.0265 -0.3208611 0.04695773 -0.0265 -0.32541639 0.04639066 0.0265 -0.32766807 0.04639066 -0.0265 -0.32766807 0.04442836 -0.0265 -0.33442622 0.04531213 0.0265 -0.33155617 0.0432214 0.0265 -0.33797631 0.04129504 -0.0265 -0.34294188 0.04106199 0.0265 -0.34349373 0.04019545 -0.0265 -0.34546575 0.03978236 0.0265 -0.34636429 0.03664659 -0.0265 -0.35244754 0.03578246 0.0265 -0.35392839 0.03254514 -0.0265 -0.35887966 0.03118395 0.0265 -0.3607201 0.03118395 -0.0265 -0.3607201 0.00989391 -0.02438253 -0.28780445 0.00989391 0.02438253 -0.28780445 0.0189609 0.02378962 -0.28529367 0.02182376 -0.02356177 -0.28440633 0.03069953 0.02270441 -0.2813572 0.03069953 -0.02270441 -0.2813572 0.03721475 0.02195757 -0.27882236 0.03721475 -0.02195757 -0.27882236 0.04363603 0.02117828 -0.27606723 0.04363603 -0.02117828 -0.27606723 -0.01067338 -0.0265 -0.31825733 -0.01067338 0.0265 -0.31825733 -0.00530105 -0.0265 -0.31135005 -0.00714618 0.0265 -0.31388018 -0.00219543 -0.0265 -0.30666214 0.00235545 0.02614284 -0.29862505 0.00586152 0.02517348 -0.291224 0.00586152 -0.02517348 -0.291224 -0.00219543 0.0265 -0.30666214 -0.00165705 0.0264958 -0.30578902 -0.00157035 -0.02649431 -0.3056466 -0.00157085 0.02649432 -0.30564743 0.00190124 -0.02621648 -0.29949945 0.00547192 -0.02532233 -0.29210889 0.01857469 0.0125 0.0403552 0.00536672 0.0125 0.02542328 0.00521006 0.0125 0.02552083 0.00281629 0.0125 0.02886474 0.01742667 0.0125 0.03603923 0.0151207 0.0125 0.03834521 0.01839332 0.0125 0.04038923 0.01197071 0.0125 0.03918924 0.00554809 0.0125 0.04038923 0.00882071 0.0125 0.03834521 0.00536672 0.0125 0.0403552 0.00651474 0.0125 0.03603923 0.00521006 0.0125 0.04025766 0.00554809 0.0125 0.02538925 0.00651474 0.0125 0.02973926 0.0056707 0.0125 0.03288924 0.00197071 0.0125 0.03288924 0.00281629 0.0125 0.03691375 0.0182707 0.0125 0.03288924 0.01742667 0.0125 0.02973926 0.00882071 0.0125 0.02743327 0.01197071 0.0125 0.02658924 0.01839332 0.0125 0.02538925 0.0151207 0.0125 0.02743327 0.01857469 0.0125 0.02542328 0.00521006 0.0155 0.02552083 0.00281629 0.0155 0.02886474 0.00197071 0.0155 0.03288924 0.00281629 0.0155 0.03691375 0.00521006 0.0155 0.04025766 0.00554809 0.0155 0.04038923 0.01839332 0.0155 0.04038923 0.00554809 0.0155 0.02538925 0.01839332 0.0155 0.02538925 0.00489964 -0.0127 0.03996032 0.0069707 -0.0127 0.0415495 0.0069707 -0.0155 0.0415495 0.01697071 -0.0155 0.02422898 0.01697071 -0.0127 0.02422898 0.0145589 -0.0127 0.02322998 0.01197071 -0.0155 0.02288925 0.02162996 -0.0127 0.03547742 0.0219707 -0.0127 0.03288924 0.0219707 -0.0155 0.03288924 0.02162996 -0.0127 0.03030106 0.02063096 -0.0155 0.02788925 0.02063096 -0.0127 0.02788925 0.01904177 -0.0127 0.02581816 0.02063096 -0.0127 0.03788923 0.02063096 -0.0155 0.03788923 0.01904177 -0.0127 0.03996032 0.01697071 -0.0155 0.0415495 0.01697071 -0.0127 0.0415495 0.0145589 -0.0127 0.0425485 0.01197071 -0.0155 0.04288923 0.01197071 -0.0127 0.04288923 0.00938251 -0.0127 0.0425485 0.00331045 -0.0127 0.03788923 0.00331045 -0.0155 0.03788923 0.00231145 -0.0127 0.03547742 0.00197071 -0.0155 0.03288924 0.00197071 -0.0127 0.03288924 0.0069707 -0.0155 0.02422898 0.00489964 -0.0127 0.02581816 0.00331045 -0.0155 0.02788925 0.00331045 -0.0127 0.02788925 0.00231145 -0.0127 0.03030106 0.01197071 -0.0127 0.02288925 0.00938251 -0.0127 0.02322998 0.0069707 -0.0127 0.02422898 0.0213127 0.0115 0.00545608 0.0213127 0.008 0.00545608 0.02194061 0.0115 0.00161549 0.0219977 0.008 0.00031804 0.02188199 0.0115 -0.00227562 0.02188199 0.008 -0.00227562 0.02113869 0.0115 -0.00609556 0.02146153 0.008 -0.00483764 0.01973395 0.0115 -0.00972477 0.01973395 0.008 -0.00972477 -0.01953853 0.0115 -0.01011167 -0.01953853 -0.0115 -0.01011167 -0.02120571 0.0115 -0.00585816 -0.02120571 -0.0115 -0.00585816 -0.02195842 0.0115 -0.00135199 -0.02195842 -0.0115 -0.00135199 -0.02176419 0.0115 0.00321248 -0.02176419 -0.0115 0.00321248 -0.0206314 0.0115 0.00763839 -0.0206314 -0.0115 0.00763839 -0.01860891 0.0115 0.01173493 -0.01860891 -0.0115 0.01173493 -0.01578392 0.0115 0.01532539 -0.01578392 -0.0115 0.01532539 0.0213127 -0.008 0.00545608 0.0213127 -0.0115 0.00545608 0.02194061 -0.008 0.00161549 0.02194061 -0.0115 0.00161549 0.02188199 -0.008 -0.00227562 0.02188199 -0.0115 -0.00227562 0.02113869 -0.008 -0.00609556 0.02113869 -0.0115 -0.00609556 0.01973395 -0.008 -0.00972477 0.01973395 -0.0115 -0.00972477 0.01789927 -0.0115 -0.01557148 0.01826883 -0.00767814 -0.01372365 0.01915995 -0.008 -0.01100019 0.01791688 -0.00501028 -0.02167351 0.01767403 -0.00623823 -0.01849425 0.01801546 -0.00740087 -0.01488507 0.02117881 -0.008 0.0148203 0.02097453 -0.0115 0.01379018 0.02070432 -0.0115 0.00960531 0.02077444 -0.008 0.00855743 0.02072944 -0.008 0.01170486 0.01826883 0.00767814 -0.01372365 0.01801546 0.00740087 -0.01488507 0.01789927 0.0115 -0.01557148 0.01791688 0.00501028 -0.02167351 0.01767403 0.00623823 -0.01849425 0.01915995 0.008 -0.01100019 0.02117881 0.0115 0.0148203 0.02117881 0.008 0.0148203 0.02072944 0.0115 0.01170486 0.02072944 0.008 0.01170486 0.02077444 0.0115 0.00855743 0.02077444 0.008 0.00855743 -0.01309381 -0.0115 0.01851209 -0.01309381 0.0115 0.01851209 0.05363313 -0.008 -0.26493099 0.05369547 -0.0185944 -0.26474863 0.05248751 -0.008 -0.26686805 0.05272857 -0.01910301 -0.26657671 0.05119817 -0.01950334 -0.26796809 0.05248751 0.008 -0.26686805 0.05232741 0.01923575 -0.26704252 0.05363313 0.008 -0.26493099 0.05344731 0.01876993 -0.26538756 0.05396448 0.01823845 -0.26342517 -0.01191804 -0.0265 -0.3237333 -0.01191804 0.0265 -0.3237333 -0.0119759 -0.0265 -0.32084072 -0.0119759 0.0265 -0.32084072 0.02943435 -0.0265 -0.36225989 0.02943435 0.0265 -0.36225989 0.02920622 -0.0265 -0.36238584 0.02920622 0.0265 -0.36238584 0.02671113 -0.0265 -0.36306462 0.02671113 0.0265 -0.36306462 0.0241621 -0.0265 -0.36263034 0.0241621 0.0265 -0.36263034 0.02392286 -0.0265 -0.36252701 0.02392286 0.0265 -0.36252701 0.00747954 -0.02469192 -0.28904715 0.00660491 -0.02490427 -0.28996491 0.00697513 0.02480493 -0.28952822 0.00859874 0.02450795 -0.28829607 0.00747946 0.02469194 -0.28904721 0.00806204 -0.02458616 -0.28861079 0.04551774 -0.02101695 -0.27556771 0.04437799 0.02108888 -0.27579099 0.04658535 -0.02101441 -0.27555978 0.04631362 0.02100925 -0.27554375 0.04746539 -0.02105894 -0.27569818 0.04826962 0.02113943 -0.27594739 0.04925207 -0.02129867 -0.27643698 0.04941527 0.02133288 -0.27654159 0.05071424 -0.02171934 -0.27770951 0.05003069 0.02148693 -0.27701017 0.05134519 0.02203108 -0.27863374 0.05208161 -0.02289421 -0.28112566 0.05201853 0.02270441 -0.28057927 0.05170625 -0.02229791 -0.27941278 0.05141633 -0.02207616 -0.27876613 0.05201853 -0.02270441 -0.28057927 0.05208161 0.02289421 -0.28112566 0.01320601 -0.02363616 -0.2827445 0.01209814 -0.008 -0.28272113 0.01189123 -0.02361585 -0.28268212 0.01050186 -0.008 -0.28209049 0.01064054 -0.02344952 -0.28217974 0.00961208 -0.02313615 -0.28127107 0.00931683 -0.008 -0.28084892 0.00931487 -0.02298387 -0.2808457 0.00895874 -0.02270441 -0.2800898 0.00876123 -0.008 -0.27922499 0.00876118 -0.02238065 -0.27922451 0.008736 -0.02219077 -0.27871037 0.00876123 0.008 -0.27922499 0.00873755 0.02226045 -0.27889961 0.00895874 0.02270441 -0.2800898 0.00931683 0.008 -0.28084892 0.00930234 0.02297633 -0.28082487 0.01014163 0.02332643 -0.2818172 0.01050186 0.008 -0.28209049 0.01049981 0.02341899 -0.28208911 0.01124815 0.02355131 -0.28248543 0.01209814 0.008 -0.28272113 0.01251769 0.02364325 -0.28276631 0.03844911 -0.01274558 -0.16243327 0.03858804 -0.008 -0.16221708 0.03858801 -0.01275964 -0.16221713 0.03886949 -0.01277993 -0.16190888 0.03929331 -0.008 -0.16162035 0.0394397 -0.01280365 -0.16155341 0.04019153 -0.008 -0.16140425 0.04009497 -0.01281353 -0.16140687 0.04076134 -0.01280823 -0.16148534 0.04109104 -0.008 -0.16161489 0.04109108 -0.01279952 -0.16161492 0.0413641 -0.01278851 -0.16177967 0.04179991 -0.008 -0.16220735 0.04183574 -0.01275704 -0.16225687 0.04212314 -0.01271796 -0.16286363 0.04194016 0.01274626 -0.16242267 0.04179991 0.008 -0.16220735 0.04179994 0.01276028 -0.16220738 0.04151661 0.01278046 -0.16190085 0.04109104 0.008 -0.16161489 0.04094426 0.01280396 -0.16154885 0.04019153 0.008 -0.16140425 0.04028812 0.01281357 -0.16140629 0.03962224 0.012808 -0.16148879 0.03929331 0.008 -0.16162035 0.03929327 0.01279915 -0.16162038 0.03902128 0.01278803 -0.16178675 0.03858804 0.008 -0.16221708 0.03855253 0.0127564 -0.16226681 0.0382688 0.01271722 -0.16287531 0.00915427 0.0055 -0.07408331 0.00994519 0.01946227 -0.07429142 0.01004213 0.0055 -0.07434321 0.00824444 0.0055 -0.07425079 0.00896196 0.01937838 -0.07408268 0.00915558 0.01937865 -0.0740834 0.00750731 0.0055 -0.0748098 0.00799877 0.01949796 -0.07438023 0.00824236 0.01944631 -0.07425172 0.00710059 0.0055 -0.07564069 0.00728831 0.01980206 -0.07513685 0.00750436 0.01967205 -0.07481337 0.00706952 0.02028879 -0.07634784 0.0070539 0.02022002 -0.07617674 0.00710011 0.02000543 -0.0756428 0.02166703 0.0055 -0.19211647 0.02158652 0.01201124 -0.19192235 0.02303894 0.01200335 -0.19320683 0.022417 0.01200454 -0.19295354 0.02221005 0.0055 -0.19280612 0.02221005 0.01200532 -0.19280612 0.02191395 0.01200706 -0.19250867 0.02299608 0.0055 -0.19319683 0.0238737 0.0055 -0.19321336 0.02370967 0.01200321 -0.19323997 0.02435355 0.01200407 -0.19304922 0.02467387 0.0055 -0.19285248 0.02467387 0.01200506 -0.19285248 0.024898 0.01200617 -0.19265611 0.02467387 -0.0055 -0.19285248 0.0238737 -0.0055 -0.19321336 0.02427372 -0.01200389 -0.1930863 0.02483494 -0.01200581 -0.19271751 0.02295345 -0.01200344 -0.19318591 0.02362207 -0.01200317 -0.19324853 0.0238737 -0.01200332 -0.19321336 0.02299608 -0.0055 -0.19319683 0.02221005 -0.0055 -0.19280612 0.02234326 -0.01200479 -0.1929055 0.02186027 -0.01200751 -0.19243893 0.02166703 -0.0055 -0.19211647 0.02166703 -0.01200975 -0.19211647 0.02155895 -0.01201191 -0.1918388 0.00880206 -0.01938385 -0.0740963 0.00824128 -0.0194465 -0.0742522 0.00824444 -0.0055 -0.07425079 0.00706952 -0.02028879 -0.07634784 0.00710059 -0.0055 -0.07564069 0.00710026 -0.02000516 -0.07564215 0.00750731 -0.0055 -0.0748098 0.00786298 -0.01953493 -0.0744722 0.00750415 -0.01967216 -0.07481364 0.00721464 -0.01986352 -0.07528973 0.00915546 -0.01937865 -0.0740834 0.00915427 -0.0055 -0.07408331 0.00979714 -0.01943551 -0.07422484 0.01004213 -0.0055 -0.07434321 0.01004557 -0.01948387 -0.07434518 0.01061941 -0.01968232 -0.07483891 0.02056961 0.008 -0.2060765 0.02061915 0.012 -0.2059322 0.0201849 0.012 -0.207978 0.0201849 -0.012 -0.207978 0.02061915 -0.012 -0.2059322 0.02056961 -0.008 -0.2060765 0.01307679 0.005 0.00499629 0.01307679 -0.005 0.00499629 0.014726 0.005 -0.00082297 0.014726 -0.005 -0.00082297 0.00931899 -0.0065 -0.2776438 0.00915418 -0.00685195 -0.27758935 0.00898812 -0.00685195 -0.27919915 0.01375032 -0.00685195 -0.28240481 0.01213452 -0.00685195 -0.28249571 0.01062938 -0.00685195 -0.28190106 0.00951201 -0.00685195 -0.28073037 0.01357534 -0.00587868 -0.28177848 0.01223815 -0.00587868 -0.28185371 0.01099253 -0.00587868 -0.28136158 0.01006782 -0.00587868 -0.28039274 0.00963426 -0.00587868 -0.27912554 0.00977169 -0.00587868 -0.27779332 0.01331348 -0.00522836 -0.28084108 0.01239324 -0.00522836 -0.28089285 0.01153602 -0.00522836 -0.28055421 0.01089965 -0.00522836 -0.27988744 0.01060128 -0.00522836 -0.27901539 0.01036166 -0.00540192 -0.27798817 0.05060526 -0.00685195 -0.26804325 0.03253411 -0.00685195 -0.27613842 0.03229798 -0.00587868 -0.27553248 0.03194461 -0.00522836 -0.27462563 0.05031031 -0.00587868 -0.26746365 0.04986889 -0.00522836 -0.26659623 0.02166571 -0.00540192 -0.20834245 0.02056851 -0.0065 -0.20829862 0.01952823 -0.0065 -0.22473967 0.01114805 -0.00540192 -0.27554572 0.01010035 -0.0065 -0.27521697 0.01334685 -0.0065 -0.26353315 0.01596523 -0.0065 -0.25130665 0.01713158 -0.0065 -0.24450026 0.0206221 -0.00540192 -0.22483572 0.02012436 -0.00540192 -0.23001598 0.0182163 -0.00540192 -0.24467105 0.01704485 -0.00540192 -0.25150716 0.01441351 -0.00540192 -0.26379395 0.01903224 -0.0065 -0.22990185 0.05358279 -0.0065 -0.26272094 0.05310628 -0.00587868 -0.26273614 0.05280636 -0.00587868 -0.26463348 0.05375627 -0.00685195 -0.26271543 0.05341826 -0.00685195 -0.26485369 0.05231624 -0.00685195 -0.26671699 0.05182851 -0.00587868 -0.26628685 0.05248528 -0.00540192 -0.26275596 0.05189058 -0.00522836 -0.26430392 0.05109856 -0.00522836 -0.26564309 0.02095098 -0.0065 -0.20620337 0.02189995 -0.0065 -0.2042966 0.02229278 -0.00587868 -0.20456676 0.02199291 -0.00540192 -0.20655002 0.02280473 -0.00540192 -0.20491882 0.0419574 -0.00665036 -0.16371171 0.0418947 -0.00647562 -0.16390519 0.0423306 -0.0065 -0.16630314 0.04134402 -0.00556779 -0.16555007 0.04112503 -0.00536377 -0.16617936 0.04124893 -0.00540192 -0.16649225 0.04014332 -0.00500001 -0.16885361 0.04598172 -0.00540192 -0.19574894 0.04216308 -0.00781241 -0.16306728 0.04214923 -0.00759718 -0.16311117 0.04211179 -0.00729232 -0.16322942 0.04706812 -0.0065 -0.19558921 0.05145038 -0.00540192 -0.24364188 0.05254541 -0.0065 -0.24356014 0.04941075 -0.00540192 -0.22201419 0.05050196 -0.0065 -0.2218916 0.03904137 -0.00556779 -0.16552982 0.03882588 -0.00584782 -0.1648781 0.0366562 -0.00587868 -0.17398155 0.03828278 -0.00729232 -0.16323785 0.03824438 -0.00759718 -0.16312197 0.03823014 -0.00781241 -0.16307898 0.0392486 -0.00536377 -0.16615728 0.04013551 -0.00500001 -0.16885343 0.03759272 -0.00522836 -0.17424648 0.02904079 -0.00522836 -0.19537543 0.03389262 -0.00522836 -0.18504404 0.03299045 -0.00587868 -0.18467888 0.02818366 -0.00587868 -0.19491439 0.03843966 -0.00665036 -0.16371141 0.03603044 -0.00685195 -0.17380452 0.03238764 -0.00685195 -0.18443489 0.02761094 -0.00685195 -0.19460632 0.04014071 -0.005 -0.16885355 0.04013811 -0.005 -0.16885349 0.03954736 -0.0052357 -0.16614799 0.03986297 -0.00515748 -0.16614388 0.03939764 -0.00536976 -0.165507 0.04089978 -0.00577993 -0.16341062 0.04098821 -0.00536976 -0.16552098 0.04151197 -0.00612466 -0.16352989 0.03888512 -0.00612466 -0.16352966 0.03978696 -0.00524754 -0.1654944 0.04018709 -0.00513117 -0.16614507 0.03869171 -0.00668956 -0.16280922 0.03949733 -0.00577993 -0.1634105 0.04019311 -0.00520623 -0.16549255 0.04051114 -0.00515748 -0.16615151 0.04019547 -0.00613304 -0.162411 0.04102177 -0.00627867 -0.16251253 0.04170097 -0.00668956 -0.16280259 0.03862653 -0.00709722 -0.1624871 0.03936963 -0.00627867 -0.16251616 0.04019856 -0.00565994 -0.16336907 0.04059916 -0.00524754 -0.16550153 0.04082657 -0.0052357 -0.16616304 0.03932255 -0.00675078 -0.162046 0.0401934 -0.00662707 -0.16188675 0.04106512 -0.00675078 -0.16204117 0.04176357 -0.00709722 -0.16247843 0.03859707 -0.00752464 -0.16228969 0.03930029 -0.0073236 -0.16173698 0.04019204 -0.00725155 -0.16153696 0.04108496 -0.0073236 -0.16173168 0.04179146 -0.00752464 -0.16228019 0.01357534 0.00587868 -0.28177848 0.01370362 0.0065 -0.28223765 0.01216218 0.0065 -0.28232434 0.00931899 0.0065 -0.2776438 0.00916057 0.0065 -0.27917951 0.00966035 0.0065 -0.28064024 0.0107263 0.0065 -0.28175709 0.01036166 0.00540192 -0.27798817 0.01025159 0.00540192 -0.27905521 0.01059884 0.00540192 -0.28007016 0.01133949 0.00540192 -0.28084615 0.01233716 0.00540192 -0.28124031 0.01340817 0.00540192 -0.28118005 0.01276521 0.0065 -0.26585269 0.01995202 0.0065 -0.21941431 0.02056851 0.0065 -0.20829862 0.02166571 0.00540192 -0.20834245 0.0210473 0.00540192 -0.21949261 0.01839607 0.0065 -0.23548317 0.01738835 0.0065 -0.24283469 0.01382871 0.00540192 -0.2661261 0.01594971 0.00540192 -0.25703621 0.01847413 0.00540192 -0.24299854 0.01948585 0.00540192 -0.23561792 0.01487524 0.0065 -0.25680974 0.03253411 0.00685195 -0.27613842 0.05060526 0.00685195 -0.26804325 0.03229798 0.00587868 -0.27553248 0.05031031 0.00587868 -0.26746365 0.03194461 0.00522836 -0.27462563 0.04986889 0.00522836 -0.26659623 0.02095098 0.0065 -0.20620337 0.02199291 0.00540192 -0.20655002 0.02280473 0.00540192 -0.20491882 0.02229278 0.00587868 -0.20456676 0.02189995 0.0065 -0.2042966 0.05231624 0.00685195 -0.26671699 0.05341826 0.00685195 -0.26485369 0.05375627 0.00685195 -0.26271543 0.05358279 0.0065 -0.26272094 0.05280636 0.00587868 -0.26463348 0.05310628 0.00587868 -0.26273614 0.05189058 0.00522836 -0.26430392 0.05248528 0.00540192 -0.26275596 0.05182851 0.00587868 -0.26628685 0.05109856 0.00522836 -0.26564309 0.02904079 0.00522836 -0.19537543 0.03389262 0.00522836 -0.18504404 0.04013551 0.00500001 -0.16885343 0.03759272 0.00522836 -0.17424648 0.03603044 0.00685195 -0.17380452 0.03882588 0.00584782 -0.1648781 0.0366562 0.00587868 -0.17398155 0.03904137 0.00556779 -0.16552982 0.0392486 0.00536377 -0.16615728 0.03823014 0.00781241 -0.16307898 0.03824438 0.00759718 -0.16312197 0.03828278 0.00729232 -0.16323785 0.03843966 0.00665036 -0.16371141 0.03299045 0.00587868 -0.18467888 0.03238764 0.00685195 -0.18443489 0.02761094 0.00685195 -0.19460632 0.02818366 0.00587868 -0.19491439 0.05145038 0.00540192 -0.24364188 0.04014332 0.00500001 -0.16885361 0.04124893 0.00540192 -0.16649225 0.04598172 0.00540192 -0.19574894 0.04134402 0.00556779 -0.16555007 0.0418947 0.00647562 -0.16390519 0.0423306 0.0065 -0.16630314 0.04216308 0.00781241 -0.16306728 0.0419574 0.00665036 -0.16371171 0.04211179 0.00729232 -0.16322942 0.04214923 0.00759718 -0.16311117 0.04112503 0.00536377 -0.16617936 0.04706812 0.0065 -0.19558921 0.05050196 0.0065 -0.2218916 0.05254541 0.0065 -0.24356014 0.04941075 0.00540192 -0.22201419 0.04013811 0.005 -0.16885349 0.04014071 0.005 -0.16885355 0.04051114 0.00515748 -0.16615151 0.04082657 0.0052357 -0.16616304 0.04098821 0.00536976 -0.16552098 0.03949733 0.00577993 -0.1634105 0.03939764 0.00536976 -0.165507 0.03888512 0.00612466 -0.16352966 0.04151197 0.00612466 -0.16352989 0.04059916 0.00524754 -0.16550153 0.04018709 0.00513117 -0.16614507 0.04170097 0.00668956 -0.16280259 0.04089978 0.00577993 -0.16341062 0.04019311 0.00520623 -0.16549255 0.03986297 0.00515748 -0.16614388 0.04019547 0.00613304 -0.162411 0.03936963 0.00627867 -0.16251616 0.03869171 0.00668956 -0.16280922 0.04176357 0.00709722 -0.16247843 0.04102177 0.00627867 -0.16251253 0.04019856 0.00565994 -0.16336907 0.03978696 0.00524754 -0.1654944 0.03954736 0.0052357 -0.16614799 0.04106512 0.00675078 -0.16204117 0.0401934 0.00662707 -0.16188675 0.03932255 0.00675078 -0.162046 0.03862653 0.00709722 -0.1624871 0.04179146 0.00752464 -0.16228019 0.04108496 0.0073236 -0.16173168 0.04019204 0.00725155 -0.16153696 0.03930029 0.0073236 -0.16173698 0.03859707 0.00752464 -0.16228969 0.02373569 -0.00337868 -0.09827311 0.02319012 -0.00290192 -0.09857044 0.02739607 -0.00290192 -0.10728053 0.02523884 -0.00520517 -0.19215938 0.02513861 -0.00398051 -0.19148894 0.02519592 -0.00445931 -0.19187088 0.02522698 -0.0048926 -0.19207947 0.02484343 -0.00287771 -0.18957533 0.02507341 -0.00361232 -0.1910587 0.02900162 -0.004 -0.18312453 0.02443927 -0.00250001 -0.1870826 0.02798398 -0.00290192 -0.18271197 0.02451409 -0.00251194 -0.18753411 0.02468831 -0.0026345 -0.18860252 0.02415431 -0.004 -0.09804497 0.02840715 -0.004 -0.10685217 0.03177568 -0.004 -0.11603402 0.03422742 -0.004 -0.12550198 0.03573874 -0.004 -0.13516477 0.03629505 -0.004 -0.14492919 0.035891 -0.004 -0.15470108 0.03453048 -0.004 -0.16438626 0.03222662 -0.004 -0.17389129 0.03072746 -0.00290192 -0.11636115 0.03315217 -0.00290192 -0.12572473 0.03464682 -0.00290192 -0.13528098 0.03519701 -0.00290192 -0.14493774 0.03479742 -0.00290192 -0.15460192 0.0334519 -0.00290192 -0.16418029 0.03117343 -0.00290192 -0.17358053 0.02463086 -0.00325549 -0.19106065 0.02188233 -0.00398114 -0.19070454 0.02165701 -0.00445931 -0.19101053 0.02200389 -0.00394044 -0.19144133 0.02443382 -0.0025 -0.18708143 0.02443654 -0.0025 -0.18708202 0.02440104 -0.00250523 -0.18750942 0.02445761 -0.00250775 -0.18752179 0.02450316 -0.00258764 -0.18856421 0.02431473 -0.00255935 -0.18852378 0.02434444 -0.00250439 -0.187497 0.02213604 -0.00361232 -0.19035737 0.02468998 -0.00394044 -0.19209436 0.02411233 -0.00302917 -0.19100511 0.0241248 -0.00254989 -0.18848166 0.02428784 -0.00250523 -0.18748456 0.02443109 -0.00250001 -0.18708083 0.02469325 -0.00442426 -0.19251022 0.02401767 -0.00359594 -0.19216095 0.02355972 -0.00295164 -0.19089654 0.02393515 -0.00255935 -0.18843821 0.0242313 -0.00250775 -0.18747209 0.02417486 -0.00251194 -0.1874596 0.02153346 -0.0048926 -0.19117741 0.02148607 -0.00520517 -0.19124126 0.02180856 -0.00442426 -0.19180569 0.02170566 -0.00491393 -0.19202626 0.02225693 -0.00471406 -0.19266298 0.02237394 -0.0041065 -0.19232446 0.02303662 -0.004643 -0.19303216 0.02300109 -0.00287835 -0.18915206 0.02252997 -0.00325549 -0.19055904 0.02257059 -0.00359594 -0.19180915 0.02313213 -0.00399412 -0.19264427 0.02389868 -0.00471406 -0.19306463 0.02356394 -0.0026345 -0.18834902 0.02374761 -0.00258764 -0.18839385 0.02301767 -0.00302917 -0.19074374 0.02327564 -0.00347532 -0.19206108 0.02395238 -0.0041065 -0.19270995 0.02468164 -0.00491393 -0.19275434 0.01762424 -0.00435195 -0.08631323 0.01099717 -0.00312221 -0.07752819 0.01706735 -0.00337868 -0.08664907 0.011063 -0.00292783 -0.07815171 0.01623392 -0.00272836 -0.08715171 0.01140355 -0.00250001 -0.08152468 0.01071946 -0.00531448 -0.07498733 0.01072454 -0.00510193 -0.0750326 0.01073817 -0.00480181 -0.07515419 0.01079301 -0.00417492 -0.0756468 0.02131012 -0.004 -0.17047632 0.02186413 -0.004 -0.18950288 0.00879139 -0.00312221 -0.07848427 0.00771345 -0.00397059 -0.07724947 0.01168972 -0.004 -0.09490947 0.00711956 -0.00531448 -0.07657508 0.0075546 -0.00417492 -0.07706869 0.00722972 -0.00480181 -0.07669986 0.00714944 -0.00510193 -0.07660893 0.00919984 -0.00292783 -0.07895584 0.02240681 -0.00290192 -0.17042135 0.01995124 -0.004 -0.15115993 0.01780597 -0.004 -0.13161826 0.02104488 -0.00290192 -0.1510613 0.01889499 -0.00290192 -0.13147749 0.01644264 -0.00290192 -0.1146862 0.01276533 -0.00290192 -0.09468848 0.01139686 -0.00250001 -0.08152751 0.01535886 -0.004 -0.11486282 0.01140132 -0.0025 -0.08152563 0.01139909 -0.0025 -0.08152656 0.00948759 -0.00277662 -0.07881499 0.00979768 -0.00268396 -0.07867096 0.00911833 -0.00290445 -0.07831178 0.00788799 -0.00364047 -0.0767215 0.00948473 -0.00276965 -0.07813392 0.0101204 -0.00265274 -0.07852823 0.00743048 -0.00419561 -0.07614208 0.00840349 -0.00328939 -0.07636324 0.00987374 -0.00272402 -0.07795883 0.01044563 -0.00268396 -0.07839132 0.00724332 -0.00460025 -0.07587294 0.00793434 -0.00378203 -0.07559986 0.00903442 -0.00316709 -0.07604028 0.01026746 -0.00276965 -0.07779465 0.01076315 -0.00277662 -0.07826448 0.01011782 -0.00460025 -0.0746055 0.01006366 -0.00502592 -0.07441322 0.00919554 -0.00482424 -0.07419268 0.01019107 -0.00419561 -0.07492588 0.0093015 -0.0042524 -0.07448382 0.00829805 -0.00475194 -0.07437218 0.01031178 -0.00364047 -0.07565729 0.00945092 -0.00378203 -0.07493172 0.00843928 -0.00412815 -0.07469196 0.00756031 -0.00482424 -0.0749139 0.01064777 -0.00290445 -0.07764886 0.00969917 -0.00328939 -0.07579435 0.00865074 -0.00363538 -0.0751707 0.00770407 -0.0042524 -0.07518817 0.0071378 -0.00502592 -0.07570369 0.0091074 -0.00390192 -0.05615065 -0.00024513 -0.00372836 -0.04359914 -0.00051712 -0.00390192 -0.0438225 -0.00099729 -0.00437868 -0.04421679 0.00822545 -0.005 -0.05680484 0.01811214 -0.00390192 -0.06893853 0.017199 -0.005 -0.06954841 -0.00149987 -0.00535195 -0.04462952 -0.00136573 -0.005 -0.04451937 -0.00316701 -0.00535195 -0.04166821 -0.00300327 -0.005 -0.04161067 -0.00255349 -0.00437868 -0.04145259 -0.00196731 -0.00390192 -0.04124657 -0.00163528 -0.00372836 -0.04112986 0.02080878 -0.00390192 -0.06849224 0.02083034 -0.00390192 -0.06781102 0.02048801 -0.00390192 -0.06909362 0.01993424 -0.00390192 -0.06949098 0.01926181 -0.00390192 -0.06960226 0.01860956 -0.00390192 -0.06940449 0.02190705 -0.005 -0.06759549 0.02186972 -0.005 -0.06877542 0.02131412 -0.005 -0.06981701 0.02035497 -0.005 -0.07050524 0.01919029 -0.005 -0.070698 0.01806055 -0.005 -0.07035548 -0.00454389 -0.00390192 -0.03406317 -0.00557541 -0.005 -0.03443969 -0.00821939 -0.005 -0.02727992 -0.00719039 -0.00390192 -0.02689663 0.01653954 -0.005 -0.03971059 0.01384963 -0.005 -0.02411429 0.01545918 -0.00390192 -0.03990702 0.01276561 -0.00390192 -0.0242894 -0.00806384 -0.005 -0.02512575 -0.0073392 -0.005 -0.02429128 -0.00519092 -0.00535195 -0.02366576 -0.00633328 -0.005 -0.02383352 -0.00610144 -0.00390192 -0.02490685 -0.00533025 -0.00437868 -0.02430097 -0.0052281 -0.005 -0.02383528 -0.00710058 -0.00390192 -0.02565292 -0.00728084 -0.00390192 -0.026265 -0.00837607 -0.005 -0.02618591 -0.00553877 -0.00372836 -0.02525163 -0.00546337 -0.00390192 -0.02490786 -0.00668221 -0.00390192 -0.02517114 0.01199038 -0.00390192 -0.02320493 0.01132869 -0.00390192 -0.02302927 0.01250509 -0.00390192 -0.02365631 0.01039818 -0.00437868 -0.02260146 0.01065787 -0.00390192 -0.02316592 0.01012638 -0.00535195 -0.02201069 0.01019892 -0.005 -0.02216834 0.01136082 -0.005 -0.02193165 0.01250689 -0.005 -0.02223591 0.01339839 -0.005 -0.02301774 0.01080497 -0.00372836 -0.02348567 0.00518061 -0.00535195 -0.023668 -5.42E-06 -0.00437868 -0.02487869 -5.63E-06 -0.00372836 -0.02585194 0.00552777 -0.00372836 -0.02525405 0.00531966 -0.00437868 -0.02430329 -5.28E-06 -0.00535195 -0.02422837 -0.00316701 0.00535195 -0.04166821 -0.00149987 0.00535195 -0.04462952 -0.00300327 0.005 -0.04161067 -0.00099729 0.00437868 -0.04421679 -0.00255349 0.00437868 -0.04145259 -0.00196731 0.00390192 -0.04124657 -0.00024513 0.00372836 -0.04359914 -0.00557541 0.005 -0.03443969 -0.00719039 0.00390192 -0.02689663 -0.00821939 0.005 -0.02727992 -0.00454389 0.00390192 -0.03406317 0.01840482 0.00372836 -0.06874306 0.00939008 0.00372836 -0.05594099 0.01811214 0.00390192 -0.06893853 0.00860837 0.00437868 -0.0565208 0.00808605 0.00535195 -0.05690823 0.01705467 0.00535195 -0.06964482 0.017199 0.005 -0.06954841 0.01759546 0.00437868 -0.06928361 -0.00806384 0.005 -0.02512575 -0.0073392 0.005 -0.02429128 -0.00668221 0.00390192 -0.02517114 -0.00837607 0.005 -0.02618591 -0.00728084 0.00390192 -0.026265 -0.00710058 0.00390192 -0.02565292 -0.00610144 0.00390192 -0.02490685 -0.00633328 0.005 -0.02383352 -0.00546337 0.00390192 -0.02490786 -0.0052281 0.005 -0.02383528 0.01860956 0.00390192 -0.06940449 0.02048801 0.00390192 -0.06909362 0.01993424 0.00390192 -0.06949098 0.02080878 0.00390192 -0.06849224 0.02083034 0.00390192 -0.06781102 0.01919029 0.005 -0.070698 0.01806055 0.005 -0.07035548 0.02190705 0.005 -0.06759549 0.02186972 0.005 -0.06877542 0.02131412 0.005 -0.06981701 0.02035497 0.005 -0.07050524 0.01926181 0.00390192 -0.06960226 -0.00138 0.00390192 -0.02546263 0.0027394 0.00390192 -0.02535242 0.00678726 0.00390192 -0.02458013 0.01065787 0.00390192 -0.02316592 -0.00132058 0.005 -0.02436618 0.00262144 0.005 -0.02426071 0.00649499 0.005 -0.02352167 0.01019892 0.005 -0.02216834 0.01883873 0.005 -0.05198515 0.01776037 0.00390192 -0.05219234 0.01384963 0.005 -0.02411429 0.01276561 0.00390192 -0.0242894 0.01136082 0.005 -0.02193165 0.01250689 0.005 -0.02223591 0.01199038 0.00390192 -0.02320493 0.01132869 0.00390192 -0.02302927 0.01250509 0.00390192 -0.02365631 0.01339839 0.005 -0.02301774 0.02148607 0.00520517 -0.19124126 0.00879139 0.00312221 -0.07848427 0.00919984 0.00292783 -0.07895584 0.01179127 0.00290192 -0.09006501 0.01139686 0.00250001 -0.08152751 0.00711956 0.00531448 -0.07657508 0.00714944 0.00510193 -0.07660893 0.00722972 0.00480181 -0.07669986 0.0075546 0.00417492 -0.07706869 0.02153346 0.0048926 -0.19117741 0.02165701 0.00445931 -0.19101053 0.02140221 0.004 -0.17239262 0.02188233 0.00398114 -0.19070454 0.02249912 0.00290192 -0.17234218 0.02443109 0.00250001 -0.18708083 0.02417486 0.00251194 -0.1874596 0.02356394 0.0026345 -0.18834902 0.02300109 0.00287835 -0.18915206 0.02213604 0.00361232 -0.19035737 0.01442153 0.004 -0.10930621 0.01071794 0.004 -0.09029681 0.00771345 0.00397059 -0.07724947 0.0211469 0.00290192 -0.15220712 0.02005303 0.004 -0.15230325 0.01892853 0.00290192 -0.1317375 0.01783945 0.004 -0.13187772 0.01852137 0.00290192 -0.12864877 0.01743315 0.004 -0.12879556 0.01550327 0.00290192 -0.10911752 0.02252997 0.00325549 -0.19055904 0.02475332 0.00271883 -0.18900764 0.02507341 0.00361232 -0.1910587 0.02463086 0.00325549 -0.19106065 0.02443927 0.00250001 -0.1870826 0.02443654 0.0025 -0.18708202 0.02443382 0.0025 -0.18708143 0.0242313 0.00250775 -0.18747209 0.02428784 0.00250523 -0.18748456 0.02374761 0.00258764 -0.18839385 0.02393515 0.00255935 -0.18843821 0.02434444 0.00250439 -0.187497 0.02200389 0.00394044 -0.19144133 0.02301767 0.00302917 -0.19074374 0.0241248 0.00254989 -0.18848166 0.02440104 0.00250523 -0.18750942 0.02180856 0.00442426 -0.19180569 0.02257059 0.00359594 -0.19180915 0.02355972 0.00295164 -0.19089654 0.02431473 0.00255935 -0.18852378 0.02445761 0.00250775 -0.18752179 0.02451409 0.00251194 -0.18753411 0.02522698 0.0048926 -0.19207947 0.02523884 0.00520517 -0.19215938 0.02469325 0.00442426 -0.19251022 0.02468164 0.00491393 -0.19275434 0.02389868 0.00471406 -0.19306463 0.02519592 0.00445931 -0.19187088 0.02468998 0.00394044 -0.19209436 0.02395238 0.0041065 -0.19270995 0.02303662 0.004643 -0.19303216 0.02401767 0.00359594 -0.19216095 0.02313213 0.00399412 -0.19264427 0.02225693 0.00471406 -0.19266298 0.02468831 0.0026345 -0.18860252 0.02450316 0.00258764 -0.18856421 0.02411233 0.00302917 -0.19100511 0.02327564 0.00347532 -0.19206108 0.02237394 0.0041065 -0.19232446 0.02170566 0.00491393 -0.19202626 0.01139909 0.0025 -0.08152656 0.01140132 0.0025 -0.08152563 0.01044563 0.00268396 -0.07839132 0.01076315 0.00277662 -0.07826448 0.01064777 0.00290445 -0.07764886 0.01081968 0.00397031 -0.07588825 0.01099717 0.00312221 -0.07752819 0.011063 0.00292783 -0.07815171 0.01140355 0.00250001 -0.08152468 0.00840349 0.00328939 -0.07636324 0.00911833 0.00290445 -0.07831178 0.00788799 0.00364047 -0.0767215 0.01079301 0.00417492 -0.0756468 0.01031178 0.00364047 -0.07565729 0.01026746 0.00276965 -0.07779465 0.0101204 0.00265274 -0.07852823 0.01073817 0.00480181 -0.07515419 0.01019107 0.00419561 -0.07492588 0.00969917 0.00328939 -0.07579435 0.00987374 0.00272402 -0.07795883 0.00979768 0.00268396 -0.07867096 0.00865074 0.00363538 -0.0751707 0.00793434 0.00378203 -0.07559986 0.00743048 0.00419561 -0.07614208 0.01072454 0.00510193 -0.0750326 0.01011782 0.00460025 -0.0746055 0.00945092 0.00378203 -0.07493172 0.00903442 0.00316709 -0.07604028 0.00948473 0.00276965 -0.07813392 0.00948759 0.00277662 -0.07881499 0.0093015 0.0042524 -0.07448382 0.00843928 0.00412815 -0.07469196 0.00770407 0.0042524 -0.07518817 0.00724332 0.00460025 -0.07587294 0.01006366 0.00502592 -0.07441322 0.00919554 0.00482424 -0.07419268 0.00829805 0.00475194 -0.07437218 0.00756031 0.00482424 -0.0749139 0.0071378 0.00502592 -0.07570369 0.01071946 0.00531448 -0.07498733 0.02319012 0.00290192 -0.09857044 0.02373569 0.00337868 -0.09827311 0.02954402 0.00337868 -0.11099198 0.03048746 0.00435195 -0.17973913 0.02896125 0.00272836 -0.1791853 0.02415431 0.004 -0.09804497 0.02430671 0.00435195 -0.09796191 0.03015315 0.00435195 -0.11076423 0.03413999 0.00435195 -0.12426182 0.03618789 0.00435195 -0.13818611 0.0362561 0.00435195 -0.15226002 0.03434327 0.00435195 -0.16620351 0.02987615 0.00337868 -0.1795173 0.03370683 0.00337868 -0.16606991 0.03560719 0.00337868 -0.1522173 0.03553942 0.00337868 -0.13823512 0.03350487 0.00337868 -0.12440159 0.03275432 0.00272836 -0.16586995 0.03463602 0.00272836 -0.15215336 0.03456892 0.00272836 -0.13830847 0.03255434 0.00272836 -0.12461077 0.02863238 0.00272836 -0.11133283 0.02288108 0.00272836 -0.09873886 0.01751695 0.004 -0.08647142 0.01657649 0.00290192 -0.08703826 0.00865252 -0.02335128 -0.2800014 0.00846246 -0.02350507 -0.28002128 0.0091877 -0.02392076 -0.28138852 0.01396228 -0.02436777 -0.28296176 0.01386647 -0.02402329 -0.282709 0.01323009 -0.02406136 -0.2828373 0.01327195 -0.02440578 -0.28310114 0.00946796 -0.02357541 -0.28126204 0.01053699 -0.0238796 -0.28223258 0.01184817 -0.02404157 -0.28277048 0.00886268 -0.02305117 -0.28001866 0.0088042 -0.02315857 -0.28000665 0.01177303 -0.02438602 -0.28302854 0.01035004 -0.02422431 -0.282444 0.00869034 -0.02246861 -0.27723187 0.00837155 -0.02267092 -0.27706844 0.00811977 -0.02307835 -0.27843988 0.00866115 -0.02255889 -0.27860099 0.00889021 -0.02214593 -0.27739057 0.00844469 -0.02287066 -0.27850598 0.01900799 -0.02360698 -0.2811951 0.01911278 -0.0239493 -0.28143874 0.024102 -0.02312042 -0.27954566 0.02421566 -0.02346027 -0.2797794 0.01657398 -0.01512013 -0.24495031 0.01919404 -0.01283606 -0.2230251 0.02001798 -0.01239124 -0.21000165 0.02009086 -0.01238293 -0.20827901 0.01980144 -0.0127157 -0.20998931 0.01987427 -0.01270736 -0.20826991 0.0194773 -0.01293244 -0.20997305 0.01955009 -0.01292413 -0.20825666 0.01897834 -0.01316051 -0.22298776 0.01865441 -0.01337656 -0.22294798 0.01787049 -0.01393366 -0.23582506 0.01765632 -0.01425777 -0.23576204 0.01733272 -0.01447228 -0.23569757 0.01636148 -0.01544388 -0.24486817 0.01603827 -0.01565672 -0.24478485 0.01434977 -0.01720366 -0.25696519 0.01414047 -0.01752687 -0.2568565 0.01381812 -0.01773673 -0.25674632 0.01210234 -0.01928315 -0.26648208 0.01189665 -0.01960599 -0.26635095 0.01157551 -0.01981277 -0.26621738 0.0272086 -0.02279792 -0.27846739 0.02732784 -0.02313843 -0.27870086 0.03915415 -0.02145558 -0.27377424 0.03929494 -0.02179886 -0.27400663 0.05079808 -0.02001755 -0.26831332 0.05087171 -0.0202064 -0.26841047 0.05096003 -0.02036384 -0.26854444 0.01956946 -0.01292388 -0.20792983 0.02010901 -0.01238268 -0.20797205 0.02005133 -0.0125 -0.20796753 0.0198929 -0.01270711 -0.20795515 0.01968642 -0.01286603 -0.20793898 0.05126649 -0.01983489 -0.267993 0.05138858 -0.02012824 -0.26811239 0.05155039 -0.02034959 -0.26831245 0.05281855 -0.01944563 -0.26656321 0.05299652 -0.01974519 -0.26662844 0.05324012 -0.01996405 -0.26676419 0.05378615 -0.01895206 -0.26469436 0.05399654 -0.01925997 -0.26469052 0.05429736 -0.01947531 -0.26473761 0.05405859 -0.01842492 -0.26262191 0.05427479 -0.01874236 -0.26254404 0.0545999 -0.01895345 -0.26248646 0.02014781 -0.01286603 -0.20576534 0.02049285 -0.0125 -0.2058875 0.0211568 -0.01286603 -0.20378555 0.02145839 -0.0125 -0.20399295 0.0493438 -0.0125 -0.20801319 0.04928644 -0.01238268 -0.20802076 0.05096048 -0.01275788 -0.22168593 0.04970669 -0.01286603 -0.20796534 0.04950136 -0.01270711 -0.20799242 0.05117549 -0.01308257 -0.22164398 0.05391567 -0.01623401 -0.24845996 0.05359064 -0.01602079 -0.24851587 0.05337501 -0.01569939 -0.24858253 0.0523364 -0.01386834 -0.23521036 0.05287595 -0.01440688 -0.23510285 0.05149862 -0.01329861 -0.22159579 0.049823 -0.01292388 -0.20795001 0.05255164 -0.01419204 -0.23515558 0.02590389 -0.0125 -0.19693126 0.02558647 -0.01286603 -0.19674899 0.04893456 -0.01286603 -0.20226614 0.04857203 -0.0125 -0.20231655 0.04776134 -0.0125 -0.1966249 0.04812354 -0.01286603 -0.19657211 0.03773136 -0.01356801 -0.16301873 0.03809184 -0.01320262 -0.16306503 0.03600403 -0.01326996 -0.17111987 0.03635831 -0.01290447 -0.17119879 0.03332473 -0.01303894 -0.17992148 0.02985462 -0.01290699 -0.18847194 0.03366948 -0.0126733 -0.18003584 0.0301871 -0.01254117 -0.18862079 0.04614599 -0.01257042 -0.18597177 0.04650748 -0.01293632 -0.18591982 0.0423012 -0.0132033 -0.16305226 0.04266129 -0.01356868 -0.16300379 0.04080304 -0.0132957 -0.16136535 0.04090568 -0.01365947 -0.16103233 0.04006867 -0.01366416 -0.16093336 0.04225577 -0.01321424 -0.16284743 0.04260768 -0.01357943 -0.16276409 0.04195216 -0.01324951 -0.16219676 0.04225106 -0.01361409 -0.16200326 0.04166163 -0.01364198 -0.16140319 0.04144907 -0.0132779 -0.16168305 0.03924583 -0.0136554 -0.16111815 0.03853129 -0.01363438 -0.16156583 0.04008735 -0.01330048 -0.16128054 0.03938385 -0.01329156 -0.16143888 0.03877339 -0.01327016 -0.16182232 0.03832597 -0.01323917 -0.16238619 0.03800679 -0.01360392 -0.16222468 0.01699434 0.01473031 -0.2422253 0.01310882 0.01835817 -0.26246348 0.01015022 0.02104041 -0.27340761 0.00889021 0.02214593 -0.27739057 0.00994798 0.02136311 -0.27325922 0.00869034 0.02246861 -0.27723187 0.00962817 0.02156718 -0.27310714 0.00837155 0.02267092 -0.27706844 0.01290146 0.01868115 -0.26234198 0.01257974 0.01888932 -0.26221856 0.01550853 0.01611727 -0.25113112 0.01529751 0.01644074 -0.25103554 0.01497467 0.01665217 -0.25093874 0.01678128 0.01505418 -0.24214895 0.01645793 0.01526758 -0.24207138 0.01855549 0.01333996 -0.22985615 0.0183405 0.01366427 -0.22980526 0.01801673 0.01387961 -0.22975253 0.01933706 0.01273484 -0.22123452 0.0191212 0.01305931 -0.22120066 0.01879724 0.01327551 -0.22116421 0.02009086 0.01238293 -0.20827901 0.01987427 0.01270736 -0.20826991 0.01955009 0.01292413 -0.20825666 0.02010901 0.01238268 -0.20797205 0.0198929 0.01270711 -0.20795515 0.01956946 0.01292388 -0.20792983 0.00811848 0.0231441 -0.27865863 0.00844165 0.02293562 -0.27870983 0.00865252 0.02335128 -0.2800014 0.00835654 0.02356437 -0.28004032 0.00846246 0.02350507 -0.28002128 0.0086589 0.02262551 -0.27879441 0.00886268 0.02305117 -0.28001866 0.0088042 0.02315857 -0.28000665 0.02003722 0.01292388 -0.20572619 0.02034304 0.01270711 -0.20583446 0.02054739 0.01238268 -0.20590679 0.02106013 0.01292388 -0.20371906 0.02132745 0.01270711 -0.2039029 0.02150606 0.01238268 -0.20402573 0.00915023 0.02342079 -0.28078687 0.00884125 0.02376653 -0.28087133 0.01001664 0.02375996 -0.28184494 0.01117317 0.02397868 -0.28255978 0.01250652 0.02406828 -0.2828607 0.01386647 0.02402329 -0.282709 0.00978468 0.0241049 -0.28202257 0.01104067 0.02432323 -0.2827996 0.01248714 0.02441269 -0.28312656 0.01396228 0.02436777 -0.28296176 0.02590389 0.0125 -0.19693126 0.02576607 0.01270711 -0.19685212 0.02558647 0.01286603 -0.19674899 0.01900799 0.02360698 -0.2811951 0.024102 0.02312042 -0.27954566 0.01911278 0.0239493 -0.28143874 0.02421566 0.02346027 -0.2797794 0.02942033 0.0128981 -0.18940498 0.02975128 0.01253227 -0.1895576 0.0329692 0.01301905 -0.18090901 0.03574549 0.01323916 -0.17210948 0.03773136 0.01356801 -0.16301873 0.0333127 0.01265339 -0.18102735 0.03609885 0.01287366 -0.17219238 0.03809184 0.01320262 -0.16306503 0.04807588 0.02072837 -0.26998055 0.05096003 0.02036384 -0.26854444 0.04791917 0.02038285 -0.26974908 0.05076797 0.01991428 -0.26828012 0.05079808 0.02001755 -0.26831332 0.05087171 0.0202064 -0.26841047 0.03616083 0.02180611 -0.27503377 0.0362962 0.02214865 -0.2752665 0.0395797 0.01329549 -0.16136907 0.03947495 0.01365926 -0.16103669 0.04031133 0.0136642 -0.16093263 0.03813603 0.01321357 -0.16285992 0.03778352 0.01357878 -0.16277871 0.03843568 0.01324893 -0.16220742 0.03813551 0.01361352 -0.16201574 0.03872128 0.01364157 -0.16141212 0.03893563 0.01327748 -0.1616907 0.04113527 0.01365568 -0.16111241 0.04185253 0.01363485 -0.16155572 0.04029485 0.01330052 -0.1612799 0.0409993 0.01329184 -0.16143396 0.04161209 0.01327064 -0.16181368 0.04206294 0.01323979 -0.16237482 0.04238104 0.01360453 -0.1622114 0.0423012 0.0132033 -0.16305226 0.04266129 0.01356868 -0.16300379 0.0545999 0.01895345 -0.26248646 0.05427479 0.01874236 -0.26254404 0.05458382 0.01913401 -0.26327619 0.05405859 0.01842492 -0.26262191 0.05426298 0.01892139 -0.26329628 0.05404578 0.01860732 -0.26334852 0.05402777 0.01964384 -0.2654449 0.05279833 0.02009181 -0.26728198 0.05374257 0.01942724 -0.26536629 0.05257678 0.0198721 -0.26712438 0.05354 0.01912227 -0.26534626 0.05241315 0.01957463 -0.26704118 0.04413895 0.01282841 -0.17366838 0.04449967 0.01319407 -0.17361803 0.04776134 0.0125 -0.1966249 0.04812354 0.01286603 -0.19657211 0.04970669 0.01286603 -0.20796534 0.049823 0.01292388 -0.20795001 0.05148665 0.01329282 -0.22148986 0.0493438 0.0125 -0.20801319 0.04950136 0.01270711 -0.20799242 0.05116353 0.01307677 -0.22153799 0.05094852 0.01275208 -0.22157983 0.04928644 0.01238268 -0.20802076 0.05289707 0.01443258 -0.23533671 0.05395076 0.01632487 -0.24900891 0.05257273 0.01421776 -0.2353895 0.0536257 0.01611173 -0.24906492 0.05235749 0.01389409 -0.2354445 0.05341005 0.01579045 -0.24913202 0.04893456 0.01286603 -0.20226614 0.04857203 0.0125 -0.20231655 0.0196845 -0.01353007 -0.15359332 0.01510955 -0.01639602 -0.1163265 0.00786221 -0.02088658 -0.07995606 0.00733424 -0.02142395 -0.08016241 0.01130779 -0.01897693 -0.09825105 0.00765377 -0.02121179 -0.08005414 0.01162892 -0.01876341 -0.09816084 0.01183994 -0.01843848 -0.09807874 0.01489656 -0.01672076 -0.11639325 0.01457429 -0.01693539 -0.11646644 0.01719335 -0.01529327 -0.13495965 0.01751649 -0.01507777 -0.1349033 0.01773102 -0.01475315 -0.13485189 0.01946881 -0.01385459 -0.15362911 0.01914501 -0.01407075 -0.15366834 0.02038762 -0.01328265 -0.17253815 0.02071187 -0.01306607 -0.17251681 0.02092833 -0.01274162 -0.17249717 0.0213955 -0.01239979 -0.19126347 0.02117873 -0.01272421 -0.1912663 0.0208543 -0.01294098 -0.19126877 0.00720023 -0.02087006 -0.07722373 0.00650081 -0.02125602 -0.07651613 0.00667685 -0.02140355 -0.07727499 0.00661172 -0.02119728 -0.07650179 0.00698764 -0.02118686 -0.07722978 0.00702298 -0.02073128 -0.07650534 0.00696453 -0.02084273 -0.07649452 0.00680937 -0.02104135 -0.07648797 0.02096895 -0.01293624 -0.19202417 0.02127939 -0.01271958 -0.1919281 0.02148659 -0.01239496 -0.191863 0.0213634 -0.01293212 -0.19280827 0.02199536 -0.01292948 -0.19341785 0.02162503 -0.01271552 -0.19261496 0.02217858 -0.0127129 -0.19314894 0.02179954 -0.01239078 -0.19248524 0.02230077 -0.01238813 -0.19296899 0.02279369 -0.01292813 -0.19378422 0.02287783 -0.01271155 -0.1934699 0.02293394 -0.01238678 -0.19325976 0.02366846 -0.01292786 -0.19386604 0.02364403 -0.01271127 -0.19354159 0.02362773 -0.0123865 -0.1933247 0.02452103 -0.01292859 -0.19365406 0.0252553 -0.01293048 -0.19317223 0.02439078 -0.01271201 -0.19335587 0.02503392 -0.0127139 -0.19293378 0.02430392 -0.01238724 -0.19315647 0.02488628 -0.01238914 -0.19277409 0.02530928 -0.01239246 -0.19222067 0.02550108 -0.01271715 -0.19232292 0.02578858 -0.01293377 -0.19247487 0.00698448 -0.02065092 -0.07626224 0.0069256 -0.02076236 -0.07624034 0.00676744 -0.02096029 -0.0762086 0.00656436 -0.02111444 -0.07619468 0.00645002 -0.02117183 -0.07619471 0.02738256 -0.01295584 -0.18930645 0.02708974 -0.01273933 -0.18916379 0.0268946 -0.01241445 -0.18906713 0.03044365 -0.01253305 -0.18074095 0.03322604 -0.0127482 -0.17212716 0.03522877 -0.01306881 -0.16323969 0.03617192 -0.01336925 -0.15669045 0.03675674 -0.01387165 -0.14768109 0.03652602 -0.01447961 -0.13864152 0.03546871 -0.0151929 -0.12958975 0.03422241 -0.01575483 -0.12325061 0.03095097 -0.01307452 -0.18094096 0.03064629 -0.01285824 -0.18082294 0.03374847 -0.0132896 -0.17228642 0.03343461 -0.01307345 -0.17219403 0.03576201 -0.01360995 -0.16335689 0.03544172 -0.01339385 -0.16329099 0.03671017 -0.01391009 -0.15677664 0.03638703 -0.01369394 -0.15673028 0.03729789 -0.01441191 -0.14772463 0.03697339 -0.01419561 -0.14770509 0.03706557 -0.01501911 -0.13864233 0.03674258 -0.01480256 -0.13864957 0.03600207 -0.01573145 -0.12954782 0.03568352 -0.01551455 -0.12958166 0.03474864 -0.01629261 -0.1231788 0.03443494 -0.01607541 -0.12323114 0.03230841 -0.01714781 -0.1144254 0.03200381 -0.01693012 -0.11450287 0.02908082 -0.01807291 -0.10591333 0.02878789 -0.01785468 -0.10601493 0.02506076 -0.0190578 -0.09766329 0.02496062 -0.01899779 -0.09771038 0.02478202 -0.01883899 -0.09778792 0.0246415 -0.01863714 -0.09783933 0.03179587 -0.01661124 -0.11453817 0.02858625 -0.01753766 -0.10606582 0.0245884 -0.01852398 -0.09785414 0.01120139 -0.02067355 -0.07440311 0.01074335 -0.02014256 -0.07484937 0.0109148 -0.02047479 -0.07464657 0.01079827 -0.02042786 -0.0744975 0.01063821 -0.020093 -0.07471398 0.0097944 -0.0198713 -0.0741149 0.00880386 -0.01982542 -0.07399238 0.00785952 -0.01996014 -0.07435361 0.01107003 -0.02062508 -0.07422943 0.01000173 -0.02040853 -0.07345483 0.00873432 -0.02036378 -0.07329512 0.00753029 -0.02049525 -0.07376469 0.00667125 -0.02078652 -0.07480846 0.00986752 -0.02021906 -0.0738397 0.00877963 -0.02017612 -0.07370565 0.00774092 -0.02030248 -0.07410137 0.00698165 -0.02058442 -0.07499627 0.00717383 -0.02025798 -0.07516647 0.02264609 -0.01909516 -0.09423525 0.02296272 -0.01945544 -0.09410376 0.01493272 -0.02139311 -0.08044509 0.01453063 -0.02097371 -0.08063776 0.01466615 -0.02117388 -0.08058146 0.01483715 -0.02133252 -0.08049662 0.01142095 -0.02041787 -0.07587443 0.01209446 -0.02069391 -0.07690219 0.01159292 -0.02074998 -0.07567231 0.01226694 -0.02102589 -0.07670075 0.01188016 -0.02094881 -0.07543007 0.01255483 -0.02122479 -0.07645971 0.01428123 -0.02150887 -0.07934246 0.01400952 -0.02129105 -0.07950855 0.01382577 -0.02096895 -0.07961506 -0.00608252 -0.0125 -0.03461329 -0.00906458 -0.01286603 -0.02759475 -0.00872158 -0.0125 -0.02746699 -0.00642636 -0.01286603 -0.03473879 -0.00385417 -0.01286603 -0.04190973 -0.00365878 -0.01270711 -0.04184104 -0.00345427 -0.01238268 -0.04176918 -0.00350885 -0.0125 -0.04178835 -0.0019027 -0.01270711 -0.04496033 -0.00177989 -0.0125 -0.04485948 -0.00173517 -0.01238268 -0.04482276 -0.00206276 -0.01286603 -0.04509176 -0.00215342 -0.01292388 -0.0451662 -0.00927565 -0.01286603 -0.02612097 -0.00891058 -0.0125 -0.02614731 -0.00853394 -0.0125 -0.02486849 -0.00765984 -0.0125 -0.02386189 -0.00644643 -0.0125 -0.02330971 -0.00511329 -0.0125 -0.02331183 -0.00885503 -0.01286603 -0.02469275 -0.00787884 -0.01286603 -0.02356861 -0.00652371 -0.01286603 -0.02295194 -0.00503487 -0.01286603 -0.02295429 0.00750104 -0.01286603 -0.05734215 0.01644897 -0.01286603 -0.07004932 0.0166212 -0.01270711 -0.06993432 0.00779503 -0.0125 -0.05712409 0.01680146 -0.01238268 -0.06981391 0.01675335 -0.0125 -0.06984604 0.00990852 -0.01270711 -0.02153713 0.00982196 -0.01286603 -0.02134899 0.00625493 -0.01286603 -0.02265227 0.00252454 -0.01286603 -0.02336401 -0.00127177 -0.01286603 -0.02346555 0.00999912 -0.01238268 -0.02173406 0.00997494 -0.0125 -0.02168149 0.00635235 -0.0125 -0.0230051 0.00256387 -0.0125 -0.0237279 -0.00129158 -0.0125 -0.02383105 0.01771316 -0.01270711 -0.07095722 0.02243253 -0.0125 -0.06749029 0.0223758 -0.01238268 -0.06750164 0.0223316 -0.01238268 -0.06889869 0.02167377 -0.01238268 -0.07013196 0.02053813 -0.01238268 -0.07094682 0.01915915 -0.01238268 -0.07117502 0.01782154 -0.01238268 -0.0707695 0.02254104 -0.01270711 -0.06895459 0.02258836 -0.01270711 -0.06745911 0.02183685 -0.01270711 -0.07027475 0.02062118 -0.01270711 -0.07114703 0.01914503 -0.01270711 -0.07139135 0.02285449 -0.01292388 -0.06903825 0.02208092 -0.01292388 -0.07048849 0.02074549 -0.01292388 -0.07144669 0.0191239 -0.01292388 -0.07171506 0.01755095 -0.01292388 -0.07123817 0.02279143 -0.01286603 -0.06741846 0.01396364 -0.01270711 -0.02261368 0.01453555 -0.01270711 -0.02400351 0.01474001 -0.01286603 -0.02397046 0.01437867 -0.0125 -0.02402884 0.01137481 -0.01238268 -0.0214538 0.01273175 -0.01238268 -0.02181405 0.01378729 -0.01238268 -0.02273974 0.01432156 -0.01238268 -0.02403805 0.01138115 -0.01270711 -0.02123714 0.01283372 -0.01270711 -0.02162275 0.01139065 -0.01292388 -0.02091286 0.01298632 -0.01292388 -0.02133647 0.01422757 -0.01292388 -0.02242503 0.01938494 -0.0125 -0.0519878 0.01974439 -0.01286603 -0.05191872 -0.00215342 0.01292388 -0.0451662 -0.00206276 0.01286603 -0.04509176 0.00750104 0.01286603 -0.05734215 0.01644897 0.01286603 -0.07004932 0.0166212 0.01270711 -0.06993432 -0.0019027 0.01270711 -0.04496033 0.00779503 0.0125 -0.05712409 0.01675335 0.0125 -0.06984604 0.01680146 0.01238268 -0.06981391 -0.00173517 0.01238268 -0.04482276 -0.00177989 0.0125 -0.04485948 0.02254104 0.01270711 -0.06895459 0.02258836 0.01270711 -0.06745911 0.02279143 0.01286603 -0.06741846 0.02243253 0.0125 -0.06749029 0.01782154 0.01238268 -0.0707695 0.01915915 0.01238268 -0.07117502 0.02053813 0.01238268 -0.07094682 0.02167377 0.01238268 -0.07013196 0.0223316 0.01238268 -0.06889869 0.0223758 0.01238268 -0.06750164 0.01771316 0.01270711 -0.07095722 0.01914503 0.01270711 -0.07139135 0.02062118 0.01270711 -0.07114703 0.02183685 0.01270711 -0.07027475 0.01755095 0.01292388 -0.07123817 0.0191239 0.01292388 -0.07171506 0.02074549 0.01292388 -0.07144669 0.02208092 0.01292388 -0.07048849 0.02285449 0.01292388 -0.06903825 -0.00345427 0.01238268 -0.04176918 -0.00350885 0.0125 -0.04178835 -0.00365878 0.01270711 -0.04184104 -0.00385417 0.01286603 -0.04190973 -0.00396485 0.01292388 -0.04194862 0.01453555 0.01270711 -0.02400351 0.01474001 0.01286603 -0.02397046 0.01742272 0.01286603 -0.03952611 0.01437867 0.0125 -0.02402884 0.0170626 0.0125 -0.03959159 0.01432156 0.01238268 -0.02403805 -0.00642636 0.01286603 -0.03473879 -0.00608252 0.0125 -0.03461329 -0.00872158 0.0125 -0.02746699 -0.00906458 0.01286603 -0.02759475 0.01378729 0.01238268 -0.02273974 0.01396364 0.01270711 -0.02261368 0.01422757 0.01292388 -0.02242503 0.01273175 0.01238268 -0.02181405 0.01283372 0.01270711 -0.02162275 0.01298632 0.01292388 -0.02133647 0.01137481 0.01238268 -0.0214538 0.01138115 0.01270711 -0.02123714 0.01139065 0.01292388 -0.02091286 0.00999912 0.01238268 -0.02173406 0.00990852 0.01270711 -0.02153713 0.00977292 0.01292388 -0.02124242 -0.00512568 0.01238268 -0.02336833 -0.00507924 0.01270711 -0.02315659 -0.00511329 0.0125 -0.02331183 -0.00644643 0.0125 -0.02330971 -0.00765984 0.0125 -0.02386189 -0.00853394 0.0125 -0.02486849 -0.00891058 0.0125 -0.02614731 -0.00503487 0.01286603 -0.02295429 -0.00652371 0.01286603 -0.02295194 -0.00787884 0.01286603 -0.02356861 -0.00885503 0.01286603 -0.02469275 -0.00927565 0.01286603 -0.02612097 -5.21E-06 0.01238268 -0.02392388 -5.16E-06 0.01270711 -0.0237071 -5.09E-06 0.01292388 -0.02338267 0.00499978 0.01292388 -0.02284191 0.00506915 0.01270711 -0.02315882 0.0051155 0.01238268 -0.02337057 0.00697434 0.02058692 -0.07608227 0.00643446 0.02110901 -0.07596833 0.00645002 0.02117183 -0.07619471 0.00698448 0.02065092 -0.07626224 0.0069256 0.02076236 -0.07624034 0.006757 0.02089883 -0.07600913 0.00676744 0.02096029 -0.0762086 0.00656436 0.02111444 -0.07619468 0.00725506 0.02020184 -0.07501192 0.00707205 0.02053104 -0.07482574 0.00677157 0.02073156 -0.07461116 0.00770619 0.02046291 -0.07364912 0.00789384 0.02027135 -0.07400353 0.00799824 0.01992703 -0.07426441 0.00896264 0.01982057 -0.07397947 0.00895394 0.02017159 -0.07369152 0.00893766 0.02035905 -0.07327826 0.00994353 0.01989515 -0.07417876 0.01003159 0.02024142 -0.07390965 0.01019176 0.02043179 -0.07353792 0.01074335 0.02014256 -0.07484937 0.0109148 0.02047479 -0.07464657 0.01120139 0.02067355 -0.07440311 0.01142095 0.02041787 -0.07587443 0.01159292 0.02074998 -0.07567231 0.01188016 0.02094881 -0.07543007 0.01209446 0.02069391 -0.07690219 0.01226694 0.02102589 -0.07670075 0.01255483 0.02122479 -0.07645971 0.00696453 0.02084273 -0.07649452 0.00680937 0.02104135 -0.07648797 0.00661172 0.02119728 -0.07650179 0.01428123 0.02150887 -0.07934246 0.01447887 0.02086183 -0.08065406 0.01382577 0.02096895 -0.07961506 0.01453063 0.02097371 -0.08063776 0.01400952 0.02129105 -0.07950855 0.01493272 0.02139311 -0.08044509 0.01483715 0.02133252 -0.08049662 0.01466615 0.02117388 -0.08058146 0.00667685 0.02140355 -0.07727499 0.00698764 0.02118686 -0.07722978 0.00720023 0.02087006 -0.07722373 0.00733424 0.02142395 -0.08016241 0.00765377 0.02121179 -0.08005414 0.00786221 0.02088658 -0.07995606 0.01701549 0.02082767 -0.08399139 0.01670626 0.02046846 -0.08413006 0.0246415 0.01863714 -0.09783933 0.02478202 0.01883899 -0.09778792 0.02496062 0.01899779 -0.09771038 0.01185076 0.01843175 -0.09813321 0.01769665 0.01477467 -0.13457301 0.02084757 0.0127941 -0.17080244 0.02137967 0.01242026 -0.1887368 0.0213955 0.01239979 -0.19126347 0.02116291 0.01274468 -0.18874194 0.02117873 0.01272421 -0.1912663 0.02083849 0.01296144 -0.18874705 0.0208543 0.01294098 -0.19126877 0.02063116 0.01311855 -0.17082356 0.02030694 0.01333511 -0.17084655 0.0196105 0.01357646 -0.15273525 0.01939486 0.01390098 -0.15277176 0.01907108 0.01411711 -0.15281178 0.01748214 0.01509929 -0.13462466 0.01715901 0.01531479 -0.13468127 0.01511443 0.01639296 -0.11635698 0.01490144 0.01671771 -0.1164237 0.01457916 0.01693233 -0.11649687 0.01163974 0.01875668 -0.09821529 0.01131861 0.0189702 -0.09830544 0.03455086 0.01293223 -0.16669561 0.03661373 0.0136512 -0.15140966 0.02689953 0.01862472 -0.10120171 0.02661434 0.01840617 -0.10131649 0.03006399 0.01713088 -0.10968248 0.02641703 0.01809027 -0.10137612 0.03056682 0.01766671 -0.10954692 0.03346367 0.01676774 -0.11819343 0.03557588 0.01593872 -0.12712663 0.03654524 0.01542335 -0.13331932 0.03026855 0.01744872 -0.10963827 0.0331548 0.01655028 -0.11826011 0.035259 0.01572171 -0.12716752 0.03622449 0.01520661 -0.13334215 0.03294467 0.01623064 -0.11828857 0.03504495 0.01540046 -0.12717992 0.03600875 0.01488439 -0.13334353 0.03726057 0.01475707 -0.14237346 0.03693661 0.01454065 -0.14236972 0.03671981 0.01421725 -0.1423551 0.03682994 0.01397551 -0.15144023 0.03715423 0.01419172 -0.15147085 0.03621422 0.01372932 -0.16059466 0.03589254 0.01351321 -0.16053696 0.03567858 0.0131883 -0.16049047 0.03476231 0.01325739 -0.16675298 0.03508046 0.01347349 -0.16682918 0.03225901 0.01265445 -0.17543511 0.03246551 0.01297971 -0.17550778 0.0327762 0.0131959 -0.17561004 0.02918047 0.01247693 -0.18395075 0.02938043 0.01280203 -0.18403839 0.0296809 0.01301839 -0.18416592 0.02530928 0.01239246 -0.19222067 0.02550108 0.01271715 -0.19232292 0.02578858 0.01293377 -0.19247487 0.02533781 0.01293083 -0.19309202 0.02510619 0.01271424 -0.19286352 0.02495172 0.01238948 -0.19271043 0.02462547 0.01292877 -0.19360563 0.02378307 0.01292789 -0.19385487 0.02448226 0.01271219 -0.19331345 0.02374441 0.01271131 -0.1935318 0.02438675 0.01238741 -0.19311804 0.02371863 0.01238654 -0.19331583 0.02290554 0.01292804 -0.19381157 0.0229758 0.01271146 -0.19349386 0.02302265 0.01238669 -0.19328146 0.02209184 0.01292924 -0.19348063 0.02226309 0.01271266 -0.19320394 0.0223773 0.01238788 -0.19301881 0.02143365 0.01293169 -0.19289938 0.02100505 0.01293562 -0.19213335 0.02168657 0.0127151 -0.19269477 0.02131104 0.01271896 -0.19202375 0.02185526 0.01239035 -0.19255756 0.02151525 0.01239433 -0.19194965 0.0526929 0.02378608 -0.28082147 0.0521519 0.02326576 -0.2810117 0.05217225 0.02344689 -0.28157362 0.05271295 0.02396696 -0.28143746 0.05259603 0.02391105 -0.28145075 0.05236684 0.02357936 -0.28090474 0.05238938 0.02375812 -0.2814897 0.05223037 0.02355936 -0.28154284 0.05261695 0.02360203 -0.2802113 0.05229092 0.02339758 -0.28032589 0.05208012 0.02308138 -0.2804555 0.05231369 0.02578495 -0.28934175 0.05194854 0.02542576 -0.28939161 0.05140034 0.02660445 -0.29767999 0.05176476 0.02696852 -0.29767612 0.05054867 0.027 -0.30602816 0.05091199 0.02736603 -0.30607253 0.04826556 0.02157729 -0.27583635 0.04438198 0.02152902 -0.27568257 0.04363978 0.02161439 -0.27595428 0.04432631 0.02187871 -0.27539954 0.04355955 0.02196199 -0.27567911 0.04422242 0.02206609 -0.27500004 0.04341164 0.02215052 -0.27529761 0.04631295 0.02145303 -0.27543977 0.04631997 0.02180462 -0.27514979 0.0463332 0.02199096 -0.27473405 0.04833626 0.0219258 -0.27555776 0.04846728 0.02211383 -0.27516845 0.05003517 0.02190969 -0.27688536 0.05016622 0.02225029 -0.27663809 0.05039836 0.02244256 -0.27631643 0.0513741 0.02243211 -0.27850085 0.0515547 0.02276122 -0.2783049 0.05185462 0.0229594 -0.27808109 0.03349234 0.02747525 -0.35889003 0.03175971 0.02746152 -0.36116111 0.03158089 0.02736603 -0.36102414 0.05049855 0.02736603 -0.30924684 0.05013599 0.027 -0.30919662 0.04811832 0.027 -0.32088858 0.04544064 0.027 -0.33159402 0.0433475 0.027 -0.33802158 0.03621151 0.02736603 -0.35418513 0.0402355 0.02736603 -0.34657562 0.04369201 0.02736603 -0.33814523 0.04579176 0.02736603 -0.3316974 0.04847655 0.02736603 -0.32096368 0.03990377 0.027 -0.34642091 0.03589743 0.027 -0.35399717 0.03141648 0.02720711 -0.3608982 0.03129031 0.027 -0.36080155 0.03123302 0.02684612 -0.36075768 0.03722046 0.02239705 -0.2787087 0.03070673 0.02314712 -0.28124309 0.03714698 0.02274595 -0.27842769 0.03063998 0.02349727 -0.28095675 0.03700947 0.02293238 -0.27803725 0.03051322 0.02368167 -0.28055802 0.02949889 0.02749655 -0.36326596 0.02976278 0.02743819 -0.3628253 0.02674279 0.02743819 -0.36371773 0.0294654 0.02684612 -0.36231333 0.02198734 0.02684612 -0.36120579 0.02389713 0.02684612 -0.36258322 0.02181834 0.02720711 -0.36136338 0.02380093 0.02720711 -0.36279333 0.02155433 0.02743819 -0.36160958 0.02365065 0.02743819 -0.36312154 0.02958146 0.02720711 -0.36251315 0.02671413 0.02684612 -0.36312637 0.02672531 0.02720711 -0.36335716 0.01896233 0.02422511 -0.28518838 0.0098927 0.02481295 -0.28770402 0.01890546 0.02457318 -0.28491208 0.00984394 0.02515928 -0.2874338 0.01880169 0.02476396 -0.28452021 0.00975717 0.02535389 -0.28704658 -0.01061124 0.027 -0.32635391 -0.01072746 0.02720711 -0.3264623 -0.01087893 0.02736603 -0.32660353 0.00695021 0.02521384 -0.28942397 0.00833779 0.0254717 -0.28758559 0.00849933 0.02527451 -0.28793946 0.00859221 0.02493151 -0.28819233 0.00654882 0.02575244 -0.28894269 0.0067991 0.02554968 -0.28921646 0.00531104 0.02610403 -0.29082146 0.00561654 0.0258953 -0.29099113 0.00581076 0.02556699 -0.29113317 -0.01105241 0.02736603 -0.31793121 -0.01246347 0.02736603 -0.32072988 -0.01240078 0.02736603 -0.32386354 -0.01077494 0.027 -0.31816995 -0.01210654 0.027 -0.320811 -0.01204739 0.027 -0.3237682 -0.00271929 0.02742388 -0.30633557 -0.00218307 0.02742109 -0.3054592 -0.00261974 0.02736603 -0.30639765 -0.00190557 0.02720467 -0.30563053 -0.00226002 0.02688268 -0.30662188 -0.00172079 0.02687964 -0.30574641 -0.00230912 0.027 -0.30659127 -0.00244398 0.02720711 -0.3065072 0.00229851 0.02653371 -0.29856065 0.00210825 0.02686198 -0.29843333 0.00181515 0.02707506 -0.29826346 -0.00754516 0.02736603 -0.31357884 -0.00725308 0.027 -0.31379944 0.03123302 -0.02684612 -0.36075768 0.03129031 -0.027 -0.36080155 0.03265417 -0.027 -0.35895753 0.04065086 -0.02736603 -0.34567216 0.03708116 -0.02736603 -0.35269481 0.03673445 -0.02749639 -0.35411823 0.03295203 -0.02736603 -0.35917026 0.03175971 -0.02746152 -0.36116111 0.03141648 -0.02720711 -0.3608982 0.03158089 -0.02736603 -0.36102414 0.0445559 -0.027 -0.33446726 0.04141862 -0.027 -0.34299362 0.04031748 -0.027 -0.34552106 0.03676303 -0.027 -0.35251379 0.04175625 -0.02736603 -0.34313497 0.04490433 -0.02736603 -0.33457938 0.0474436 -0.02736603 -0.32553443 0.04943085 -0.02736603 -0.31602475 0.04708792 -0.027 -0.32544804 0.04907046 -0.027 -0.31596079 0.05054867 -0.027 -0.30602816 0.05091199 -0.02736603 -0.30607253 0.02976278 -0.02743819 -0.3628253 0.03143705 -0.02746086 -0.36154762 0.02198734 -0.02684612 -0.36120579 0.02389713 -0.02684612 -0.36258322 0.02155433 -0.02743819 -0.36160958 0.02365065 -0.02743819 -0.36312154 0.02380093 -0.02720711 -0.36279333 0.02193457 -0.027 -0.36125502 0.02181834 -0.02720711 -0.36136338 0.02166687 -0.02736603 -0.36150464 0.0294654 -0.02684612 -0.36231333 0.02958146 -0.02720711 -0.36251315 0.02674279 -0.02743819 -0.36371773 0.02672531 -0.02720711 -0.36335716 0.02671413 -0.02684612 -0.36312637 0.05174091 -0.02699506 -0.29796213 0.05137653 -0.02663088 -0.29796436 0.05229681 -0.02584802 -0.28967679 0.05193169 -0.02548857 -0.28972483 0.05259603 -0.02391105 -0.28145075 0.05238938 -0.02375812 -0.2814897 0.05223037 -0.02355936 -0.28154284 0.05217225 -0.02344689 -0.28157362 -0.01061124 -0.027 -0.32635391 -0.01087893 -0.02736603 -0.32660353 0.0526929 -0.02378608 -0.28082147 0.05261695 -0.02360203 -0.2802113 0.05236684 -0.02357936 -0.28090474 0.05229092 -0.02339758 -0.28032589 0.0521519 -0.02326576 -0.2810117 0.05208012 -0.02308138 -0.2804555 -0.01105241 -0.02736603 -0.31793121 -0.01246347 -0.02736603 -0.32072988 -0.01077494 -0.027 -0.31816995 -0.01210654 -0.027 -0.320811 -0.01240078 -0.02736603 -0.32386354 -0.01204739 -0.027 -0.3237682 0.05225991 -0.02321368 -0.27893215 0.05194416 -0.02301288 -0.27911121 0.05174837 -0.02268905 -0.27928117 0.05115309 -0.02266301 -0.27707499 0.04954276 -0.02226433 -0.27569658 0.05088439 -0.02246812 -0.2773537 0.0493544 -0.0220743 -0.27605435 0.05072833 -0.02213254 -0.27757934 0.0492506 -0.02172948 -0.27631873 0.04758909 -0.02203784 -0.27490014 0.04750612 -0.02185084 -0.27530572 0.04746184 -0.02150044 -0.27559137 0.04363978 -0.02161439 -0.27595428 0.04551946 -0.02146038 -0.27546328 0.04355955 -0.02196199 -0.27567911 0.04550082 -0.02181178 -0.27517399 0.04341164 -0.02215052 -0.27529761 0.0454657 -0.02199823 -0.2747598 -0.00541059 -0.027 -0.31127289 -0.00271929 -0.02742388 -0.30633557 -0.00570985 -0.02736603 -0.31106216 -0.00230912 -0.027 -0.30659127 -0.00244398 -0.02720711 -0.3065072 -0.00261974 -0.02736603 -0.30639765 0.03722046 -0.02239705 -0.2787087 0.03714698 -0.02274595 -0.27842769 0.03700947 -0.02293238 -0.27803725 0.03070673 -0.02314712 -0.28124309 0.03063998 -0.02349727 -0.28095675 0.03051322 -0.02368167 -0.28055802 0.00184351 -0.02660673 -0.29943794 0.00542048 -0.02571577 -0.29202136 0.00581076 -0.02556699 -0.29113317 0.00522667 -0.02604426 -0.29188123 0.00561654 -0.0258953 -0.29099113 0.00492248 -0.02625355 -0.29171163 0.00531104 -0.02610403 -0.29082146 0.00165382 -0.02693477 -0.29931214 0.00136241 -0.0271483 -0.29914218 0.02182633 -0.02399896 -0.28429919 0.02176698 -0.02434757 -0.28402069 0.02165772 -0.02453696 -0.28362721 0.0098927 -0.02481295 -0.28770402 0.00984394 -0.02515928 -0.2874338 0.00975717 -0.02535389 -0.28704658 0.00805122 -0.02500565 -0.28850591 0.00613865 -0.02584686 -0.28942546 0.00640799 -0.0256424 -0.28967181 0.00657304 -0.02530873 -0.28986278 0.0077479 -0.02554539 -0.28793144 0.00793954 -0.02534666 -0.28826439 0.00536672 0.0155 0.0403552 0.00536672 0.0155 0.02542328 0.01857469 0.0155 0.0403552 0.01857469 0.0155 0.02542328 0.00201141 -0.0155 0.03863924 0.00047071 -0.0155 0.03288924 0.00201141 -0.0155 0.02713924 0.0062207 -0.0155 0.02292996 0.01197071 -0.0155 0.02138924 0.0177207 -0.0155 0.02292996 0.02193 -0.0155 0.02713924 0.02347071 -0.0155 0.03288924 0.02193 -0.0155 0.03863924 0.0177207 -0.0155 0.04284852 0.01197071 -0.0155 0.04438924 0.0062207 -0.0155 0.04284852 0.0059707 -0.015 0.04328155 0.0059707 -0.014 0.04328155 0.00348542 -0.014 0.04137453 0.0015784 -0.015 0.03888925 0.0015784 -0.014 0.03888925 0.00088415 -0.014 0.03748145 -2.929E-05 -0.015 0.03288924 -2.929E-05 -0.014 0.03288924 0.0015784 -0.015 0.02688923 0.00088415 -0.014 0.02829703 0.0015784 -0.014 0.02688923 0.00348542 -0.014 0.02440395 0.0059707 -0.015 0.02249693 0.0059707 -0.014 0.02249693 0.0073785 -0.014 0.02180269 0.01197071 -0.015 0.02088925 0.01197071 -0.014 0.02088925 0.01797071 -0.015 0.02249693 0.01656291 -0.014 0.02180269 0.01797071 -0.014 0.02249693 0.02045599 -0.014 0.02440395 0.02236301 -0.015 0.02688923 0.02236301 -0.014 0.02688923 0.02305726 -0.014 0.02829703 0.0239707 -0.015 0.03288924 0.0239707 -0.014 0.03288924 0.02236301 -0.015 0.03888925 0.02305726 -0.014 0.03748145 0.02236301 -0.014 0.03888925 0.01797071 -0.015 0.04328155 0.02045599 -0.014 0.04137453 0.01797071 -0.014 0.04328155 0.01656291 -0.014 0.04397579 0.01197071 -0.015 0.04488923 0.01197071 -0.014 0.04488923 0.0073785 -0.014 0.04397579 -0.003929 -0.005 0.02989205 0.00327883 -0.005 0.01416352 -0.003929 0.005 0.02989205 0.00327883 0.005 0.01416352 0.0062207 0.0155 0.02292996 0.00201141 0.0155 0.02713924 0.0062207 0.0155 0.04284852 0.00201141 0.0155 0.03863924 0.00047071 0.0155 0.03288924 0.02193 0.0155 0.03863924 0.0177207 0.0155 0.04284852 0.0177207 0.0155 0.02292996 0.02193 0.0155 0.02713924 0.02347071 0.0155 0.03288924 0.01197071 0.0155 0.04438924 0.01197071 0.0155 0.02138924 0.0059707 0.015 0.02249693 0.0059707 0.014 0.02249693 0.00348542 0.014 0.02440395 0.0015784 0.015 0.02688923 0.0015784 0.014 0.02688923 0.00088415 0.014 0.02829703 -2.929E-05 0.015 0.03288924 -2.929E-05 0.014 0.03288924 0.0015784 0.015 0.03888925 0.00088415 0.014 0.03748145 0.0015784 0.014 0.03888925 0.0059707 0.015 0.04328155 0.00348542 0.014 0.04137453 0.0059707 0.014 0.04328155 0.0073785 0.014 0.04397579 0.01197071 0.015 0.04488923 0.01197071 0.014 0.04488923 0.01797071 0.015 0.04328155 0.01656291 0.014 0.04397579 0.01797071 0.014 0.04328155 0.02236301 0.015 0.03888925 0.02045599 0.014 0.04137453 0.02236301 0.014 0.03888925 0.02305726 0.014 0.03748145 0.0239707 0.015 0.03288924 0.0239707 0.014 0.03288924 0.02236301 0.015 0.02688923 0.02305726 0.014 0.02829703 0.02236301 0.014 0.02688923 0.02045599 0.014 0.02440395 0.01797071 0.015 0.02249693 0.01797071 0.014 0.02249693 0.01656291 0.014 0.02180269 0.01197071 0.015 0.02088925 0.01197071 0.014 0.02088925 0.0073785 0.014 0.02180269 0.01890035 -0.0125 0.02595961 0.01742667 -0.0125 0.02973926 0.0151207 -0.0125 0.02743327 0.01197071 -0.0125 0.02658924 0.01450713 -0.0125 0.02342316 0.01687071 -0.0125 0.0244022 0.00882071 -0.0125 0.02743327 0.00943428 -0.0125 0.02342316 0.01197071 -0.0125 0.02308925 0.00651474 -0.0125 0.02973926 0.00504106 -0.0125 0.02595961 0.0070707 -0.0125 0.0244022 0.00250463 -0.0125 0.03542566 0.0056707 -0.0125 0.03288924 0.00651474 -0.0125 0.03603923 0.00217071 -0.0125 0.03288924 0.00250463 -0.0125 0.03035283 0.00348366 -0.0125 0.02798923 0.00882071 -0.0125 0.03834521 0.00504106 -0.0125 0.03981888 0.00348366 -0.0125 0.03778925 0.01450713 -0.0125 0.04235532 0.01197071 -0.0125 0.03918924 0.0151207 -0.0125 0.03834521 0.01197071 -0.0125 0.04268923 0.00943428 -0.0125 0.04235532 0.0070707 -0.0125 0.04137629 0.02045775 -0.0125 0.02798923 0.02143678 -0.0125 0.03035283 0.0182707 -0.0125 0.03288924 0.01742667 -0.0125 0.03603923 0.01890035 -0.0125 0.03981888 0.01687071 -0.0125 0.04137629 0.0217707 -0.0125 0.03288924 0.02143678 -0.0125 0.03542566 0.02045775 -0.0125 0.03778925 0.01453301 -0.0125268 0.02332657 0.0169207 -0.0125268 0.02431559 0.01897106 -0.0125268 0.02588888 0.02054436 -0.0125268 0.02793925 0.02153337 -0.0125268 0.03032693 0.0218707 -0.0125268 0.03288924 0.02153337 -0.0125268 0.03545155 0.02054436 -0.0125268 0.03783923 0.01897106 -0.0125268 0.0398896 0.0169207 -0.0125268 0.04146289 0.01453301 -0.0125268 0.04245191 0.01197071 -0.0125268 0.04278924 0.0094084 -0.0125268 0.04245191 0.0070207 -0.0125268 0.04146289 0.00497035 -0.0125268 0.0398896 0.00339705 -0.0125268 0.03783923 0.00240804 -0.0125268 0.03545155 0.0020707 -0.0125268 0.03288924 0.00240804 -0.0125268 0.03032693 0.00339705 -0.0125268 0.02793925 0.00497035 -0.0125268 0.02588888 0.0070207 -0.0125268 0.02431559 0.0094084 -0.0125268 0.02332657 0.01197071 -0.0125268 0.02298924 0.01455196 -0.0126 0.02325588 0.01695731 -0.0126 0.0242522 0.01902283 -0.0126 0.02583712 0.02060775 -0.0126 0.02790263 0.02160408 -0.0126 0.03030797 0.02194391 -0.0126 0.03288924 0.02160408 -0.0126 0.03547051 0.02060775 -0.0126 0.03787585 0.01902283 -0.0126 0.03994136 0.01695731 -0.0126 0.04152628 0.01455196 -0.0126 0.0425226 0.01197071 -0.0126 0.04286244 0.00938945 -0.0126 0.0425226 0.0069841 -0.0126 0.04152628 0.00491858 -0.0126 0.03994136 0.00333366 -0.0126 0.03787585 0.00233733 -0.0126 0.03547051 0.0019975 -0.0126 0.03288924 0.00233733 -0.0126 0.03030797 0.00333366 -0.0126 0.02790263 0.00491858 -0.0126 0.02583712 0.0069841 -0.0126 0.0242522 0.00938945 -0.0126 0.02325588 0.01197071 -0.0126 0.02291604 0.01598034 0.00575 -0.00675366 0.0165251 0.00629904 -0.00668526 0.01791658 0.00500514 -0.02167163 0.01752471 0.00561911 -0.01828302 0.01699697 0.00575 -0.01426924 0.01743121 0.00620043 -0.01448015 0.01746171 0.00629815 -0.01365394 0.01748266 0.00633907 -0.01326538 0.01378714 0.00629904 0.00523692 0.01545697 0.00629904 -0.00065509 0.01492186 0.00575 -0.00077797 0.01326713 0.00575 0.00506076 -0.00391937 0.0053209 0.0299544 0.00346152 0.00575 0.01424723 -0.00388806 0.00564886 0.03015699 -0.00387085 0.00576481 0.03026834 -0.00375016 0.00623224 0.03104922 0.00396065 0.00629904 0.01447597 -0.00371876 0.00630355 0.03125244 0.00441783 0.00629904 0.01407286 0.00743683 0.00629904 0.01273798 0.01008337 0.00629904 0.01076513 0.0122249 0.00629904 0.00825312 0.01375417 0.00629904 0.00532778 0.00425338 0.00575 0.01354902 0.00716001 0.00575 0.01226383 0.00970804 0.00575 0.01036444 0.01176986 0.00575 0.00794592 0.0132422 0.00575 0.00512948 0.01752471 -0.00561911 -0.01828302 0.01699697 -0.00575 -0.01426924 0.01743121 -0.00620043 -0.01448015 0.01791668 -0.00500686 -0.02167225 0.01598034 -0.00575 -0.00675366 0.0165251 -0.00629904 -0.00668526 0.01746171 -0.00629815 -0.01365394 0.01748266 -0.00633907 -0.01326538 0.00414644 0.00629904 0.01422586 0.00378332 0.00575 0.01381406 0.00365042 0.005 0.01366332 0.01326713 -0.00575 0.00506076 0.01492186 -0.00575 -0.00077797 0.01545697 -0.00629904 -0.00065509 0.01378714 -0.00629904 0.00523692 0.00396065 -0.00629904 0.01447597 -0.00380267 -0.00607649 0.0307095 -0.00375702 -0.0062147 0.03100484 -0.00366788 -0.00639205 0.0315816 0.00367823 -0.00606066 0.01434656 0.00346152 -0.00575 0.01424723 -0.00389091 -0.00562695 0.03013852 -0.00391937 -0.0053209 0.0299544 0.00365042 -0.005 0.01366332 0.0132422 -0.00575 0.00512948 0.01375417 -0.00629904 0.00532778 0.00414644 -0.00629904 0.01422586 0.00441783 -0.00629904 0.01407286 0.00425338 -0.00575 0.01354902 0.00378332 -0.00575 0.01381406 0.00716001 -0.00575 0.01226383 0.00970804 -0.00575 0.01036444 0.01176986 -0.00575 0.00794592 0.00743683 -0.00629904 0.01273798 0.01008337 -0.00629904 0.01076513 0.0122249 -0.00629904 0.00825312 0.00320936 0.00952679 0.01197749 0.0062 0.00952679 0.01073872 0.00876812 0.00952679 0.00876814 0.01073871 0.00952679 0.00620001 0.01197748 0.00952679 0.00320935 0.0124 0.00952679 -1E-08 0.01197748 0.00952679 -0.00320936 0.01073871 0.00952679 -0.00619999 0.00876812 0.00952679 -0.00876812 0.0062 0.00952679 -0.01073871 0.00320936 0.00952679 -0.01197747 -0 0.00952679 -0.01240001 -0.00320936 0.00952679 -0.01197747 -0.0062 0.00952679 -0.01073871 -0.00876812 0.00952679 -0.00876812 -0.01073871 0.00952679 -0.00619999 -0.01197748 0.00952679 -0.00320936 -0.0124 0.00952679 -1E-08 -0.01197748 0.00952679 0.00320935 -0.01073871 0.00952679 0.00620001 -0.00876812 0.00952679 0.00876814 -0.0062 0.00952679 0.01073872 -0.00320936 0.00952679 0.01197749 -0 0.00952679 0.0124 0.0032283 0.0096 0.01204818 0.0062366 0.0096 0.01080211 0.00881989 0.0096 0.0088199 0.01080211 0.0096 0.00623661 0.01204819 0.0096 0.0032283 0.01247321 0.0096 -1E-08 0.01204819 0.0096 -0.00322831 0.01080211 0.0096 -0.00623659 0.00881989 0.0096 -0.00881988 0.0062366 0.0096 -0.01080213 0.0032283 0.0096 -0.01204819 -0 0.0096 -0.0124732 -0.0032283 0.0096 -0.01204819 -0.0062366 0.0096 -0.01080213 -0.00881989 0.0096 -0.00881988 -0.01080211 0.0096 -0.00623659 -0.01204819 0.0096 -0.00322831 -0.01247321 0.0096 -1E-08 -0.01204819 0.0096 0.0032283 -0.01080211 0.0096 0.00623661 -0.00881989 0.0096 0.0088199 -0.0062366 0.0096 0.01080211 -0.0032283 0.0096 0.01204818 -0 0.0096 0.01247322 0.00320936 -0.00952679 -0.01197747 0.0062 -0.00952679 -0.01073871 0.00876812 -0.00952679 -0.00876812 0.01073871 -0.00952679 -0.00619999 0.01197748 -0.00952679 -0.00320936 0.0124 -0.00952679 -1E-08 0.01197748 -0.00952679 0.00320935 0.01073871 -0.00952679 0.00620001 0.00876812 -0.00952679 0.00876814 0.0062 -0.00952679 0.01073872 0.00320936 -0.00952679 0.01197749 -0 -0.00952679 0.0124 -0.00320936 -0.00952679 0.01197749 -0.0062 -0.00952679 0.01073872 -0.00876812 -0.00952679 0.00876814 -0.01073871 -0.00952679 0.00620001 -0.01197748 -0.00952679 0.00320935 -0.0124 -0.00952679 -1E-08 -0.01197748 -0.00952679 -0.00320936 -0.01073871 -0.00952679 -0.00619999 -0.00876812 -0.00952679 -0.00876812 -0.0062 -0.00952679 -0.01073871 -0.00320936 -0.00952679 -0.01197747 -0 -0.00952679 -0.01240001 0.0032283 -0.0096 -0.01204819 0.0062366 -0.0096 -0.01080213 0.00881989 -0.0096 -0.00881988 0.01080211 -0.0096 -0.00623659 0.01204819 -0.0096 -0.00322831 0.01247321 -0.0096 -1E-08 0.01204819 -0.0096 0.0032283 0.01080211 -0.0096 0.00623661 0.00881989 -0.0096 0.0088199 0.0062366 -0.0096 0.01080211 0.0032283 -0.0096 0.01204818 -0 -0.0096 0.01247322 -0.0032283 -0.0096 0.01204818 -0.0062366 -0.0096 0.01080211 -0.00881989 -0.0096 0.0088199 -0.01080211 -0.0096 0.00623661 -0.01204819 -0.0096 0.0032283 -0.01247321 -0.0096 -1E-08 -0.01204819 -0.0096 -0.00322831 -0.01080211 -0.0096 -0.00623659 -0.00881989 -0.0096 -0.00881988 -0.0062366 -0.0096 -0.01080213 -0.0032283 -0.0096 -0.01204819 -0 -0.0096 -0.0124732 -0.00430822 0.01300241 -0.04640643 0.03313362 0.01313233 -0.10461091 0.02630077 0.01313397 -0.09180621 0.03326574 0.01315692 -0.10496398 0.03343848 0.01319315 -0.10542672 0.03319231 0.0135 -0.10554989 -0.00283964 0.01313105 -0.04887978 -0.00157421 0.01349586 -0.05104784 -0.00239604 0.01321849 -0.04963581 0.00075978 0.01313397 -0.05342726 -0.00263561 0.01316761 -0.04922698 0.00960129 0.0135 -0.06600542 0.00047088 0.0135 -0.053652 -0.00032074 0.01387325 -0.05284274 -0.00122168 0.01374438 -0.05165822 0.02598191 0.0135 -0.09198592 0.01811186 0.0135 -0.07879374 0.00990092 0.01313397 -0.06579516 0.01842148 0.01313397 -0.07859854 0.03466342 0.01354866 -0.109095 0.03484779 0.01361942 -0.10974308 0.03547839 0.01390628 -0.11228179 0.03564414 0.01399616 -0.11306656 0.03314057 -0.01361732 -0.10557579 -0.00157421 -0.01349586 -0.05104784 -0.00122168 -0.01374438 -0.05165822 -0.00032074 -0.01387325 -0.05284274 -0.00326016 -0.0130721 -0.048167 -0.00263561 -0.01316761 -0.04922698 0.00929143 -0.01307612 -0.06472648 -0.00239604 -0.01321849 -0.04963581 0.0090266 -0.01329289 -0.06491385 0.00884964 -0.01361732 -0.06503905 -0.00430822 -0.01300241 -0.04640643 0.02222898 -0.01307612 -0.08456803 0.03274062 -0.0130732 -0.10356512 0.02195069 -0.01329289 -0.0847348 0.03333443 -0.01329289 -0.10547879 0.03326574 -0.01315692 -0.10496398 0.03343848 -0.01319315 -0.10542672 0.02176475 -0.01361732 -0.08484624 0.03317036 -0.01354514 -0.10556088 0.03466342 -0.01354866 -0.109095 0.03564414 -0.01399616 -0.11306656 0.03547839 -0.01390628 -0.11228179 0.03484779 -0.01361942 -0.10974308 0.05024904 -0.02745518 -0.32593432 0.0506205 -0.02731151 -0.32602382 0.05287708 -0.0273718 -0.31638226 0.02995019 -0.0273547 -0.36388308 0.03272505 -0.02200046 -0.36623189 0.03777605 -0.02252952 -0.35954708 0.04217893 -0.02328745 -0.35217515 0.04369951 -0.02741179 -0.34322226 0.0395885 -0.02738871 -0.35081726 0.03499284 -0.02736868 -0.3576946 0.04773664 -0.0272264 -0.33506355 0.04727216 -0.02743495 -0.33491561 0.04426178 -0.02712902 -0.34345326 0.05449661 -0.02738582 -0.30620188 0.05497974 -0.02706066 -0.30626014 0.0534288 -0.02696519 -0.31647936 0.05129706 -0.02671371 -0.32618684 0.04858264 -0.02635865 -0.33533302 0.04528586 -0.02595242 -0.34387401 0.04140757 -0.02554745 -0.35177082 0.04023325 -0.02703194 -0.35115522 0.03694728 -0.02519614 -0.35899547 0.03568557 -0.02694772 -0.35815567 0.03189877 -0.02495092 -0.36553249 0.03064085 -0.02688894 -0.36446771 0.04595853 -0.02416117 -0.34415039 0.04913833 -0.02503759 -0.33551002 0.05174146 -0.02580361 -0.32629392 0.05379121 -0.02634616 -0.31654316 0.05530256 -0.02657402 -0.30629906 0.05669872 -0.02500784 -0.2895551 0.05700694 -0.0227771 -0.28042352 0.05637491 -0.0254876 -0.28944764 0.05668238 -0.02324395 -0.28027648 0.05588716 -0.02580611 -0.28936261 0.05619483 -0.02355472 -0.28017345 0.05615154 -0.02618349 -0.29788688 0.05582826 -0.0266694 -0.29781434 0.05534185 -0.02699235 -0.29774368 0.05706135 -0.02082385 -0.27358326 0.05673614 -0.02129343 -0.27345651 0.0562496 -0.0216073 -0.27337235 0.05680781 -0.01771981 -0.26079148 0.05614021 -0.01527736 -0.24779899 0.05510433 -0.01351038 -0.23461616 0.05648211 -0.01819413 -0.26070088 0.05581472 -0.0157559 -0.24774304 0.05477955 -0.01399246 -0.23459376 0.05373956 -0.01243578 -0.22125287 0.05341585 -0.01292061 -0.22126321 0.05208071 -0.01207403 -0.20771895 0.05199467 -0.01225 -0.20773029 0.05175833 -0.01256066 -0.20776144 0.05145033 -0.01279904 -0.20780201 0.05599719 -0.01851271 -0.26064962 0.05533102 -0.01607792 -0.2477227 0.05429666 -0.01431671 -0.2346027 0.05293338 -0.01324589 -0.22130007 0.05127587 -0.01288582 -0.20782501 0.05040906 -0.01225 -0.19631273 0.05122129 -0.01225 -0.2020185 0.05067748 -0.01279904 -0.20209408 0.04986576 -0.01279904 -0.19639188 0.05017318 -0.01256066 -0.19634709 0.04022384 -0.01428714 -0.13680297 0.04767499 -0.01299534 -0.18323907 0.04815601 -0.01267049 -0.18315695 0.04847685 -0.01218344 -0.18309772 0.04377289 -0.01370437 -0.16029166 0.04425335 -0.01338034 -0.16019098 0.04457263 -0.01289274 -0.16011178 0.0394256 -0.01509788 -0.13701746 0.03990598 -0.01477504 -0.13690066 0.03475032 -0.01720716 -0.11342644 0.03523109 -0.01688583 -0.11329592 0.03554778 -0.01639802 -0.11318117 0.03406467 -0.01749465 -0.11070251 0.03453576 -0.01717455 -0.11052444 0.03484372 -0.01668488 -0.11037784 0.03226065 -0.01799318 -0.1061746 0.03270443 -0.01767533 -0.10591654 0.03299049 -0.01718225 -0.10571753 0.02548598 -0.01890095 -0.09163154 0.0181724 -0.02060139 -0.07937718 0.02520896 -0.01939569 -0.0918533 0.01790415 -0.02109774 -0.07961867 0.02477476 -0.01971133 -0.09214056 0.0174794 -0.02141121 -0.07993165 0.01650944 -0.02053963 -0.07671664 0.01522391 -0.02109116 -0.07597847 0.01583188 -0.0213356 -0.07703028 0.01536239 -0.02099888 -0.07591362 0.01622947 -0.0210067 -0.07682518 0.0158961 -0.02031784 -0.07575081 0.01581589 -0.02047716 -0.07576001 0.0156127 -0.02076513 -0.07581431 0.00832835 -0.01752698 -0.06472061 0.0078883 -0.01804817 -0.06489319 -5.103E-05 -0.01518591 -0.05420319 0.00037483 -0.01466523 -0.05401222 -0.00056916 -0.01446049 -0.0528693 -0.00149307 -0.01424812 -0.0517135 -0.00098459 -0.01490701 -0.05305717 -0.00189162 -0.01462155 -0.05189288 -0.0021465 -0.01475131 -0.05203683 0.04727216 0.02743495 -0.33491561 0.02995019 0.0273547 -0.36388308 0.03272505 0.02200046 -0.36623189 0.034993 0.02736868 -0.35769433 0.04369951 0.02741179 -0.34322226 0.0395893 0.02738871 -0.35081562 0.03777606 0.02252952 -0.35954705 0.042179 0.02328745 -0.352175 0.03189877 0.02495092 -0.36553249 0.03694734 0.02519614 -0.35899535 0.04140786 0.02554745 -0.35177022 0.04595853 0.02416117 -0.34415039 0.04528586 0.02595242 -0.34387401 0.04913833 0.02503759 -0.33551002 0.04858264 0.02635865 -0.33533302 0.05174146 0.02580361 -0.32629392 0.05129706 0.02671371 -0.32618684 0.05379121 0.02634616 -0.31654316 0.0534288 0.02696519 -0.31647936 0.05530256 0.02657402 -0.30629906 0.05497974 0.02706066 -0.30626014 0.05449661 0.02738582 -0.30620188 0.05287708 0.0273718 -0.31638226 0.04426178 0.02712902 -0.34345326 0.04773664 0.0272264 -0.33506355 0.0506205 0.02731151 -0.32602382 0.03064085 0.02688894 -0.36446771 0.03568569 0.02694772 -0.35815546 0.04023387 0.02703194 -0.35115397 0.05543019 0.026568 -0.30521554 0.05510731 0.02705485 -0.30517238 0.05462363 0.02737985 -0.30511263 0.05542148 0.02689277 -0.29674262 0.05590813 0.02657023 -0.29681489 0.05623147 0.02608478 -0.29689151 0.05700694 0.0227771 -0.28042352 0.05674364 0.02482555 -0.28861949 0.05668238 0.02324395 -0.28027648 0.05641976 0.02530429 -0.288508 0.05619483 0.02355472 -0.28017345 0.05593196 0.02562214 -0.28842124 0.05145033 0.01279904 -0.20780201 0.05175833 0.01256066 -0.20776144 0.05235654 0.01260228 -0.21240002 0.05199467 0.01225 -0.20773029 0.05208071 0.01207403 -0.20771895 0.0526794 0.01211615 -0.21236849 0.05187412 0.01292761 -0.21245457 0.05127587 0.01288582 -0.20782501 0.0542959 0.01276225 -0.22636376 0.05558246 0.0141706 -0.24018607 0.05698995 0.01919525 -0.26723522 0.05649652 0.01632099 -0.2538164 0.05397175 0.01324614 -0.22636172 0.05525733 0.01465129 -0.24014966 0.05617085 0.01679765 -0.2537446 0.05666439 0.01966725 -0.26712668 0.05348916 0.01357116 -0.22638808 0.05477415 0.01497474 -0.24014647 0.05568664 0.01711824 -0.25371024 0.0561787 0.01998362 -0.26705921 0.05122129 0.01225 -0.2020185 0.05017318 0.01256066 -0.19634709 0.05040906 0.01225 -0.19631273 0.05067748 0.01279904 -0.20209408 0.04986576 0.01279904 -0.19639188 0.04232793 0.01354056 -0.1478624 0.03667248 0.01626599 -0.12300328 0.03475032 0.01720716 -0.11342644 0.03715302 0.01594401 -0.12287801 0.03523109 0.01688583 -0.11329592 0.03747015 0.01545611 -0.12276997 0.03554778 0.01639802 -0.11318117 0.04152907 0.01435181 -0.14806099 0.04200942 0.01402836 -0.14795153 0.04591689 0.01324296 -0.17257251 0.0463976 0.01291844 -0.17248142 0.0467177 0.0124311 -0.17241268 0.03339314 0.01770686 -0.10874642 0.03226065 0.01799318 -0.1061746 0.03385428 0.0173877 -0.10853394 0.03270443 0.01767533 -0.10591654 0.03415396 0.0168966 -0.10836462 0.03299049 0.01718225 -0.10571753 0.02630574 0.01871149 -0.0930886 0.02602773 0.01920605 -0.09330804 0.02559248 0.01952194 -0.09359226 0.0181724 0.02060139 -0.07937718 0.01790415 0.02109774 -0.07961867 0.0174794 0.02141121 -0.07993165 0.01583188 0.0213356 -0.07703028 0.0158961 0.02031784 -0.07575081 0.01650944 0.02053963 -0.07671664 0.01581589 0.02047716 -0.07576001 0.01622947 0.0210067 -0.07682518 0.01522391 0.02109116 -0.07597847 0.01536239 0.02099888 -0.07591362 0.0156127 0.02076513 -0.07581431 0.00832835 0.01752698 -0.06472061 0.0078883 0.01804817 -0.06489319 0.00037483 0.01466523 -0.05401222 -5.103E-05 0.01518591 -0.05420319 -0.00149307 0.01424812 -0.0517135 -0.00056916 0.01446049 -0.0528693 -0.00189162 0.01462155 -0.05189288 -0.00098459 0.01490701 -0.05305717 -0.0021465 0.01475131 -0.05203683 -0.01402522 0.02736931 -0.31995985 -0.01573155 0.02520719 -0.31836075 -0.0181827 0.02201649 -0.31950617 -0.01176605 0.02713139 -0.31498086 -0.00916702 0.0273124 -0.31038275 -0.01129921 0.02741235 -0.31536555 -0.00885901 0.02745539 -0.31060699 -0.0064684 0.02739468 -0.30583376 -0.00709596 0.02675 -0.30542874 -0.00689567 0.02706066 -0.305558 -0.00861961 0.0263485 -0.30756652 -0.00972803 0.02671742 -0.30997434 -0.01009653 0.02581163 -0.30970609 -0.01261635 0.02596231 -0.31428018 -0.01317487 0.02418249 -0.31381994 -0.0164551 0.02255336 -0.31768265 -0.01463001 0.02695037 -0.31939307 -0.00663464 0.02729904 -0.30572647 0.00058869 0.02555586 -0.29122609 0.00108417 0.02609341 -0.29136452 0.00367235 0.02400696 -0.28386775 0.00417892 0.0245338 -0.28393134 0.00512571 0.02290634 -0.27993762 0.00563704 0.02342598 -0.2799629 -0.00249828 0.02699685 -0.29865122 -0.00297911 0.02645204 -0.29843479 0.00566627 0.02244365 -0.2783916 0.00617976 0.02296459 -0.27841491 0.00888151 0.01960171 -0.26794639 0.01183667 0.01687364 -0.25565514 0.01394515 0.0148996 -0.24412115 0.01554837 0.01344897 -0.23229389 0.01668442 0.01255485 -0.22019632 0.01738281 0.01225 -0.20784926 0.00940691 0.02013056 -0.26795956 0.01237156 0.01740998 -0.25566232 0.01448595 0.01544132 -0.24412724 0.01609314 0.01399464 -0.23230235 0.01723169 0.01310297 -0.22021006 0.01793143 0.01279904 -0.20787071 0.01811043 0.01279904 -0.20218302 0.01756155 0.01225 -0.20216987 0.01820542 0.01279904 -0.19649287 0.01765641 0.01225 -0.19648764 0.00484683 0.02136213 -0.08037759 0.00437987 0.02103714 -0.08044309 0.00467862 0.02127398 -0.08040542 0.00864438 0.01884387 -0.09837724 0.00414724 0.020733 -0.08045483 0.00810753 0.01830057 -0.0984172 0.01764629 0.01229772 -0.1877677 0.01819528 0.01284672 -0.18776731 0.01708497 0.01268626 -0.17011563 0.01583536 0.01347432 -0.15231293 0.01392202 0.01467002 -0.13439934 0.01135108 0.01627836 -0.11641779 0.01763317 0.01323489 -0.17010561 0.01638192 0.01402219 -0.15229481 0.01446619 0.01521675 -0.13437402 0.01189206 0.01682358 -0.11638547 0.0034242 0.0205841 -0.07781849 0.00317361 0.02038251 -0.07680122 0.00373619 0.02107209 -0.07766856 0.00348246 0.02086429 -0.07659445 0.00421488 0.02139012 -0.07750232 0.00396618 0.0211719 -0.07639036 -0.0014484 0.0158822 -0.06005371 -0.00293283 0.01473479 -0.05237649 -0.00066503 0.0166726 -0.05960549 -0.00332769 0.01450599 -0.05256603 -0.0011448 0.01636628 -0.05983237 -0.00371154 0.01394395 -0.05284128 -0.00341049 0.01442905 -0.05261353 -0.00290657 0.01458374 -0.05188388 -0.00226316 0.01457432 -0.05168153 -0.00163907 0.01431951 -0.05165643 -0.00174374 0.01406439 -0.05138478 -0.00238872 0.01424381 -0.05134589 -0.00380362 0.01375632 -0.05248014 -0.00375334 0.01390881 -0.05262924 -0.00353303 0.01407267 -0.0519544 -0.00343921 0.01434587 -0.05222265 -0.00302773 0.01424676 -0.05154932 -0.00301705 0.01424833 -0.05154369 -0.00325536 0.01396481 -0.05130286 -0.00491554 0.01294889 -0.04613218 -0.00525773 0.01279904 -0.04624961 -0.00469276 0.01297337 -0.04653866 -0.00555157 0.01256066 -0.04635043 -0.00505484 0.01283594 -0.046666 -0.00577704 0.01225 -0.04642779 -0.0053677 0.01260027 -0.04677907 -0.00591878 0.01188823 -0.04647643 -0.00560823 0.01228376 -0.04686952 -0.00575866 0.01190981 -0.04693062 -0.00311499 0.01335283 -0.04934118 -0.00288409 0.01344311 -0.04973168 -0.00208117 0.01385467 -0.05098823 -0.00361505 0.01336143 -0.04950557 -0.0034041 0.01348282 -0.04989246 -0.00267585 0.01402055 -0.05107845 -0.00407417 0.01319237 -0.04969991 -0.00388723 0.01333237 -0.05009688 -0.00443582 0.01286645 -0.04990027 -0.00426954 0.01301166 -0.05031786 -0.00371944 0.01369708 -0.05162264 -0.00465545 0.01242383 -0.05008195 -0.0045004 0.01256316 -0.05052615 -0.00398778 0.0132637 -0.05198247 -0.01499837 0.01225 -0.02113617 -0.01731333 0.01279904 -0.01330957 -0.01782878 0.01225 -0.01349867 -0.01448399 0.01279904 -0.02094421 -0.01936005 0.01225 -0.01001931 -0.01887244 0.01279904 -0.00976697 -0.01563974 0.01225 0.01518541 -0.01843892 0.01225 0.01162773 -0.01524583 0.01279904 0.01480296 -0.01797451 0.01279904 0.01133486 -0.01992806 0.01279904 0.00737801 -0.02102223 0.01279904 0.00310295 -0.02120984 0.01279904 -0.00130588 -0.02048279 0.01279904 -0.00565842 -0.02044294 0.01225 0.00756862 -0.02156538 0.01225 0.00318312 -0.02175784 0.01225 -0.00133965 -0.021012 0.01225 -0.00580463 -0.01293161 0.01225 0.01839345 -0.01248847 0.01279904 0.01806932 -0.01069453 0.01225 0.02194604 -0.01021072 0.01279904 0.02168649 -0.00043125 0.01288582 0.03954279 -0.00058632 0.01279904 0.03962599 -0.00086007 0.01256066 0.03977286 -0.00107013 0.01225 0.03988554 -0.0011466 0.01207403 0.03992658 0.02399877 0.01207403 0.04165926 0.02042811 0.01207403 0.04513913 0.02684273 0.01207403 0.03224864 0.02373604 0.01256066 0.04146769 0.02024337 0.01256066 0.04487156 0.02334283 0.01288582 0.04118099 0.01996689 0.01288582 0.04447108 0.0024615 0.01288582 0.04326486 0.01569389 0.01288582 0.04646187 0.0110032 0.01288582 0.04692998 0.00642105 0.01288582 0.04582291 0.02504297 0.01288582 0.02767446 0.02603169 0.01288582 0.03228357 0.02520642 0.01279904 0.02760925 0.02651788 0.01256066 0.03226265 0.01582263 0.01256066 0.04693117 0.01096975 0.01256066 0.04741546 0.00622917 0.01256066 0.04627009 0.0021327 0.01256066 0.04362359 0.02571638 0.01225 0.02740582 0.02549497 0.01256066 0.02749413 0.01590865 0.01207403 0.04724472 0.0109474 0.01207403 0.04773986 0.00610095 0.01207403 0.04656892 0.02579698 0.01207403 0.02737367 0.02544296 0.01288582 0.03696065 0.02590879 0.01256066 0.03710144 0.02622005 0.01207403 0.0371955 0.00191301 0.01207403 0.04386332 0.02141482 0.01279904 0.01810461 0.02192478 0.01225 0.01790115 0.02044722 0.01279904 0.01498547 0.02098278 0.01225 0.01486456 0.02052889 0.01225 0.01171779 0.02057434 0.01225 0.00853878 0.02111801 0.01225 0.00540625 0.01998099 0.01279904 0.01175317 0.02002768 0.01279904 0.00848776 0.02058613 0.01279904 0.00527009 0.01955369 0.01225 -0.00963593 0.02094559 0.01225 -0.00603989 0.0190612 0.01279904 -0.00939325 0.02041805 0.01279904 -0.00588775 0.02113601 0.01279904 -0.00219805 0.02119263 0.01279904 0.00156044 0.02168211 0.01225 -0.00225485 0.02174019 0.01225 0.00160074 0.01770058 0.01225 -0.01554141 0.01715773 0.01279904 -0.01545922 0.01772247 0.01225 -0.02173076 0.01718021 0.01279904 -0.0218168 0.0222529 0.01225 -0.04746429 0.03126987 0.01225 -0.09258334 0.03281943 0.01225 -0.10016704 0.03073196 0.01279904 -0.09269334 0.03228148 0.01279904 -0.10027681 0.02171345 0.01279904 -0.04756648 0.03391333 0.01238805 -0.10496325 0.03378926 0.01286583 -0.10541905 0.03365363 0.01282649 -0.10494138 0.03392259 0.01266579 -0.10543085 0.03402306 0.01244816 -0.10545274 0.03564432 0.01399329 -0.1130674 0.03548776 0.01383607 -0.11230097 0.03495247 0.01333996 -0.10980085 0.03564432 -0.01399329 -0.1130674 0.03548776 -0.01383607 -0.11230097 0.03495247 -0.01333996 -0.10980085 0.03406012 -0.01233449 -0.10546731 0.03392259 -0.01266579 -0.10543085 0.03371131 -0.01295763 -0.10541705 0.03356714 -0.01292097 -0.10494288 0.03380178 -0.01261783 -0.1049468 0.03395432 -0.01226731 -0.1049755 0.03290446 -0.01207403 -0.10014968 0.03281943 -0.01225 -0.10016704 0.03258586 -0.01256066 -0.1002147 0.03228148 -0.01279904 -0.10027681 0.03210905 -0.01288582 -0.100312 0.03126987 -0.01225 -0.09258334 0.03073196 -0.01279904 -0.09269334 0.0222529 -0.01225 -0.04746429 0.02171345 -0.01279904 -0.04756648 0.01780818 -0.01207403 -0.02171717 0.01772247 -0.01225 -0.02173076 0.01748704 -0.01256066 -0.0217681 0.01718021 -0.01279904 -0.0218168 0.01778638 -0.01207403 -0.0155544 0.01963153 -0.01207403 -0.00967429 0.01746489 -0.01256066 -0.01550571 0.01955369 -0.01225 -0.00963593 0.01933986 -0.01256066 -0.00953058 0.01698373 -0.01288582 -0.01543287 0.0190612 -0.01279904 -0.00939325 0.01890335 -0.01288582 -0.00931547 0.02088708 -0.01256066 0.00534713 0.02058613 -0.01279904 0.00527009 0.02119263 -0.01279904 0.00156044 0.02041805 -0.01279904 -0.00588775 0.02113601 -0.01279904 -0.00219805 0.02120208 -0.01207403 0.00542777 0.02111801 -0.01225 0.00540625 0.02174019 -0.01225 0.00160074 0.02168211 -0.01225 -0.00225485 0.02094559 -0.01225 -0.00603989 0.02141482 -0.01279904 0.01810461 0.02125137 -0.01288582 0.01816978 0.02006182 -0.01288582 0.01394638 0.02192478 -0.01225 0.01790115 0.02170337 -0.01256066 0.01798948 0.02054148 -0.01256066 0.0138643 0.02059023 -0.01207403 0.00960066 0.02086198 -0.01207403 0.01380944 0.02200538 -0.01207403 0.01786902 0.02026534 -0.01256066 0.00958749 0.01977911 -0.01288582 0.00956776 0.02504297 -0.01288582 0.02767446 0.02520642 -0.01279904 0.02760925 0.02549497 -0.01256066 0.02749413 0.02571638 -0.01225 0.02740582 0.02579698 -0.01207403 0.02737367 0.0109474 -0.01207403 0.04773986 0.01590865 -0.01207403 0.04724472 0.00191301 -0.01207403 0.04386332 0.01096975 -0.01256066 0.04741546 0.01582263 -0.01256066 0.04693117 0.0110032 -0.01288582 0.04692998 0.01569389 -0.01288582 0.04646187 0.02603169 -0.01288582 0.03228357 0.01996689 -0.01288582 0.04447108 0.02334283 -0.01288582 0.04118099 0.02544296 -0.01288582 0.03696065 -0.00043125 -0.01288582 0.03954279 0.0024615 -0.01288582 0.04326486 -0.00058632 -0.01279904 0.03962599 0.0021327 -0.01256066 0.04362359 0.02024337 -0.01256066 0.04487156 0.02373604 -0.01256066 0.04146769 0.02590879 -0.01256066 0.03710144 0.02651788 -0.01256066 0.03226265 -0.00107013 -0.01225 0.03988554 -0.00086007 -0.01256066 0.03977286 0.02042811 -0.01207403 0.04513913 0.02399877 -0.01207403 0.04165926 0.02622005 -0.01207403 0.0371955 -0.0011466 -0.01207403 0.03992658 0.00610095 -0.01207403 0.04656892 0.00622917 -0.01256066 0.04627009 0.00642105 -0.01288582 0.04582291 0.02684273 -0.01207403 0.03224864 -0.01069453 -0.01225 0.02194604 -0.01021072 -0.01279904 0.02168649 -0.01317488 -0.02418248 -0.31381994 -0.01009653 -0.02581162 -0.30970609 -0.00861961 -0.0263485 -0.30756652 -0.00972803 -0.02671742 -0.30997434 -0.01261636 -0.0259623 -0.31428021 -0.00916703 -0.0273124 -0.31038275 -0.01176606 -0.02713139 -0.31498089 -0.00885901 -0.02745539 -0.31060699 -0.01129922 -0.02741235 -0.31536558 -0.01463003 -0.02695037 -0.3193931 -0.01402524 -0.02736931 -0.31995988 -0.01573157 -0.02520719 -0.31836078 -0.01645512 -0.02255335 -0.31768268 -0.01818273 -0.02201648 -0.3195062 -0.00663464 -0.02729904 -0.30572647 -0.00689567 -0.02706066 -0.305558 -0.00709596 -0.02675 -0.30542874 -0.01293161 -0.01225 0.01839345 -0.01248847 -0.01279904 0.01806932 -0.01563974 -0.01225 0.01518541 -0.01524583 -0.01279904 0.01480296 -0.00428679 -0.0272038 -0.30186567 -0.00475953 -0.02665673 -0.30161306 -0.00051228 -0.02659058 -0.29476458 0.00277923 -0.02535304 -0.28744459 -0.00100148 -0.02604926 -0.29459041 0.0022775 -0.02482071 -0.28734615 0.00512571 -0.02290634 -0.27993762 0.00563704 -0.02342598 -0.2799629 -0.01936005 -0.01225 -0.01001931 -0.021012 -0.01225 -0.00580463 -0.01887244 -0.01279904 -0.00976697 -0.02048279 -0.01279904 -0.00565842 -0.02120984 -0.01279904 -0.00130588 -0.02102223 -0.01279904 0.00310295 -0.01992806 -0.01279904 0.00737801 -0.01797451 -0.01279904 0.01133486 -0.02175784 -0.01225 -0.00133965 -0.02156538 -0.01225 0.00318312 -0.02044294 -0.01225 0.00756862 -0.01843892 -0.01225 0.01162773 0.00861095 -0.01984651 -0.26892206 0.01738281 -0.01225 -0.20784926 0.01663525 -0.01258785 -0.22084616 0.01793143 -0.01279904 -0.20787071 0.01718242 -0.01313588 -0.22085957 0.0154414 -0.01354179 -0.23321918 0.01372055 -0.01510869 -0.24551582 0.01598592 -0.01408721 -0.23322734 0.01426075 -0.01564985 -0.24552186 0.01145803 -0.01722765 -0.25743163 0.01199178 -0.01776302 -0.25743935 0.00913541 -0.02037467 -0.26893595 -0.01782878 -0.01225 -0.01349867 -0.01731333 -0.01279904 -0.01330957 0.01811043 -0.01279904 -0.20218302 0.01820542 -0.01279904 -0.19649287 0.01756155 -0.01225 -0.20216987 0.01765641 -0.01225 -0.19648764 -0.01448399 -0.01279904 -0.02094421 -0.01499837 -0.01225 -0.02113617 -0.00577704 -0.01225 -0.04642779 -0.00591878 -0.01188823 -0.04647643 -0.00555157 -0.01256066 -0.04635043 -0.00525773 -0.01279904 -0.04624961 -0.00491554 -0.01294889 -0.04613218 0.00437987 -0.02103714 -0.08044309 0.00414724 -0.020733 -0.08045483 0.00545571 -0.01993564 -0.08601443 0.00598896 -0.02047738 -0.08596823 0.00467862 -0.02127398 -0.08040542 0.00916548 -0.01764288 -0.10388187 0.0122314 -0.01572762 -0.12208045 0.01465045 -0.01421474 -0.14053714 0.01639652 -0.0131227 -0.15918952 0.01742007 -0.01246584 -0.17793864 0.0097037 -0.0181868 -0.10384435 0.01277347 -0.01627336 -0.12205035 0.01519552 -0.01476191 -0.14051422 0.0169438 -0.01367091 -0.15917437 0.01796873 -0.01301468 -0.17793262 -0.00575866 -0.01190981 -0.04693062 -0.00560823 -0.01228376 -0.04686952 -0.0053677 -0.01260027 -0.04677907 -0.00505484 -0.01283594 -0.046666 -0.00469276 -0.01297337 -0.04653866 -0.00465545 -0.01242383 -0.05008195 -0.0045004 -0.01256316 -0.05052615 -0.00398778 -0.0132637 -0.05198247 -0.00443582 -0.01286645 -0.04990027 -0.00426954 -0.01301166 -0.05031786 -0.00371944 -0.01369708 -0.05162264 -0.00407417 -0.01319237 -0.04969991 -0.00388723 -0.01333237 -0.05009688 -0.00325536 -0.01396481 -0.05130286 -0.00380362 -0.01375632 -0.05248014 -0.00353303 -0.01407267 -0.0519544 -0.00302773 -0.01424676 -0.05154932 -0.00301705 -0.01424833 -0.05154369 -0.00361505 -0.01336143 -0.04950557 -0.0034041 -0.01348282 -0.04989246 -0.00267585 -0.01402055 -0.05107845 -0.00238872 -0.01424381 -0.05134589 -0.00311499 -0.01335283 -0.04934118 -0.00288409 -0.01344311 -0.04973168 -0.00208117 -0.01385467 -0.05098823 -0.00174374 -0.01406439 -0.05138478 0.00381367 -0.02066259 -0.07942081 0.0041302 -0.02114764 -0.07935829 0.00460155 -0.02147337 -0.07925291 0.00317361 -0.02038251 -0.07680122 0.00348246 -0.02086429 -0.07659445 0.00396618 -0.0211719 -0.07639036 -0.00226316 -0.01457432 -0.05168153 -0.00163907 -0.01431951 -0.05165643 -0.00343921 -0.01434587 -0.05222265 -0.00293283 -0.01473479 -0.05237649 -0.00290657 -0.01458374 -0.05188388 -0.00371154 -0.01394395 -0.05284128 -0.00375334 -0.01390881 -0.05262924 -0.00341049 -0.01442905 -0.05261353 -0.00332769 -0.01450599 -0.05256603 -0.0011448 -0.01636628 -0.05983237 -0.0014484 -0.0158822 -0.06005371 -0.00066503 -0.0166726 -0.05960549 0.01846567 0.00670096 -0.0107165 0.01830277 0.00661418 -0.01064995 0.01781956 0.00656609 -0.01339388 0.01791673 0.00500771 -0.02167258 0.01758956 0.00576687 -0.01833353 0.01768722 0.00643351 -0.01458547 0.0176647 0.00607841 -0.01843983 0.0179881 0.00705171 -0.014794 0.01822917 0.00726378 -0.01363266 0.01905425 0.00742598 -0.01095701 0.01897392 0.00725 -0.0109242 0.01763642 0.00592062 -0.01838601 0.01787652 0.00672288 -0.01469213 0.01807527 0.00688285 -0.01351968 0.01875325 0.00693934 -0.01083401 0.0190612 0.00670096 -0.00939325 0.01933986 0.00693934 -0.00953058 0.01955369 0.00725 -0.00963593 0.01963153 0.00742598 -0.00967429 0.02188353 0.00742598 0.00031641 0.02120208 0.00742598 0.00542777 0.02111801 0.00725 0.00540625 0.02155841 0.00693934 0.0003117 0.02135014 0.00742598 -0.00481251 0.02103294 0.00693934 -0.00474102 0.02055822 0.00661418 -0.00463403 0.02107182 0.00661418 0.00030466 0.02088708 0.00693934 0.00534713 0.02058613 0.00670096 0.00527009 0.02041565 0.00661418 0.00522646 0.02044722 0.00670096 0.01498547 0.02141482 0.00670096 0.01810461 0.02125137 0.00661418 0.01816978 0.02002768 0.00670096 0.00848776 0.01998099 0.00670096 0.01175317 0.02098278 0.00725 0.01486456 0.02052889 0.00725 0.01171779 0.02057434 0.00725 0.00853878 0.02200538 0.00742598 0.01786902 0.02192478 0.00725 0.01790115 0.02170337 0.00693934 0.01798948 0.02504297 0.00661418 0.02767446 0.02520642 0.00670096 0.02760925 0.02549497 0.00693934 0.02749413 0.02571638 0.00725 0.02740582 0.02579698 0.00742598 0.02737367 0.02665022 0.00725 0.03101217 0.02665387 0.00725 0.03473749 0.02572711 0.00725 0.03834569 0.02392865 0.00725 0.04160812 0.02137246 0.00725 0.04431807 0.01822052 0.00725 0.04630383 0.01467254 0.00725 0.04743957 0.01095336 0.00725 0.04765328 0.00729865 0.00725 0.04693144 0.00393999 0.00725 0.04531982 0.0010902 0.00725 0.04292049 -0.00107013 0.00725 0.03988554 0.02610562 0.00670096 0.03108182 0.02610914 0.00670096 0.03466891 0.02521675 0.00670096 0.03814327 0.02348502 0.00670096 0.04128467 0.02102366 0.00670096 0.04389407 0.01798865 0.00670096 0.04580616 0.01457231 0.00670096 0.04689973 0.01099111 0.00670096 0.04710554 0.00747198 0.00670096 0.04641049 0.00423792 0.00670096 0.04485866 0.00149386 0.00670096 0.04254835 -0.00058632 0.00670096 0.03962599 -0.00392133 0.00657342 0.03280368 -0.00465758 0.00725 0.03319868 -0.00458223 0.00711832 0.03315824 -0.00428981 0.00678647 0.03300136 -0.00417377 0.00670096 0.0329391 -0.00476998 0.00753647 0.03325897 -0.00422803 0.0061526 0.03135558 -0.00562427 0.00697214 0.03159022 -0.00474967 0.00626453 0.03156518 -0.00523889 0.00655169 0.03164741 -0.00432336 0.00553232 0.0306102 -0.00490283 0.00555473 0.03087884 -0.00552127 0.00571202 0.03091415 -0.00606642 0.00597564 0.03070974 -0.00432935 0.00525152 0.03046083 -0.00491531 0.00525662 0.03075414 -0.00556541 0.00533523 0.03077831 -0.0061556 0.00547235 0.03052875 -0.00432953 0.005 0.03041711 -0.00491674 0.005 0.03071927 -0.0055768 0.005 0.03073999 -0.00618179 0.005 0.03047519 -0.00432953 -0.005 0.03041711 -0.00491674 -0.005 0.03071927 -0.0055768 -0.005 0.03073999 -0.00618179 -0.005 0.03047519 -0.00432935 -0.00525152 0.03046083 -0.00491531 -0.00525662 0.03075414 -0.00556541 -0.00533523 0.03077831 -0.0061556 -0.00547235 0.03052875 -0.00432422 -0.00551239 0.03059616 -0.00490442 -0.00553305 0.03086683 -0.00552571 -0.00568517 0.03090113 -0.00607478 -0.00594101 0.03069284 -0.00564761 -0.00693958 0.0315442 -0.00525536 -0.00652207 0.03160729 -0.00476003 -0.0062385 0.03152733 -0.00423473 -0.00613074 0.03131612 -0.00476998 -0.00753647 0.03325897 -0.00473405 -0.00742598 0.03323968 -0.00458223 -0.00711832 0.03315824 -0.00428981 -0.00678647 0.03300136 -0.00392133 -0.00657342 0.03280368 -0.00043125 -0.00661418 0.03954279 -0.00086007 -0.00693934 0.03977286 -0.0011466 -0.00742598 0.03992658 0.02399877 -0.00742598 0.04165926 0.02042811 -0.00742598 0.04513913 0.02684273 -0.00742598 0.03224864 0.02373604 -0.00693934 0.04146769 0.02024337 -0.00693934 0.04487156 0.02334283 -0.00661418 0.04118099 0.01996689 -0.00661418 0.04447108 0.01569389 -0.00661418 0.04646187 0.0110032 -0.00661418 0.04692998 0.00642105 -0.00661418 0.04582291 0.02504297 -0.00661418 0.02767446 0.02603169 -0.00661418 0.03228357 0.02520642 -0.00670096 0.02760925 0.02651788 -0.00693934 0.03226265 0.01582263 -0.00693934 0.04693117 0.01096975 -0.00693934 0.04741546 0.00622917 -0.00693934 0.04627009 0.02571638 -0.00725 0.02740582 0.02549497 -0.00693934 0.02749413 0.01590865 -0.00742598 0.04724472 0.0109474 -0.00742598 0.04773986 0.00610095 -0.00742598 0.04656892 0.02579698 -0.00742598 0.02737367 0.02544296 -0.00661418 0.03696065 0.02590879 -0.00693934 0.03710144 0.02622005 -0.00742598 0.0371955 0.00191301 -0.00742598 0.04386332 0.0021327 -0.00693934 0.04362359 0.0024615 -0.00661418 0.04326486 0.02141482 -0.00670096 0.01810461 0.02192478 -0.00725 0.01790115 0.02044722 -0.00670096 0.01498547 0.02098278 -0.00725 0.01486456 0.02052889 -0.00725 0.01171779 0.02057434 -0.00725 0.00853878 0.02111801 -0.00725 0.00540625 0.01998099 -0.00670096 0.01175317 0.02002768 -0.00670096 0.00848776 0.02058613 -0.00670096 0.00527009 0.01955369 -0.00725 -0.00963593 0.02094559 -0.00725 -0.00603989 0.0190612 -0.00670096 -0.00939325 0.02041805 -0.00670096 -0.00588775 0.02113601 -0.00670096 -0.00219805 0.02119263 -0.00670096 0.00156044 0.02168211 -0.00725 -0.00225485 0.02174019 -0.00725 0.00160074 0.01897392 -0.00725 -0.0109242 0.01846567 -0.00670096 -0.0107165 0.01791499 -0.00666284 -0.01343662 0.01760721 -0.00581755 -0.01835085 0.01775836 -0.00652448 -0.01462117 0.01765736 -0.00602549 -0.01842177 0.01796004 -0.00693886 -0.01476095 0.01819013 -0.00713149 -0.01359702 -0.01473117 -0.0157641 -0.33420277 -0.01388915 -0.01414776 -0.33510572 -0.01336717 -0.0163 -0.33566546 -0.01336717 -0.0143 -0.33566546 0.01336717 -0.0163 -0.36433452 0.01336717 -0.0143 -0.36433452 0.01473117 -0.0157641 -0.36579725 0.01404917 -0.01403205 -0.36506587 0.01572968 -0.0143 -0.36686802 0.01454842 -0.0133 -0.36560127 0.01609516 -0.0123 -0.36725995 0.01473117 -0.0123 -0.36579725 0.01609516 0.0123 -0.36725995 0.01473117 0.0123 -0.36579725 0.01572968 0.0143 -0.36686802 0.01462734 0.01306537 -0.36568591 0.01473117 0.0157641 -0.36579725 0.01433166 0.01371421 -0.36536881 0.01388915 0.01414776 -0.3648943 0.01336717 0.0163 -0.36433452 0.01336717 0.0143 -0.36433452 -0.01336717 0.0163 -0.33566546 -0.01336717 0.0143 -0.33566546 -0.01473117 0.0157641 -0.33420277 -0.01404917 0.01403205 -0.33493412 -0.01572968 0.0143 -0.333132 -0.01454842 0.0133 -0.33439872 -0.01609516 0.0123 -0.33274004 -0.01473117 0.0123 -0.33420277 -0.01609516 -0.0123 -0.33274004 -0.01473117 -0.0123 -0.33420277 -0.01572968 -0.0143 -0.333132 -0.01462734 -0.01306537 -0.33431411 -0.01433166 -0.01371421 -0.33463117 0.01838793 0.0123 -0.36238724 0.0182841 0.01306537 -0.3622759 0.01798843 0.01371421 -0.36195883 0.01754592 0.01414776 -0.36148429 0.01702394 0.0143 -0.36092454 0.01838793 -0.0123 -0.36238724 0.01702394 -0.0143 -0.36092454 0.01770593 -0.01403205 -0.36165589 0.01820519 -0.0133 -0.36219129 -0.0097104 -0.0143 -0.33225548 -0.0110744 -0.0123 -0.33079275 -0.01097057 -0.01306537 -0.3309041 -0.01067489 -0.01371421 -0.33122119 -0.01023238 -0.01414776 -0.33169574 -0.0110744 0.0123 -0.33079275 -0.0097104 0.0143 -0.33225548 -0.0103924 0.01403205 -0.33152413 -0.01089166 0.0133 -0.33098873 0.0034316 0.01361732 0.04142835 0.00734937 0.01361732 0.04404613 0.00081382 0.01361732 0.03751057 -0.00010542 0.01361732 0.03288924 0.00081382 0.01361732 0.02826791 0.0034316 0.01361732 0.02435013 0.00734937 0.01361732 0.02173235 0.01197071 0.01361732 0.02081313 0.01659204 0.01361732 0.02173235 0.02050981 0.01361732 0.02435013 0.02312759 0.01361732 0.02826791 0.02404683 0.01361732 0.03288924 0.02312759 0.01361732 0.03751057 0.02050981 0.01361732 0.04142835 0.01659204 0.01361732 0.04404613 0.01197071 0.01361732 0.04496535 0.01667499 0.01329289 0.0442464 0.02066309 0.01329289 0.04158162 0.02332786 0.01329289 0.03759354 0.0242636 0.01329289 0.03288924 0.02332786 0.01329289 0.02818494 0.02066309 0.01329289 0.02419686 0.01667499 0.01329289 0.02153208 0.01197071 0.01329289 0.02059635 0.00726642 0.01329289 0.02153208 0.00327832 0.01329289 0.02419686 0.00061355 0.01329289 0.02818494 -0.00032219 0.01329289 0.03288924 0.00061355 0.01329289 0.03759354 0.00327832 0.01329289 0.04158162 0.00726642 0.01329289 0.0442464 0.01197071 0.01329289 0.04518213 0.01679914 0.01307612 0.04454612 0.0208925 0.01307612 0.04181104 0.02362758 0.01307612 0.03771769 0.02458802 0.01307612 0.03288924 0.02362758 0.01307612 0.02806082 0.0208925 0.01307612 0.02396744 0.01679914 0.01307612 0.02123236 0.01197071 0.01307612 0.02027192 0.00714227 0.01307612 0.02123236 0.00304891 0.01307612 0.02396744 0.00031382 0.01307612 0.02806082 -0.00064661 0.01307612 0.03288924 0.00031382 0.01307612 0.03771769 0.00304891 0.01307612 0.04181104 0.00714227 0.01307612 0.04454612 0.01197071 0.01307612 0.04550656 0.0034316 -0.01361732 0.02435013 0.00734937 -0.01361732 0.02173235 0.00081382 -0.01361732 0.02826791 -0.00010542 -0.01361732 0.03288924 0.00081382 -0.01361732 0.03751057 0.0034316 -0.01361732 0.04142835 0.00734937 -0.01361732 0.04404613 0.01197071 -0.01361732 0.04496535 0.01659204 -0.01361732 0.04404613 0.02050981 -0.01361732 0.04142835 0.02312759 -0.01361732 0.03751057 0.02404683 -0.01361732 0.03288924 0.02312759 -0.01361732 0.02826791 0.02050981 -0.01361732 0.02435013 0.01659204 -0.01361732 0.02173235 0.01197071 -0.01361732 0.02081313 0.01667499 -0.01329289 0.02153208 0.02066309 -0.01329289 0.02419686 0.02332786 -0.01329289 0.02818494 0.0242636 -0.01329289 0.03288924 0.02332786 -0.01329289 0.03759354 0.02066309 -0.01329289 0.04158162 0.01667499 -0.01329289 0.0442464 0.01197071 -0.01329289 0.04518213 0.00726642 -0.01329289 0.0442464 0.00327832 -0.01329289 0.04158162 0.00061355 -0.01329289 0.03759354 -0.00032219 -0.01329289 0.03288924 0.00061355 -0.01329289 0.02818494 0.00327832 -0.01329289 0.02419686 0.00726642 -0.01329289 0.02153208 0.01197071 -0.01329289 0.02059635 0.01679914 -0.01307612 0.02123236 0.0208925 -0.01307612 0.02396744 0.02362758 -0.01307612 0.02806082 0.02458802 -0.01307612 0.03288924 0.02362758 -0.01307612 0.03771769 0.0208925 -0.01307612 0.04181104 0.01679914 -0.01307612 0.04454612 0.01197071 -0.01307612 0.04550656 0.00714227 -0.01307612 0.04454612 0.00304891 -0.01307612 0.04181104 0.00031382 -0.01307612 0.03771769 -0.00064661 -0.01307612 0.03288924 0.00031382 -0.01307612 0.02806082 0.00304891 -0.01307612 0.02396744 0.00714227 -0.01307612 0.02123236 0.01197071 -0.01307612 0.02027192</float_array>
          <technique_common>
            <accessor source="#pos_0-array" count="19632" stride="3">
              <param name="X" type="float"/>
              <param name="Y" type="float"/>
              <param name="Z" type="float"/>
            </accessor>
          </technique_common>
        </source>
        <source id="norm_0">
          <float_array id="norm_0-array" count="34248">0.70819 0.7059 -0.01326 0.70071 0.7059 0.10349 0.70071 0.7059 0.10349 0.67412 0.7059 0.21741 0.67412 0.7059 0.21741 0.62914 0.7059 0.3254 0.62914 0.7059 0.3254 0.567 0.7059 0.42452 0.567 0.7059 0.42452 0.4894 0.7059 0.51206 0.4894 0.7059 0.51206 0.39844 0.7059 0.58562 0.39844 0.7059 0.58562 0.29662 0.7059 0.64322 0.29662 0.7059 0.64322 0.1867 0.7059 0.68327 0.1867 0.7059 0.68327 0.07169 0.7059 0.70468 -0.04527 0.7059 0.70687 -0.04527 0.7059 0.70687 -0.161 0.7059 0.68978 -0.161 0.7059 0.68977 -0.27234 0.7059 0.65387 -0.27234 0.7059 0.65387 -0.37625 0.7059 0.60012 -0.37625 0.7059 0.60012 -0.46989 0.7059 0.53001 -0.46989 0.7059 0.53001 -0.55072 0.7059 0.44544 -0.55072 0.7059 0.44544 -0.61653 0.7059 0.34872 -0.61653 0.7059 0.34872 -0.66552 0.7059 0.24249 -0.66552 0.7059 0.24249 -0.69635 0.7059 0.12964 -0.69635 0.7059 0.12964 -0.70819 0.7059 0.01326 -0.70819 0.7059 0.01326 -0.70071 0.7059 -0.10349 -0.70071 0.7059 -0.10349 -0.67412 0.7059 -0.21741 -0.67412 0.7059 -0.21741 -0.62914 0.7059 -0.3254 -0.62914 0.7059 -0.3254 -0.567 0.7059 -0.42452 -0.567 0.7059 -0.42452 -0.4894 0.7059 -0.51206 -0.4894 0.7059 -0.51206 -0.39844 0.7059 -0.58562 -0.39844 0.7059 -0.58562 -0.29662 0.7059 -0.64322 -0.29662 0.7059 -0.64322 -0.1867 0.7059 -0.68327 -0.1867 0.7059 -0.68327 -0.07169 0.7059 -0.70468 0.04527 0.7059 -0.70687 0.04527 0.7059 -0.70687 0.161 0.7059 -0.68978 0.161 0.7059 -0.68977 0.27234 0.7059 -0.65387 0.27234 0.7059 -0.65387 0.37625 0.7059 -0.60012 0.37625 0.7059 -0.60012 0.46989 0.7059 -0.53001 0.46989 0.7059 -0.53001 0.55072 0.7059 -0.44544 0.55072 0.7059 -0.44544 0.61653 0.7059 -0.34872 0.61653 0.7059 -0.34872 0.66552 0.7059 -0.24249 0.66552 0.7059 -0.24249 0.69635 0.7059 -0.12964 0.69635 0.7059 -0.12964 0.70819 0.7059 -0.01326 0.99982 -0 -0.01871 0.98927 0 0.14611 0.95173 0 0.30694 0.88823 0 0.45941 0.8005 0 0.59934 0.69093 0 0.72292 0.56252 0 0.82678 0.41876 0 0.9081 0.26358 0 0.96464 0.10122 0 0.99486 -0.06391 0 0.99796 -0.2273 0 0.97382 -0.38449 0 0.92313 -0.53119 0 0.84726 -0.66339 0 0.74827 -0.77751 0 0.62887 -0.87041 0 0.49232 -0.93958 0 0.34234 -0.98311 0 0.18303 -0.99982 0 0.01871 -0.98927 -0 -0.14611 -0.95173 -0 -0.30694 -0.88823 -0 -0.45941 -0.8005 -0 -0.59934 -0.69093 -0 -0.72292 -0.56252 -0 -0.82678 -0.41876 -0 -0.9081 -0.26358 -0 -0.96464 -0.10122 -0 -0.99486 0.06391 -0 -0.99796 0.2273 -0 -0.97382 0.38449 -0 -0.92313 0.53119 -0 -0.84726 0.66339 -0 -0.74827 0.77751 -0 -0.62887 0.87041 -0 -0.49232 0.93958 -0 -0.34234 0.98311 -0 -0.18303 -0 -1 0 0.94169 -0.16496 -0.29328 0.91282 -0.25867 -0.31598 0.87586 -0.25828 -0.40764 0.88285 -0.23536 -0.40642 0.84848 -0.25881 -0.46162 0.81371 -0.25828 -0.52074 0.81371 -0.25828 -0.52074 0.76114 -0.25873 -0.59474 0.75209 -0.16797 -0.6373 0.71974 -0.25863 -0.64427 0.64722 -0.25828 -0.71722 0.66076 -0.21203 -0.72003 0.6041 -0.25881 -0.75371 0.54585 -0.25828 -0.79708 0.54585 -0.25828 -0.79708 0.47209 -0.25875 -0.84272 0.44314 -0.17398 -0.87941 0.41477 -0.25859 -0.87241 0.31587 -0.25828 -0.91297 0.33272 -0.18833 -0.92403 0.2658 -0.2588 -0.92864 0.19136 -0.25828 -0.94693 0.19136 -0.25828 -0.94693 0.10965 -0.25878 -0.95969 0.06456 -0.18296 -0.981 0.04531 -0.25854 -0.96494 -0.06561 -0.25828 -0.96384 -0.05054 -0.1643 -0.98511 -0.11381 -0.25878 -0.95921 -0.19349 -0.25828 -0.9465 -0.19349 -0.25828 -0.94649 -0.26983 -0.25879 -0.92748 -0.32278 -0.19485 -0.9262 -0.33121 -0.25849 -0.90746 -0.43668 -0.25828 -0.86174 -0.42902 -0.13997 -0.89239 -0.47574 -0.25877 -0.84066 -0.54764 -0.25828 -0.79585 -0.54764 -0.25828 -0.79585 -0.60736 -0.25881 -0.75109 -0.6567 -0.2096 -0.72444 -0.65624 -0.25844 -0.70891 -0.73844 -0.25828 -0.62289 -0.74298 -0.11538 -0.65929 -0.76372 -0.25874 -0.59143 -0.81488 -0.25828 -0.51891 -0.81488 -0.25828 -0.51891 -0.85048 -0.25881 -0.45793 -0.88385 -0.22711 -0.40894 -0.87927 -0.25838 -0.40015 -0.92302 -0.25828 -0.28518 -0.94251 -0.09057 -0.32168 -0.93297 -0.25872 -0.25026 -0.95279 -0.25828 -0.15961 -0.95279 -0.25828 -0.15961 -0.96138 -0.25882 -0.0936 -0.96844 -0.24726 -0.03129 -0.96562 -0.25831 -0.02918 -0.96373 -0.25868 0.0656 -0.9813 -0.16458 0.09984 -0.9572 -0.25868 0.12983 -0.9395 -0.25828 0.22501 -0.94287 -0.24687 0.22374 -0.92283 -0.25882 0.2853 -0.90113 -0.25828 0.34823 -0.90113 -0.25828 0.34823 -0.86346 -0.25872 0.43302 -0.86424 -0.16609 0.47488 -0.83262 -0.25865 0.48974 -0.77711 -0.25828 0.57393 -0.78762 -0.22374 0.5741 -0.74083 -0.25881 0.61983 -0.69368 -0.25828 0.67239 -0.69368 -0.25828 0.67239 -0.62896 -0.25874 0.73312 -0.60979 -0.17061 0.77398 -0.57861 -0.25861 0.77352 -0.49139 -0.25828 0.83176 -0.50713 -0.20023 0.83829 -0.44366 -0.25881 0.85801 -0.37614 -0.25828 0.88984 -0.37614 -0.25828 0.88984 -0.29669 -0.25877 0.91925 -0.2589 -0.1781 0.94934 -0.23464 -0.25857 0.93706 -0.12769 -0.25828 0.95759 -0.14435 -0.17636 0.97368 -0.07752 -0.25879 0.96282 0.00109 -0.25828 0.96607 0.00109 -0.25828 0.96607 0.0817 -0.25878 0.96247 0.13199 -0.18855 0.97315 0.14581 -0.25851 0.95494 0.25628 -0.25828 0.93146 0.24423 -0.15217 0.9577 0.30068 -0.25878 0.91795 0.37814 -0.25828 0.88899 0.37814 -0.25828 0.88899 0.44738 -0.2588 0.85608 0.50007 -0.20188 0.84212 0.50361 -0.25846 0.82436 0.59957 -0.25828 0.7575 0.59752 -0.1277 0.79162 0.63213 -0.25875 0.73038 0.69519 -0.25828 0.67082 0.69519 -0.25828 0.67082 0.74351 -0.25881 0.61661 0.78635 -0.21802 0.57803 0.78312 -0.25841 0.56563 0.84772 -0.25828 0.46332 0.85955 -0.103 0.50057 0.86533 -0.25873 0.42927 0.90191 -0.25828 0.3462 0.90191 -0.25828 0.3462 0.92407 -0.25881 0.28128 0.94533 -0.23687 0.22416 0.94091 -0.25834 0.21896 0.96133 -0.25828 0.09562 0.98847 -0.0781 0.1297 0.964 -0.2587 0.06142 0.96549 -0.25828 -0.03337 0.96549 -0.25828 -0.03337 0.95243 -0.25828 -0.16176 0.95243 -0.25828 -0.16176 0.93188 -0.2587 -0.2543 0.70442 -0.70632 0.07006 0.70442 -0.70632 0.07006 0.6888 -0.70632 0.16333 0.6888 -0.70632 0.16333 0.66088 -0.70632 0.25368 0.66088 -0.70631 0.25368 0.62117 -0.70631 0.3395 0.62117 -0.70631 0.3395 0.57038 -0.70631 0.41927 0.57038 -0.70632 0.41927 0.50941 -0.70632 0.49155 0.50941 -0.70632 0.49155 0.43934 -0.70632 0.55506 0.43934 -0.70632 0.55506 0.36144 -0.70632 0.60867 0.36144 -0.70632 0.60867 0.27709 -0.70632 0.65141 0.27709 -0.70632 0.65141 0.18779 -0.70632 0.68253 0.18779 -0.70632 0.68253 0.09514 -0.70632 0.70147 0.09514 -0.70632 0.70147 0.0008 -0.70632 0.7079 0.0008 -0.70632 0.7079 -0.09356 -0.70632 0.70169 -0.09356 -0.70631 0.70169 -0.18625 -0.70631 0.68296 -0.18625 -0.70631 0.68296 -0.27562 -0.70631 0.65204 -0.27562 -0.70632 0.65204 -0.36007 -0.70632 0.60948 -0.36007 -0.70632 0.60948 -0.43809 -0.70632 0.55605 -0.43809 -0.70632 0.55605 -0.5083 -0.70632 0.4927 -0.5083 -0.70632 0.4927 -0.56943 -0.70632 0.42055 -0.56943 -0.70632 0.42055 -0.62041 -0.70632 0.3409 -0.62041 -0.70632 0.3409 -0.66031 -0.70632 0.25517 -0.66031 -0.70632 0.25517 -0.68843 -0.70632 0.16488 -0.68843 -0.70632 0.16488 -0.70426 -0.70632 0.07165 -0.70753 -0.70632 -0.02286 -0.70753 -0.70632 -0.02286 -0.69817 -0.70632 -0.11696 -0.69817 -0.70632 -0.11696 -0.67635 -0.70632 -0.20897 -0.67635 -0.70632 -0.20897 -0.64246 -0.70632 -0.29726 -0.64246 -0.70632 -0.29725 -0.59711 -0.70632 -0.38023 -0.59711 -0.70632 -0.38024 -0.5411 -0.70632 -0.45643 -0.5411 -0.70632 -0.45643 -0.47544 -0.70632 -0.52448 -0.47544 -0.70632 -0.52448 -0.40129 -0.70632 -0.58317 -0.40129 -0.70631 -0.58317 -0.31998 -0.70631 -0.63145 -0.31998 -0.70631 -0.63145 -0.23296 -0.70631 -0.66847 -0.23296 -0.70632 -0.66847 -0.14178 -0.70632 -0.69355 -0.14178 -0.70632 -0.69355 -0.04808 -0.70632 -0.70626 -0.04808 -0.70632 -0.70626 0.04649 -0.70632 -0.70637 0.04649 -0.70632 -0.70637 0.14022 -0.70632 -0.69387 0.14022 -0.70632 -0.69387 0.23146 -0.70632 -0.66899 0.23145 -0.70632 -0.66899 0.31856 -0.70632 -0.63217 0.31856 -0.70632 -0.63217 0.39997 -0.70632 -0.58407 0.39998 -0.70632 -0.58407 0.47426 -0.70632 -0.52555 0.47426 -0.70631 -0.52555 0.54007 -0.70631 -0.45765 0.54007 -0.70631 -0.45765 0.59625 -0.70631 -0.38158 0.59625 -0.70632 -0.38158 0.64179 -0.70632 -0.2987 0.64179 -0.70632 -0.2987 0.67588 -0.70632 -0.21049 0.67588 -0.70632 -0.21049 0.6979 -0.70632 -0.11853 0.6979 -0.70632 -0.11853 0.70747 -0.70632 -0.02445 0.70747 -0.70632 -0.02445 0.25808 -0.96578 0.02567 0.25809 -0.96578 0.02567 0.25236 -0.96578 0.05984 0.25236 -0.96578 0.05984 0.24213 -0.96578 0.09294 0.24213 -0.96578 0.09294 0.22758 -0.96578 0.12439 0.22758 -0.96578 0.12439 0.20897 -0.96578 0.15361 0.20897 -0.96578 0.15361 0.18664 -0.96578 0.18009 0.18664 -0.96578 0.18009 0.16097 -0.96578 0.20336 0.16097 -0.96578 0.20336 0.13242 -0.96578 0.223 0.13242 -0.96578 0.223 0.10152 -0.96578 0.23866 0.10152 -0.96578 0.23866 0.0688 -0.96578 0.25007 0.0688 -0.96578 0.25007 0.03486 -0.96578 0.25701 0.03486 -0.96578 0.257 0.00029 -0.96578 0.25936 0.00029 -0.96578 0.25936 -0.03428 -0.96578 0.25708 -0.03428 -0.96578 0.25708 -0.06824 -0.96578 0.25022 -0.06824 -0.96578 0.25022 -0.10098 -0.96578 0.23889 -0.10098 -0.96578 0.23889 -0.13192 -0.96578 0.2233 -0.13192 -0.96578 0.2233 -0.16051 -0.96578 0.20373 -0.16051 -0.96578 0.20373 -0.18623 -0.96578 0.18051 -0.18623 -0.96578 0.18051 -0.20863 -0.96578 0.15408 -0.20863 -0.96578 0.15408 -0.2273 -0.96578 0.1249 -0.2273 -0.96578 0.1249 -0.24192 -0.96578 0.09349 -0.24192 -0.96578 0.09349 -0.25223 -0.96578 0.06041 -0.25223 -0.96578 0.06041 -0.25803 -0.96578 0.02625 -0.25922 -0.96578 -0.00837 -0.25922 -0.96578 -0.00837 -0.25579 -0.96578 -0.04285 -0.2478 -0.96578 -0.07656 -0.2478 -0.96578 -0.07656 -0.23538 -0.96578 -0.10891 -0.23538 -0.96578 -0.10891 -0.21877 -0.96578 -0.13931 -0.21877 -0.96578 -0.13931 -0.19825 -0.96578 -0.16723 -0.19825 -0.96578 -0.16723 -0.17419 -0.96578 -0.19216 -0.17419 -0.96578 -0.19216 -0.14702 -0.96578 -0.21366 -0.14702 -0.96578 -0.21366 -0.11723 -0.96578 -0.23135 -0.11723 -0.96578 -0.23135 -0.08535 -0.96578 -0.24491 -0.08535 -0.96578 -0.24491 -0.05195 -0.96578 -0.2541 -0.05195 -0.96578 -0.2541 -0.01761 -0.96578 -0.25876 -0.01761 -0.96578 -0.25876 0.01703 -0.96578 -0.2588 0.01703 -0.96578 -0.2588 0.05137 -0.96578 -0.25422 0.05137 -0.96578 -0.25422 0.0848 -0.96578 -0.2451 0.0848 -0.96578 -0.2451 0.11671 -0.96578 -0.23161 0.11671 -0.96578 -0.23161 0.14654 -0.96578 -0.21399 0.14654 -0.96578 -0.21399 0.17376 -0.96578 -0.19255 0.17376 -0.96578 -0.19255 0.19787 -0.96578 -0.16767 0.21845 -0.96578 -0.1398 0.21845 -0.96578 -0.1398 0.23514 -0.96578 -0.10944 0.23514 -0.96578 -0.10944 0.24763 -0.96578 -0.07712 0.24763 -0.96578 -0.07712 0.2557 -0.96578 -0.04343 0.2557 -0.96578 -0.04343 0.2592 -0.96578 -0.00896 0.2592 -0.96578 -0.00896 0.98013 -0.00738 -0.19824 0.87841 -0 -0.4779 0.90837 -0 -0.41816 0.92262 -0.00785 -0.38564 0.94498 -0 -0.32712 0.96472 -0 -0.26327 0.84229 -0.00105 -0.53903 0.82966 -0.0068 -0.55823 0.78798 -0 -0.61571 0.74509 -0 -0.66696 0.70481 -0.00819 -0.70935 0.67613 -0 -0.73678 0.55288 -0.00609 -0.83324 0.56502 -0.00222 -0.82508 0.62541 -0 -0.7803 0.27518 -0 -0.96139 0.33878 -0 -0.94087 0.3797 -0.0084 -0.92507 0.42937 -0 -0.90313 0.48873 -0 -0.87243 0.19808 -0.00351 -0.98018 0.19193 -0.00526 -0.98139 0.11352 -0 -0.99354 0.0469 -0 -0.9989 -0.00321 -0.00849 -0.99996 -0.05124 -0 -0.99869 -0.11782 -0 -0.99303 -0.19824 -0.0048 -0.98014 -0.20029 -0.0042 -0.97973 -0.38564 -0.00846 -0.92261 -0.34286 -0 -0.93939 -0.27935 -0 -0.96019 -0.62879 -0 -0.77758 -0.56687 -0.00285 -0.8238 -0.55823 -0.00569 -0.82967 -0.49251 -0 -0.8703 -0.43328 -0 -0.90126 -0.67932 -0 -0.73384 -0.70935 -0.00831 -0.70481 -0.74798 -0 -0.66372 -0.79064 -0 -0.61228 -0.83323 -0.00646 -0.55288 -0.8435 -0.00162 -0.53713 -0.92508 -0.00803 -0.3797 -0.91018 -0 -0.41422 -0.88048 -0 -0.47409 -0.99529 0 -0.0969 -0.98626 -0.00051 -0.16522 -0.98138 -0.00711 -0.19193 -0.96586 -0 -0.25908 -0.9464 -0 -0.32301 -0.99954 0 -0.0302 -0.99997 -0.00763 0.00321 -0.99769 0 0.06792 -0.99093 0 0.1344 -0.98012 -0.00763 0.19824 -0.97298 0 0.23088 -0.92262 -0.00711 0.38564 -0.93278 -0.00051 0.36046 -0.95539 0 0.29536 -0.76696 0 0.64169 -0.80811 0 0.58903 -0.82965 -0.00803 0.55822 -0.86195 0 0.50699 -0.89389 0 0.44828 -0.71804 -0.00162 0.696 -0.70482 -0.00646 0.70936 -0.65113 0 0.75896 -0.59898 0 0.80076 -0.55288 -0.00831 0.83322 -0.51761 0 0.85562 -0.37971 -0.00569 0.92509 -0.38935 -0.00285 0.92108 -0.45931 0 0.88828 -0.19193 -0.00846 0.98137 -0.2429 0 0.97005 -0.30715 0 0.95166 0.08458 0 0.99642 0.00113 -0.00492 0.99999 0.00321 -0.00431 0.99999 -0.08025 0 0.99677 -0.14665 0 0.98919 0.15094 0 0.98854 0.19823 -0.00849 0.98012 0.24711 0 0.96899 0.31128 0 0.95032 0.38565 -0.00526 0.92263 0.39142 -0.00351 0.9202 0.55822 -0.0084 0.82965 0.52132 0 0.85336 0.46316 0 0.88628 0.76974 0 0.63836 0.7196 -0.00222 0.69438 0.70936 -0.00609 0.70482 0.65442 0 0.75613 0.60245 0 0.79815 0.81066 0 0.58552 0.83322 -0.00819 0.55288 0.86415 0 0.50324 0.89583 0 0.4444 0.92508 -0.0068 0.3797 0.93358 -0.00105 0.35836 0.98138 -0.00785 0.19193 0.97397 0 0.22666 0.95666 0 0.2912 0.98588 -0 -0.16744 0.9994 -0 -0.03454 0.99997 -0.00738 -0.00321 0.99798 -0 0.06358 0.9915 0 0.1301 -0.94706 -0.25766 0.19155 -0.89149 -0.25766 0.37263 -0.89149 -0.25766 0.37263 -0.80167 -0.25766 0.53939 -0.80167 -0.25766 0.53939 -0.68103 -0.25766 0.68543 -0.68103 -0.25766 0.68543 -0.53423 -0.25766 0.80512 -0.53423 -0.25766 0.80512 -0.36689 -0.25766 0.89387 -0.36689 -0.25766 0.89387 -0.18546 -0.25766 0.94827 -0.18546 -0.25766 0.94827 0.00311 -0.25766 0.96623 0.00311 -0.25766 0.96623 0.19155 -0.25766 0.94706 0.19155 -0.25766 0.94706 0.37263 -0.25766 0.89149 0.37263 -0.25766 0.89149 0.53939 -0.25766 0.80167 0.53939 -0.25766 0.80167 0.68543 -0.25766 0.68103 0.68543 -0.25766 0.68103 0.80512 -0.25766 0.53423 0.80512 -0.25766 0.53423 0.89387 -0.25766 0.36689 0.89387 -0.25766 0.36689 0.94827 -0.25766 0.18546 0.94827 -0.25766 0.18546 0.96623 -0.25766 -0.00311 0.96623 -0.25766 -0.00311 0.94706 -0.25766 -0.19155 0.94706 -0.25766 -0.19155 0.89149 -0.25766 -0.37263 0.89149 -0.25766 -0.37263 0.80167 -0.25766 -0.53939 0.80167 -0.25766 -0.53939 0.68103 -0.25766 -0.68543 0.68103 -0.25766 -0.68543 0.53423 -0.25766 -0.80512 0.53423 -0.25766 -0.80512 0.36689 -0.25766 -0.89387 0.36689 -0.25766 -0.89387 0.18546 -0.25766 -0.94827 0.18546 -0.25766 -0.94827 -0.00311 -0.25766 -0.96623 -0.00311 -0.25766 -0.96623 -0.19155 -0.25766 -0.94706 -0.19155 -0.25766 -0.94706 -0.37263 -0.25766 -0.89149 -0.37263 -0.25766 -0.89149 -0.53939 -0.25766 -0.80167 -0.53939 -0.25766 -0.80167 -0.68543 -0.25766 -0.68103 -0.68543 -0.25766 -0.68103 -0.80512 -0.25766 -0.53423 -0.80512 -0.25766 -0.53423 -0.89387 -0.25766 -0.36689 -0.89387 -0.25766 -0.36689 -0.94827 -0.25766 -0.18546 -0.94827 -0.25766 -0.18546 -0.96623 -0.25766 0.00311 -0.96623 -0.25766 0.00311 -0.94706 -0.25766 0.19155 -0.56446 -0.18086 0.80541 -0.55828 -0.19451 0.80653 -0.65235 -0.19491 0.73242 -0.68307 -0.14889 0.71502 -0.7078 -0.19498 0.67897 -0.78019 -0.19451 0.59454 -0.78019 -0.19451 0.59454 -0.49814 -0.19509 0.84486 -0.42523 -0.19451 0.88393 -0.42523 -0.19451 0.88394 -0.3251 -0.19499 0.92536 -0.28396 -0.14991 0.94704 -0.2515 -0.19489 0.94803 -0.13127 -0.19451 0.97208 -0.1403 -0.17399 0.9747 -0.06314 -0.19508 0.97875 0.02241 -0.19451 0.98064 0.02241 -0.19451 0.98064 0.12761 -0.19501 0.97246 0.1769 -0.15145 0.97251 0.20352 -0.19486 0.95948 0.32435 -0.19451 0.92572 0.31517 -0.1671 0.93421 0.38547 -0.19508 0.90186 0.46517 -0.19451 0.86359 0.46517 -0.19451 0.86359 0.55284 -0.19502 0.81015 0.59893 -0.1535 0.78595 0.61472 -0.19483 0.76431 0.70927 -0.19451 0.67757 0.70375 -0.16017 0.69216 0.75106 -0.19507 0.63075 0.80653 -0.19451 0.55828 0.80653 -0.19451 0.55828 0.859 -0.19504 0.47336 0.89011 -0.15606 0.4282 0.89354 -0.1948 0.40453 0.93957 -0.19451 0.28172 0.94146 -0.15323 0.30029 0.95491 -0.19506 0.22381 0.97208 -0.19451 0.13127 0.97208 -0.19451 0.13127 0.98018 -0.19505 0.03464 0.987 -0.15912 -0.02256 0.97993 -0.19477 -0.04237 0.96507 -0.19451 -0.17554 0.97668 -0.14626 -0.15718 0.95312 -0.19505 -0.23133 0.92572 -0.19451 -0.32435 0.92572 -0.19451 -0.32435 0.89027 -0.19506 -0.41154 0.86867 -0.16269 -0.46791 0.8553 -0.19474 -0.48015 0.78019 -0.19451 -0.59454 0.80138 -0.13926 -0.58172 0.74607 -0.19504 -0.63666 0.67757 -0.19451 -0.70927 0.67757 -0.19451 -0.70927 0.60865 -0.19507 -0.76909 0.56118 -0.16676 -0.81072 0.54647 -0.19471 -0.81453 0.42523 -0.19451 -0.88393 0.45294 -0.13225 -0.88168 0.37835 -0.19502 -0.90488 0.28172 -0.19451 -0.93957 0.28172 -0.19451 -0.93957 0.19594 -0.19508 -0.96102 0.13185 -0.17134 -0.97635 0.11995 -0.19467 -0.97351 -0.02241 -0.19451 -0.98064 0.00619 -0.12521 -0.99211 -0.07085 -0.19501 -0.97824 -0.17554 -0.19451 -0.96507 -0.17554 -0.19451 -0.96507 -0.25895 -0.19508 -0.94598 -0.32548 -0.1764 -0.92895 -0.33241 -0.19463 -0.92283 -0.46517 -0.19451 -0.86359 -0.4427 -0.11816 -0.88885 -0.5048 -0.19499 -0.84093 -0.59454 -0.19451 -0.78019 -0.59454 -0.19451 -0.78019 -0.65809 -0.19509 -0.72723 -0.71101 -0.18195 -0.67924 -0.71319 -0.19459 -0.67342 -0.80653 -0.19451 -0.55828 -0.79691 -0.11108 -0.5938 -0.83004 -0.19498 -0.52252 -0.88393 -0.19451 -0.42523 -0.88394 -0.19451 -0.42523 -0.91549 -0.19509 -0.35187 -0.94079 -0.18799 -0.28209 -0.94038 -0.19455 -0.27898 -0.97208 -0.19451 -0.13127 -0.9799 -0.10399 -0.17027 -0.97653 -0.19496 -0.09158 -0.98064 -0.19451 0.02241 -0.98064 -0.19451 0.02241 -0.96507 -0.19451 0.17554 -0.96507 -0.19451 0.17554 -0.93808 -0.19496 0.28637 -0.9333 -0.14837 0.32701 -0.91272 -0.19493 0.35909 -0.86359 -0.19451 0.46517 -0.86611 -0.1877 0.46328 -0.82587 -0.19509 0.52903 -0.83204 -0.55438 0.01901 -0.82477 -0.55438 -0.11138 -0.82477 -0.55438 -0.11138 -0.7972 -0.55438 -0.23903 -0.7972 -0.55438 -0.23903 -0.74999 -0.55438 -0.3608 -0.74999 -0.55438 -0.3608 -0.68431 -0.55438 -0.47368 -0.68431 -0.55439 -0.47368 -0.60179 -0.55439 -0.5749 -0.60179 -0.55438 -0.5749 -0.50445 -0.55438 -0.66196 -0.50445 -0.55438 -0.66196 -0.39468 -0.55438 -0.73272 -0.39468 -0.55438 -0.73272 -0.2752 -0.55438 -0.78544 -0.2752 -0.55438 -0.78544 -0.14894 -0.55438 -0.81882 -0.14894 -0.55438 -0.81883 -0.01902 -0.55438 -0.83204 -0.01901 -0.55438 -0.83204 0.11138 -0.55438 -0.82477 0.11138 -0.55438 -0.82477 0.23903 -0.55438 -0.7972 0.23903 -0.55438 -0.7972 0.3608 -0.55438 -0.74999 0.3608 -0.55438 -0.74999 0.47368 -0.55438 -0.68431 0.47368 -0.55439 -0.68431 0.5749 -0.55439 -0.60179 0.5749 -0.55438 -0.60179 0.66196 -0.55438 -0.50445 0.66196 -0.55438 -0.50445 0.73272 -0.55438 -0.39468 0.73272 -0.55438 -0.39468 0.78544 -0.55438 -0.2752 0.78544 -0.55438 -0.2752 0.81882 -0.55438 -0.14894 0.81883 -0.55438 -0.14894 0.83204 -0.55438 -0.01902 0.83204 -0.55438 -0.01901 0.82477 -0.55438 0.11138 0.82477 -0.55438 0.11138 0.7972 -0.55438 0.23903 0.7972 -0.55438 0.23903 0.74999 -0.55438 0.3608 0.74999 -0.55438 0.3608 0.68431 -0.55438 0.47368 0.68431 -0.55439 0.47368 0.60179 -0.55439 0.5749 0.60179 -0.55438 0.5749 0.50445 -0.55438 0.66196 0.50445 -0.55438 0.66196 0.39468 -0.55438 0.73272 0.39468 -0.55438 0.73272 0.2752 -0.55438 0.78544 0.2752 -0.55438 0.78544 0.14894 -0.55438 0.81882 0.14894 -0.55438 0.81883 0.01902 -0.55438 0.83204 0.01901 -0.55438 0.83204 -0.11138 -0.55438 0.82477 -0.11138 -0.55438 0.82477 -0.23903 -0.55438 0.7972 -0.23903 -0.55438 0.7972 -0.3608 -0.55438 0.74999 -0.3608 -0.55438 0.74999 -0.47368 -0.55438 0.68431 -0.47368 -0.55439 0.68431 -0.5749 -0.55439 0.60179 -0.5749 -0.55438 0.60179 -0.66196 -0.55438 0.50445 -0.66196 -0.55438 0.50445 -0.73272 -0.55438 0.39468 -0.73272 -0.55438 0.39468 -0.78544 -0.55438 0.2752 -0.78544 -0.55438 0.2752 -0.81882 -0.55438 0.14894 -0.81883 -0.55438 0.14894 -0.83204 -0.55438 0.01902 -0.55661 -0.83068 0.01272 -0.55175 -0.83068 -0.07451 -0.55175 -0.83068 -0.07451 -0.5333 -0.83068 -0.1599 -0.5333 -0.83068 -0.1599 -0.50172 -0.83068 -0.24136 -0.50172 -0.83068 -0.24136 -0.45778 -0.83068 -0.31688 -0.45778 -0.83068 -0.31688 -0.40258 -0.83068 -0.38459 -0.40258 -0.83068 -0.38459 -0.33746 -0.83068 -0.44283 -0.33746 -0.83068 -0.44283 -0.26403 -0.83068 -0.49017 -0.26403 -0.83068 -0.49017 -0.1841 -0.83068 -0.52544 -0.1841 -0.83068 -0.52544 -0.09964 -0.83068 -0.54777 -0.09964 -0.83068 -0.54777 -0.01272 -0.83068 -0.55661 -0.01272 -0.83068 -0.55661 0.07451 -0.83068 -0.55175 0.07451 -0.83068 -0.55175 0.1599 -0.83068 -0.5333 0.1599 -0.83068 -0.5333 0.24136 -0.83068 -0.50172 0.24136 -0.83068 -0.50172 0.31688 -0.83068 -0.45778 0.31688 -0.83068 -0.45778 0.38459 -0.83068 -0.40258 0.38459 -0.83068 -0.40258 0.44283 -0.83068 -0.33746 0.44283 -0.83068 -0.33746 0.49017 -0.83068 -0.26403 0.49017 -0.83068 -0.26403 0.52544 -0.83068 -0.1841 0.52544 -0.83068 -0.1841 0.54777 -0.83068 -0.09964 0.54777 -0.83068 -0.09964 0.55661 -0.83068 -0.01272 0.55661 -0.83068 -0.01272 0.55175 -0.83068 0.07451 0.55175 -0.83068 0.07451 0.5333 -0.83068 0.1599 0.5333 -0.83068 0.1599 0.50172 -0.83068 0.24136 0.50172 -0.83068 0.24136 0.45778 -0.83068 0.31688 0.45778 -0.83068 0.31688 0.40258 -0.83068 0.38459 0.40258 -0.83068 0.38459 0.33746 -0.83068 0.44283 0.33746 -0.83068 0.44283 0.26403 -0.83068 0.49017 0.26403 -0.83068 0.49017 0.1841 -0.83068 0.52544 0.1841 -0.83068 0.52544 0.09964 -0.83068 0.54777 0.09964 -0.83068 0.54777 0.01272 -0.83068 0.55661 0.01272 -0.83068 0.55661 -0.07451 -0.83068 0.55175 -0.07451 -0.83068 0.55175 -0.1599 -0.83068 0.5333 -0.1599 -0.83068 0.5333 -0.24136 -0.83068 0.50172 -0.24136 -0.83068 0.50172 -0.31688 -0.83068 0.45778 -0.31688 -0.83068 0.45778 -0.38459 -0.83068 0.40258 -0.38459 -0.83068 0.40258 -0.44283 -0.83068 0.33746 -0.44283 -0.83068 0.33746 -0.49017 -0.83068 0.26403 -0.49017 -0.83068 0.26403 -0.52544 -0.83068 0.1841 -0.52544 -0.83068 0.1841 -0.54777 -0.83068 0.09964 -0.54777 -0.83068 0.09964 -0.55661 -0.83068 0.01272 -0.19562 -0.98067 0.00447 -0.19391 -0.98067 -0.02619 -0.19391 -0.98067 -0.02619 -0.18743 -0.98067 -0.0562 -0.18743 -0.98067 -0.0562 -0.17633 -0.98067 -0.08483 -0.17633 -0.98067 -0.08483 -0.16089 -0.98067 -0.11136 -0.16089 -0.98067 -0.11136 -0.14148 -0.98067 -0.13516 -0.14148 -0.98067 -0.13516 -0.1186 -0.98067 -0.15563 -0.1186 -0.98067 -0.15563 -0.09279 -0.98067 -0.17227 -0.09279 -0.98067 -0.17227 -0.0647 -0.98067 -0.18466 -0.0647 -0.98067 -0.18466 -0.03502 -0.98067 -0.19251 -0.03502 -0.98067 -0.19251 -0.00447 -0.98067 -0.19562 -0.00447 -0.98067 -0.19562 0.02619 -0.98067 -0.19391 0.02619 -0.98067 -0.19391 0.0562 -0.98067 -0.18743 0.0562 -0.98067 -0.18743 0.08483 -0.98067 -0.17633 0.08483 -0.98067 -0.17633 0.11136 -0.98067 -0.16089 0.11136 -0.98067 -0.16089 0.13516 -0.98067 -0.14148 0.13516 -0.98067 -0.14148 0.15563 -0.98067 -0.1186 0.15563 -0.98067 -0.1186 0.17227 -0.98067 -0.09279 0.17227 -0.98067 -0.09279 0.18466 -0.98067 -0.0647 0.18466 -0.98067 -0.0647 0.19251 -0.98067 -0.03502 0.19251 -0.98067 -0.03502 0.19562 -0.98067 -0.00447 0.19562 -0.98067 -0.00447 0.19391 -0.98067 0.02619 0.19391 -0.98067 0.02619 0.18743 -0.98067 0.0562 0.18743 -0.98067 0.0562 0.17633 -0.98067 0.08483 0.17633 -0.98067 0.08483 0.16089 -0.98067 0.11136 0.16089 -0.98067 0.11136 0.14148 -0.98067 0.13516 0.14148 -0.98067 0.13516 0.1186 -0.98067 0.15563 0.1186 -0.98067 0.15563 0.09279 -0.98067 0.17227 0.09279 -0.98067 0.17227 0.0647 -0.98067 0.18466 0.0647 -0.98067 0.18466 0.03502 -0.98067 0.19251 0.03502 -0.98067 0.19251 0.00447 -0.98067 0.19562 0.00447 -0.98067 0.19562 -0.02619 -0.98067 0.19391 -0.02619 -0.98067 0.19391 -0.0562 -0.98067 0.18743 -0.0562 -0.98067 0.18743 -0.08483 -0.98067 0.17633 -0.08483 -0.98067 0.17633 -0.11136 -0.98067 0.16089 -0.11136 -0.98067 0.16089 -0.13516 -0.98067 0.14148 -0.13516 -0.98067 0.14148 -0.15563 -0.98067 0.1186 -0.15563 -0.98067 0.1186 -0.17227 -0.98067 0.09279 -0.17227 -0.98067 0.09279 -0.18466 -0.98067 0.0647 -0.18466 -0.98067 0.0647 -0.19251 -0.98067 0.03502 -0.19251 -0.98067 0.03502 -0.19562 -0.98067 0.00447 -0.95643 0 0.29197 -0.93057 0 0.36611 -0.88178 0 0.47167 -0.84205 0 0.53939 -0.79538 0 0.60612 -0.72165 0 0.69226 -0.66511 0 0.74674 -0.57392 0 0.81891 -0.5079 0 0.86141 -0.43351 0 0.90115 -0.33146 0 0.94347 -0.25642 0 0.96657 -0.14247 0 0.9898 -0.06437 0 0.99793 0.02285 0 0.99974 0.13011 0 0.9915 0.2075 0 0.97824 0.31966 0 0.94753 0.39302 0 0.91953 0.47423 0 0.8804 0.56366 0 0.82601 0.62673 0 0.77924 0.71295 0 0.70121 0.76577 0 0.64311 0.82223 0 0.56915 0.87582 0 0.48263 0.91099 0 0.41243 0.95271 0 0.30388 0.97362 0 0.2282 0.991 0 0.13383 0.99938 -0 0.03532 0.99907 -0 -0.0432 0.9873 -0 -0.15889 0.97179 -0 -0.23586 0.94375 -0 -0.33067 0.90771 -0 -0.4196 0.87199 -0 -0.48952 0.80926 -0 -0.58744 0.76068 -0 -0.64913 0.69077 -0 -0.72308 0.62057 -0 -0.78415 0.55713 -0 -0.83043 0.45696 -0 -0.88949 0.38576 -0 -0.9226 0.28721 -0 -0.95787 0.19978 -0 -0.97984 0.12229 -0 -0.99249 0.00624 -0 -0.99998 -0.07224 -0 -0.99739 -0.17896 -0 -0.98386 -0.26403 -0 -0.96452 -0.33889 -0 -0.94083 -0.44582 -0 -0.89512 -0.51468 -0 -0.85738 -0.60612 -0 -0.79538 -0.67098 -0 -0.74148 -0.72708 -0 -0.68655 -0.80187 -0 -0.5975 -0.84628 -0 -0.53274 -0.90115 -0 -0.43351 -0.93343 -0 -0.35876 -0.9587 -0 -0.28442 -0.98524 -0 -0.1712 -0.99563 0 -0.09337 -0.99974 0 0.02285 -0.98386 0 0.17896 -0.78649 0.19491 -0.58604 -0.43727 0.19489 -0.87796 0.00612 0.19486 -0.98081 0.4482 0.19483 -0.87244 0.79376 0.1948 -0.57619 0.96839 0.19477 -0.15585 0.93447 0.19474 0.29806 0.69931 0.19471 0.68779 0.31355 0.19467 0.9294 -0.13975 0.19463 0.97087 -0.56295 0.19459 0.80326 -0.18466 0.98067 0.0647 -0.18466 0.98067 0.0647 -0.19251 0.98067 0.03502 -0.19251 0.98067 0.03502 -0.19562 0.98067 0.00447 -0.19562 0.98067 0.00447 -0.19391 0.98067 -0.02619 -0.19391 0.98067 -0.02619 -0.18743 0.98067 -0.0562 -0.18743 0.98067 -0.0562 -0.52544 0.83068 0.1841 -0.52544 0.83068 0.1841 -0.54777 0.83068 0.09964 -0.54777 0.83068 0.09964 -0.55661 0.83068 0.01272 -0.55661 0.83068 0.01272 -0.55175 0.83068 -0.07451 -0.55175 0.83068 -0.07451 -0.5333 0.83068 -0.1599 -0.5333 0.83068 -0.1599 -0.78544 0.55438 0.2752 -0.13516 0.98067 0.14148 -0.13516 0.98067 0.14148 -0.38459 0.83068 0.40258 -0.38459 0.83068 0.40258 -0.5749 0.55438 0.60179 -0.5749 0.55439 0.60179 -0.0562 0.98067 0.18743 -0.0562 0.98067 0.18743 -0.1599 0.83068 0.5333 -0.1599 0.83068 0.5333 -0.23903 0.55438 0.7972 -0.23903 0.55438 0.7972 0.03502 0.98067 0.19251 0.03502 0.98067 0.19251 0.09964 0.83068 0.54777 0.09964 0.83068 0.54777 0.14894 0.55438 0.81883 0.14894 0.55438 0.81882 0.1186 0.98067 0.15563 0.1186 0.98067 0.15563 0.33746 0.83068 0.44283 0.33746 0.83068 0.44283 0.50445 0.55438 0.66196 0.50445 0.55438 0.66196 0.17633 0.98067 0.08483 0.17633 0.98067 0.08483 0.50172 0.83068 0.24136 0.50172 0.83068 0.24136 0.74999 0.55438 0.3608 0.74999 0.55438 0.3608 0.19562 0.98067 -0.00447 0.19562 0.98067 -0.00447 0.55661 0.83068 -0.01272 0.55661 0.83068 -0.01272 0.83204 0.55438 -0.01902 0.83204 0.55438 -0.01901 0.17227 0.98067 -0.09279 0.17227 0.98067 -0.09279 0.49017 0.83068 -0.26403 0.49017 0.83068 -0.26403 0.73272 0.55438 -0.39468 0.73272 0.55438 -0.39468 0.11137 0.98067 -0.16089 0.11137 0.98067 -0.16089 0.31688 0.83068 -0.45778 0.31688 0.83068 -0.45778 0.47368 0.55439 -0.68431 0.47368 0.55438 -0.68431 0.02619 0.98067 -0.19391 0.02619 0.98067 -0.19391 0.07451 0.83068 -0.55175 0.07451 0.83068 -0.55175 0.11138 0.55438 -0.82477 0.11138 0.55438 -0.82477 -0.0647 0.98067 -0.18466 -0.0647 0.98067 -0.18466 -0.1841 0.83068 -0.52544 -0.1841 0.83068 -0.52544 -0.2752 0.55438 -0.78544 -0.2752 0.55438 -0.78544 -0.14148 0.98067 -0.13516 -0.14148 0.98067 -0.13516 -0.40258 0.83068 -0.38459 -0.40258 0.83068 -0.38459 -0.60179 0.55438 -0.5749 -0.60179 0.55439 -0.5749 -0.78544 0.55438 0.2752 -0.81882 0.55438 0.14894 -0.81883 0.55438 0.14894 -0.83204 0.55438 0.01901 -0.83204 0.55438 0.01902 -0.82477 0.55438 -0.11138 -0.82477 0.55438 -0.11138 -0.7972 0.55438 -0.23903 -0.7972 0.55438 -0.23903 -0.92553 0.10399 0.36412 -0.92572 0.19451 0.32435 -0.86493 0.19455 0.46265 -0.82587 0.19509 0.52903 -0.8647 0.18799 0.46577 -0.73272 0.55438 0.39468 -0.73272 0.55438 0.39468 -0.49017 0.83068 0.26403 -0.49017 0.83068 0.26403 -0.17227 0.98067 0.09279 -0.17227 0.98067 0.09279 -0.15563 0.98067 0.1186 -0.15563 0.98067 0.1186 -0.44283 0.83068 0.33746 -0.44283 0.83068 0.33746 -0.66196 0.55438 0.50445 -0.66196 0.55438 0.50445 -0.78019 0.19451 0.59454 -0.78019 0.19451 0.59454 -0.67757 0.19451 0.70927 -0.66099 0.11108 0.74212 -0.7078 0.19498 0.67897 -0.49814 0.19509 0.84486 -0.55965 0.18196 0.80851 -0.47368 0.55438 0.68431 -0.47368 0.55439 0.68431 -0.31688 0.83068 0.45778 -0.31688 0.83068 0.45778 -0.11137 0.98067 0.16089 -0.11137 0.98067 0.16089 -0.08483 0.98067 0.17633 -0.08483 0.98067 0.17633 -0.24136 0.83068 0.50172 -0.24136 0.83068 0.50172 -0.3608 0.55438 0.74999 -0.3608 0.55438 0.74999 -0.42523 0.19451 0.88393 -0.42523 0.19451 0.88393 -0.28172 0.19451 0.93957 -0.25462 0.11816 0.9598 -0.3251 0.19499 0.92536 -0.06314 0.19508 0.97875 -0.13173 0.1764 0.97546 -0.11138 0.55438 0.82477 -0.11138 0.55438 0.82477 -0.07451 0.83068 0.55175 -0.07451 0.83068 0.55175 -0.02619 0.98067 0.19391 -0.02619 0.98067 0.19391 0.00447 0.98067 0.19562 0.00447 0.98067 0.19562 0.01272 0.83068 0.55661 0.01272 0.83068 0.55661 0.01902 0.55438 0.83204 0.01901 0.55438 0.83204 0.02241 0.19451 0.98064 0.02241 0.19451 0.98064 0.17554 0.19451 0.96506 0.20587 0.12521 0.97054 0.12761 0.19501 0.97246 0.38547 0.19508 0.90186 0.32578 0.17134 0.92979 0.2752 0.55438 0.78544 0.2752 0.55438 0.78544 0.1841 0.83068 0.52544 0.1841 0.83068 0.52544 0.0647 0.98067 0.18466 0.0647 0.98067 0.18466 0.09279 0.98067 0.17227 0.09279 0.98067 0.17227 0.26403 0.83068 0.49017 0.26403 0.83068 0.49017 0.39468 0.55438 0.73272 0.39468 0.55438 0.73272 0.46517 0.19451 0.86359 0.46517 0.19451 0.86359 0.59454 0.19451 0.78019 0.62122 0.13225 0.77239 0.55284 0.19503 0.81015 0.75106 0.19507 0.63075 0.71295 0.16676 0.68109 0.60179 0.55439 0.5749 0.60179 0.55438 0.5749 0.40258 0.83068 0.38459 0.40258 0.83068 0.38459 0.14148 0.98067 0.13516 0.14148 0.98067 0.13516 0.16089 0.98067 0.11137 0.16089 0.98067 0.11137 0.45778 0.83068 0.31688 0.45778 0.83068 0.31688 0.68431 0.55439 0.47368 0.68431 0.55438 0.47368 0.80653 0.19451 0.55828 0.80653 0.19451 0.55828 0.88393 0.19451 0.42523 0.90211 0.13926 0.40841 0.859 0.19504 0.47336 0.95491 0.19506 0.22381 0.94511 0.16269 0.28338 0.7972 0.55438 0.23903 0.7972 0.55438 0.23903 0.5333 0.83068 0.1599 0.5333 0.83068 0.1599 0.18743 0.98067 0.0562 0.18743 0.98067 0.0562 0.19391 0.98067 0.02619 0.19391 0.98067 0.02619 0.55175 0.83068 0.07451 0.55175 0.83068 0.07451 0.82477 0.55438 0.11138 0.82477 0.55438 0.11138 0.97208 0.19451 0.13127 0.97208 0.19451 0.13127 0.98064 0.19451 -0.02241 0.98832 0.14626 -0.04273 0.98018 0.19505 0.03464 0.95312 0.19505 -0.23133 0.97132 0.15912 -0.17668 0.81882 0.55438 -0.14894 0.81883 0.55438 -0.14894 0.54777 0.83068 -0.09964 0.54777 0.83068 -0.09964 0.19251 0.98067 -0.03502 0.19251 0.98067 -0.03502 0.18466 0.98067 -0.0647 0.18466 0.98067 -0.0647 0.52544 0.83068 -0.1841 0.52544 0.83068 -0.1841 0.78544 0.55438 -0.2752 0.78544 0.55438 -0.2752 0.92572 0.19451 -0.32435 0.92572 0.19451 -0.32435 0.86359 0.19451 -0.46517 0.86169 0.15323 -0.48374 0.89027 0.19506 -0.41154 0.74607 0.19504 -0.63666 0.78563 0.15606 -0.59869 0.66196 0.55438 -0.50445 0.66196 0.55438 -0.50445 0.44283 0.83068 -0.33746 0.44283 0.83068 -0.33746 0.15563 0.98067 -0.1186 0.15563 0.98067 -0.1186 0.13516 0.98067 -0.14148 0.13516 0.98067 -0.14148 0.38459 0.83068 -0.40258 0.38459 0.83068 -0.40258 0.5749 0.55438 -0.60179 0.5749 0.55439 -0.60179 0.67757 0.19451 -0.70927 0.67757 0.19451 -0.70927 0.55828 0.19451 -0.80653 0.54994 0.16017 -0.8197 0.60865 0.19507 -0.76909 0.37835 0.19503 -0.90488 0.42838 0.1535 -0.89047 0.3608 0.55438 -0.74999 0.3608 0.55438 -0.74999 0.24136 0.83068 -0.50172 0.24136 0.83068 -0.50172 0.08483 0.98067 -0.17633 0.08483 0.98067 -0.17633 0.0562 0.98067 -0.18743 0.0562 0.98067 -0.18743 0.1599 0.83068 -0.5333 0.1599 0.83068 -0.5333 0.23903 0.55438 -0.7972 0.23903 0.55438 -0.7972 0.28172 0.19451 -0.93957 0.28172 0.19451 -0.93957 0.13127 0.19451 -0.97208 0.12057 0.1671 -0.97854 0.19594 0.19508 -0.96102 -0.07085 0.19501 -0.97824 -0.02258 0.15145 -0.98821 -0.01901 0.55438 -0.83204 -0.01902 0.55438 -0.83204 -0.01272 0.83068 -0.55661 -0.01272 0.83068 -0.55661 -0.00447 0.98067 -0.19562 -0.00447 0.98067 -0.19562 -0.03502 0.98067 -0.19251 -0.03502 0.98067 -0.19251 -0.09964 0.83068 -0.54777 -0.09964 0.83068 -0.54777 -0.14894 0.55438 -0.81883 -0.14894 0.55438 -0.81882 -0.17554 0.19451 -0.96507 -0.17554 0.19451 -0.96506 -0.32435 0.19451 -0.92572 -0.33372 0.17399 -0.92648 -0.25895 0.19508 -0.94598 -0.5048 0.19499 -0.84093 -0.46887 0.14991 -0.87045 -0.39468 0.55438 -0.73272 -0.39468 0.55438 -0.73272 -0.26403 0.83068 -0.49017 -0.26403 0.83068 -0.49017 -0.09279 0.98067 -0.17227 -0.09279 0.98067 -0.17227 -0.1186 0.98067 -0.15563 -0.1186 0.98067 -0.15563 -0.33746 0.83068 -0.44283 -0.33746 0.83068 -0.44283 -0.50445 0.55438 -0.66196 -0.50445 0.55438 -0.66196 -0.59454 0.19451 -0.78019 -0.59454 0.19451 -0.78019 -0.70927 0.19451 -0.67757 -0.71509 0.18086 -0.67523 -0.65808 0.19509 -0.72723 -0.83004 0.19498 -0.52252 -0.81307 0.14889 -0.5628 -0.68431 0.55438 -0.47368 -0.68431 0.55439 -0.47368 -0.45778 0.83068 -0.31688 -0.45778 0.83068 -0.31688 -0.16089 0.98067 -0.11137 -0.16089 0.98067 -0.11137 -0.17633 0.98067 -0.08483 -0.17633 0.98067 -0.08483 -0.50172 0.83068 -0.24136 -0.50172 0.83068 -0.24136 -0.74999 0.55438 -0.3608 -0.74999 0.55438 -0.3608 -0.88393 0.19451 -0.42523 -0.88393 0.19451 -0.42523 -0.93808 0.19496 0.28637 -0.96506 0.19451 0.17554 -0.96507 0.19451 0.17554 -0.98064 0.19451 0.02241 -0.98064 0.19451 0.02241 -0.97653 0.19496 -0.09158 -0.98004 0.14837 -0.13235 -0.96634 0.19493 -0.16791 -0.93957 0.19451 -0.28172 -0.94166 0.1877 -0.27936 -0.91549 0.19509 -0.35187 0 1 -0 -0.24355 -0.7059 0.66513 -0.13076 -0.7059 0.69614 -0.13076 -0.7059 0.69614 -0.01439 -0.7059 0.70817 -0.01439 -0.7059 0.70817 0.10237 -0.7059 0.70088 0.10237 -0.7059 0.70088 0.21633 -0.7059 0.67447 0.21633 -0.7059 0.67447 0.32439 -0.7059 0.62967 0.32439 -0.7059 0.62967 0.42361 -0.7059 0.56768 0.42361 -0.7059 0.56768 0.51127 -0.7059 0.49022 0.51127 -0.7059 0.49022 0.58498 -0.7059 0.39938 0.58498 -0.7059 0.39938 0.64274 -0.7059 0.29765 0.68297 -0.7059 0.1878 0.68297 -0.7059 0.1878 0.70456 -0.7059 0.07282 0.70456 -0.7059 0.07282 0.70694 -0.7059 -0.04414 0.70694 -0.7059 -0.04414 0.69003 -0.7059 -0.15989 0.69003 -0.7059 -0.15989 0.6543 -0.7059 -0.27129 0.6543 -0.7059 -0.27129 0.60073 -0.7059 -0.37528 0.60073 -0.7059 -0.37528 0.53076 -0.7059 -0.46904 0.53076 -0.7059 -0.46904 0.44632 -0.7059 -0.55001 0.44632 -0.7059 -0.55001 0.34971 -0.7059 -0.61597 0.34971 -0.7059 -0.61597 0.24355 -0.7059 -0.66513 0.24355 -0.7059 -0.66513 0.13076 -0.7059 -0.69614 0.13076 -0.7059 -0.69614 0.01439 -0.7059 -0.70817 0.01439 -0.7059 -0.70817 -0.10237 -0.7059 -0.70088 -0.10237 -0.7059 -0.70088 -0.21633 -0.7059 -0.67447 -0.21633 -0.7059 -0.67447 -0.32439 -0.7059 -0.62967 -0.32439 -0.7059 -0.62967 -0.42361 -0.7059 -0.56768 -0.42361 -0.7059 -0.56768 -0.51127 -0.7059 -0.49022 -0.51127 -0.7059 -0.49022 -0.58498 -0.7059 -0.39938 -0.58498 -0.7059 -0.39938 -0.64274 -0.7059 -0.29765 -0.68297 -0.7059 -0.1878 -0.68297 -0.7059 -0.1878 -0.70456 -0.7059 -0.07282 -0.70456 -0.7059 -0.07282 -0.70694 -0.7059 0.04414 -0.70694 -0.7059 0.04414 -0.69003 -0.7059 0.15989 -0.69003 -0.7059 0.15989 -0.6543 -0.7059 0.27129 -0.6543 -0.7059 0.27129 -0.60073 -0.7059 0.37528 -0.60073 -0.7059 0.37528 -0.53076 -0.7059 0.46904 -0.53076 -0.7059 0.46904 -0.44632 -0.7059 0.55001 -0.44632 -0.7059 0.55001 -0.34971 -0.7059 0.61597 -0.34971 -0.7059 0.61597 -0.24355 -0.7059 0.66513 -0.34385 0 0.93902 -0.1846 0 0.98281 -0.02032 0 0.99979 0.14452 0 0.9895 0.30542 0 0.95222 0.45798 0 0.88896 0.59805 0 0.80146 0.72181 0 0.69209 0.82588 0 0.56385 0.90742 0 0.42022 0.96421 0 0.26513 0.9947 -0 0.10281 0.99806 -0 -0.06231 0.97419 -0 -0.22574 0.92375 -0 -0.38301 0.84811 -0 -0.52983 0.74933 -0 -0.66219 0.63012 -0 -0.7765 0.49372 -0 -0.86962 0.34385 -0 -0.93902 0.1846 -0 -0.98281 0.02032 -0 -0.99979 -0.14452 -0 -0.9895 -0.30542 -0 -0.95222 -0.45798 -0 -0.88896 -0.59805 -0 -0.80146 -0.72181 -0 -0.69209 -0.82588 -0 -0.56385 -0.90742 -0 -0.42022 -0.96421 -0 -0.26513 -0.9947 0 -0.10281 -0.99806 0 0.06231 -0.97419 0 0.22574 -0.92375 0 0.38301 -0.84811 0 0.52983 -0.74933 0 0.66219 -0.63012 0 0.7765 -0.49372 0 0.86962 0 1 -0 -0.58443 0.16496 0.7945 -0.59647 0.25867 0.75981 -0.67106 0.25828 0.69496 -0.67219 0.23536 0.70198 -0.71315 0.25881 0.65148 -0.7577 0.25828 0.59932 -0.7577 0.25828 0.59932 -0.8105 0.25873 0.52549 -0.84778 0.16797 0.50304 -0.84382 0.25863 0.4702 -0.88911 0.25828 0.37784 -0.89619 0.21203 0.38972 -0.90955 0.25881 0.32518 -0.93154 0.25828 0.25597 -0.93154 0.25828 0.25597 -0.95062 0.25875 0.17135 -0.97586 0.17398 0.13202 -0.95999 0.25859 0.10748 -0.96607 0.25828 0.00076 -0.98202 0.18833 0.01308 -0.96455 0.2588 -0.05168 -0.95755 0.25828 -0.12801 -0.95755 0.25828 -0.12801 -0.94296 0.25878 -0.20942 -0.94839 0.18296 -0.25899 -0.92693 0.25854 -0.27195 -0.88971 0.25828 -0.37644 -0.91474 0.1643 -0.36914 -0.86961 0.25878 -0.42049 -0.8316 0.25828 -0.49167 -0.8316 0.25828 -0.49167 -0.78872 0.25879 -0.55763 -0.77024 0.19485 -0.60726 -0.74977 0.25849 -0.60912 -0.67215 0.25828 -0.6939 -0.70361 0.13997 -0.69666 -0.63948 0.25877 -0.72395 -0.57367 0.25828 -0.7773 -0.57367 0.25828 -0.7773 -0.51187 0.25881 -0.81915 -0.47058 0.2096 -0.8571 -0.45605 0.25844 -0.8516 -0.34792 0.25828 -0.90124 -0.38085 0.11538 -0.91741 -0.30994 0.25874 -0.91487 -0.2247 0.25828 -0.93958 -0.2247 0.25828 -0.93958 -0.15544 0.25881 -0.95334 -0.09824 0.22711 -0.9689 -0.09143 0.25838 -0.96171 0.03152 0.25828 -0.96556 0.00338 0.09057 -0.99588 0.06779 0.25872 -0.96357 0.15993 0.25828 -0.95274 0.15993 0.25828 -0.95274 0.22514 0.25882 -0.93932 0.28635 0.24726 -0.92567 0.28742 0.25831 -0.92231 0.3764 0.25868 -0.88961 0.41449 0.16458 -0.89505 0.43498 0.25868 -0.86248 0.51918 0.25828 -0.8147 0.51908 0.24687 -0.8183 0.57073 0.25882 -0.77928 0.62314 0.25828 -0.73823 0.62314 0.25828 -0.73823 0.69101 0.25872 -0.67496 0.73083 0.16609 -0.66204 0.73456 0.25865 -0.62731 0.79604 0.25828 -0.54737 0.79963 0.22374 -0.55725 0.82759 0.25881 -0.4981 0.86189 0.25828 -0.43639 0.86189 0.25828 -0.43639 0.89819 0.25874 -0.3554 0.93056 0.17061 -0.32395 0.91996 0.25861 -0.29462 0.94656 0.25828 -0.19317 0.95786 0.20023 -0.20592 0.9558 0.25881 -0.13949 0.96386 0.25828 -0.06529 0.96386 0.25828 -0.06529 0.96574 0.25877 0.01941 0.98187 0.1781 0.06495 0.96234 0.25857 0.08388 0.94686 0.25828 0.19168 0.96751 0.17636 0.18118 0.93543 0.25879 0.24081 0.91287 0.25828 0.31618 0.91287 0.25828 0.31618 0.88317 0.25878 0.3912 0.87686 0.18855 0.44223 0.85513 0.25851 0.44935 0.7969 0.25828 0.54612 0.82564 0.15217 0.54329 0.76965 0.25878 0.58368 0.717 0.25828 0.64746 0.717 0.25828 0.64746 0.66331 0.2588 0.70217 0.63292 0.20188 0.74743 0.61498 0.25846 0.74498 0.52047 0.25828 0.81388 0.55339 0.1277 0.82307 0.48421 0.25875 0.83581 0.40734 0.25828 0.87599 0.40734 0.25828 0.87599 0.34033 0.25881 0.90399 0.28988 0.21802 0.9319 0.27922 0.25841 0.9248 0.16144 0.25828 0.95249 0.19278 0.103 0.97582 0.1235 0.25873 0.95802 0.03304 0.25828 0.96551 0.03304 0.25828 0.96551 -0.03555 0.25881 0.96527 -0.09649 0.23687 0.96674 -0.09996 0.25834 0.96087 -0.22321 0.25828 0.93993 -0.19985 0.0781 0.97671 -0.25641 0.2587 0.9313 -0.3465 0.25828 0.90179 -0.3465 0.25828 0.90179 -0.46361 0.25828 0.84756 -0.46361 0.25828 0.84756 -0.54439 0.2587 0.79795 -0.16356 0.70632 0.68874 -0.16356 0.70632 0.68874 -0.0703 0.70632 0.7044 -0.0703 0.70632 0.7044 0.02421 0.70632 0.70748 0.02421 0.70631 0.70748 0.11829 0.70631 0.69794 0.11829 0.70631 0.69794 0.21027 0.70631 0.67595 0.21027 0.70632 0.67595 0.29848 0.70632 0.64189 0.29848 0.70632 0.64189 0.38138 0.70632 0.59638 0.38138 0.70632 0.59638 0.45746 0.70632 0.54023 0.45746 0.70632 0.54023 0.52539 0.70632 0.47443 0.52539 0.70632 0.47443 0.58394 0.70632 0.40017 0.58393 0.70632 0.40017 0.63206 0.70632 0.31877 0.63206 0.70632 0.31877 0.66891 0.70632 0.23168 0.66891 0.70632 0.23168 0.69382 0.70632 0.14046 0.69382 0.70631 0.14046 0.70635 0.70631 0.04673 0.70635 0.70631 0.04673 0.70628 0.70631 -0.04784 0.70628 0.70632 -0.04784 0.6936 0.70632 -0.14155 0.6936 0.70632 -0.14155 0.66854 0.70632 -0.23273 0.66855 0.70632 -0.23273 0.63156 0.70632 -0.31977 0.63156 0.70632 -0.31977 0.5833 0.70632 -0.40109 0.5833 0.70632 -0.40109 0.52464 0.70632 -0.47526 0.52464 0.70632 -0.47526 0.45661 0.70632 -0.54095 0.45661 0.70632 -0.54095 0.38044 0.70632 -0.59698 0.38044 0.70632 -0.59698 0.29747 0.70632 -0.64236 0.2092 0.70632 -0.67628 0.2092 0.70632 -0.67628 0.11719 0.70632 -0.69813 0.11719 0.70632 -0.69813 0.0231 0.70632 -0.70752 0.0231 0.70632 -0.70752 -0.07141 0.70632 -0.70429 -0.07141 0.70632 -0.70428 -0.16465 0.70632 -0.68848 -0.16465 0.70632 -0.68848 -0.25494 0.70632 -0.66039 -0.25494 0.70632 -0.66039 -0.34069 0.70632 -0.62052 -0.34069 0.70632 -0.62052 -0.42036 0.70632 -0.56958 -0.42036 0.70631 -0.56958 -0.49253 0.70631 -0.50847 -0.49253 0.70631 -0.50847 -0.5559 0.70631 -0.43828 -0.5559 0.70632 -0.43828 -0.60936 0.70632 -0.36028 -0.60936 0.70632 -0.36028 -0.65194 0.70632 -0.27584 -0.65194 0.70632 -0.27584 -0.68289 0.70632 -0.18648 -0.68289 0.70632 -0.18648 -0.70166 0.70632 -0.0938 -0.70166 0.70632 -0.0938 -0.7079 0.70632 0.00056 -0.7079 0.70632 0.00056 -0.70151 0.70632 0.09491 -0.70151 0.70632 0.09491 -0.6826 0.70632 0.18756 -0.6826 0.70632 0.18756 -0.65151 0.70632 0.27687 -0.65151 0.70631 0.27687 -0.60879 0.70631 0.36124 -0.60879 0.70631 0.36124 -0.55521 0.70631 0.43916 -0.55521 0.70632 0.43916 -0.49172 0.70632 0.50924 -0.49172 0.70632 0.50924 -0.41946 0.70632 0.57024 -0.41946 0.70632 0.57024 -0.33971 0.70632 0.62106 -0.33971 0.70632 0.62106 -0.2539 0.70632 0.6608 -0.2539 0.70632 0.6608 -0.05993 0.96578 0.25234 -0.05993 0.96578 0.25234 -0.02576 0.96578 0.25808 -0.02576 0.96578 0.25808 0.00887 0.96578 0.25921 0.00887 0.96578 0.25921 0.04334 0.96578 0.25571 0.04334 0.96578 0.25571 0.07704 0.96578 0.24765 0.07704 0.96578 0.24765 0.10936 0.96578 0.23518 0.10936 0.96578 0.23518 0.13973 0.96578 0.2185 0.13973 0.96578 0.2185 0.16761 0.96578 0.19793 0.16761 0.96578 0.19793 0.19249 0.96578 0.17382 0.19249 0.96578 0.17382 0.21394 0.96578 0.14661 0.21394 0.96578 0.14662 0.23158 0.96578 0.11679 0.23157 0.96578 0.11679 0.24507 0.96578 0.08488 0.24508 0.96578 0.08488 0.2542 0.96578 0.05146 0.2542 0.96578 0.05146 0.25879 0.96578 0.01712 0.25879 0.96578 0.01712 0.25877 0.96578 -0.01753 0.25877 0.96578 -0.01753 0.25412 0.96578 -0.05186 0.25412 0.96578 -0.05186 0.24494 0.96578 -0.08527 0.24494 0.96578 -0.08527 0.23139 0.96578 -0.11716 0.23139 0.96578 -0.11716 0.21371 0.96578 -0.14695 0.21371 0.96578 -0.14695 0.19222 0.96578 -0.17413 0.19222 0.96578 -0.17413 0.16729 0.96578 -0.19819 0.16729 0.96578 -0.19819 0.13938 0.96578 -0.21872 0.13938 0.96578 -0.21872 0.10899 0.96578 -0.23535 0.07665 0.96578 -0.24777 0.07665 0.96578 -0.24777 0.04294 0.96578 -0.25578 0.00846 0.96578 -0.25922 0.00846 0.96578 -0.25922 -0.02616 0.96578 -0.25804 -0.02616 0.96578 -0.25804 -0.06032 0.96578 -0.25225 -0.06032 0.96578 -0.25225 -0.09341 0.96578 -0.24196 -0.09341 0.96578 -0.24196 -0.12482 0.96578 -0.22735 -0.12482 0.96578 -0.22735 -0.15401 0.96578 -0.20868 -0.15401 0.96578 -0.20868 -0.18045 0.96578 -0.18629 -0.18045 0.96578 -0.18629 -0.20367 0.96578 -0.16058 -0.20367 0.96578 -0.16058 -0.22326 0.96578 -0.132 -0.22326 0.96578 -0.132 -0.23886 0.96578 -0.10106 -0.23886 0.96578 -0.10106 -0.2502 0.96578 -0.06832 -0.2502 0.96578 -0.06832 -0.25707 0.96578 -0.03437 -0.25707 0.96578 -0.03437 -0.25936 0.96578 0.0002 -0.25936 0.96578 0.0002 -0.25702 0.96578 0.03477 -0.25702 0.96578 0.03477 -0.25009 0.96578 0.06872 -0.25009 0.96578 0.06872 -0.2387 0.96578 0.10144 -0.2387 0.96578 0.10144 -0.22305 0.96578 0.13235 -0.20342 0.96578 0.1609 -0.20342 0.96578 0.1609 -0.18016 0.96578 0.18658 -0.18016 0.96578 0.18658 -0.15368 0.96578 0.20892 -0.15368 0.96578 0.20892 -0.12446 0.96578 0.22754 -0.12446 0.96578 0.22754 -0.09302 0.96578 0.2421 -0.09302 0.96578 0.2421 -0.50712 0.00738 0.86184 -0.73831 0 0.67446 -0.69161 0 0.72227 -0.66552 0.00785 0.74634 -0.61749 0 0.78658 -0.56357 0 0.82607 -0.78431 0.00105 0.62037 -0.79834 0.0068 0.60217 -0.83908 0 0.54402 -0.87354 0 0.48676 -0.90047 0.00819 0.43485 -0.91704 0 0.39879 -0.96801 0.00609 0.25082 -0.96426 0.00222 0.26495 -0.94163 0 0.33665 -0.99857 0 -0.0535 -0.99991 0 0.01332 -0.99833 0.0084 0.05715 -0.99379 0 0.11126 -0.98414 0 0.1774 -0.99118 0.00351 -0.1325 -0.99032 0.00526 -0.13871 -0.97622 -0 -0.2168 -0.95955 -0 -0.28152 -0.94421 0.00849 -0.32924 -0.92734 -0 -0.37422 -0.90027 -0 -0.43532 -0.86185 0.0048 -0.50713 -0.8608 0.0042 -0.50893 -0.74634 0.00846 -0.66551 -0.77615 -0 -0.63055 -0.81653 -0 -0.5773 -0.52992 -0 -0.84805 -0.59381 0.00285 -0.8046 -0.60218 0.00569 -0.79834 -0.66203 -0 -0.74948 -0.71061 -0 -0.70359 -0.47209 -0 -0.88155 -0.43485 0.00831 -0.90047 -0.38341 -0 -0.92358 -0.32087 -0 -0.94712 -0.25082 0.00646 -0.96801 -0.23259 0.00162 -0.97257 -0.05715 0.00803 -0.99833 -0.09464 -0 -0.99551 -0.16093 -0 -0.98697 0.23308 -0 -0.97246 0.16555 0.00051 -0.9862 0.13871 0.00711 -0.99031 0.07017 -0 -0.99753 0.00339 -0 -0.99999 0.29752 -0 -0.95472 0.32924 0.00763 -0.94421 0.38966 -0 -0.92096 0.45031 -0 -0.89287 0.50712 0.00763 -0.86184 0.53565 -0 -0.84444 0.66552 0.00711 -0.74635 0.64503 0.00051 -0.76416 0.59087 -0 -0.80677 0.85679 -0 -0.51567 0.82043 -0 -0.57175 0.79833 0.00803 -0.60217 0.76044 -0 -0.64941 0.71536 -0 -0.69875 0.89216 0.00162 -0.45171 0.90048 0.00646 -0.43485 0.92986 -0 -0.36792 0.95235 -0 -0.305 0.968 0.00831 -0.25082 0.97766 -0 -0.21018 0.99835 0.00569 -0.05715 0.99771 0.00285 -0.06758 0.98952 -0 -0.14441 0.9903 0.00846 0.13871 0.99622 -0 0.08683 0.9998 -0 0.0201 0.91432 0 0.405 0.94492 0.00492 0.32728 0.94423 0.00431 0.32925 0.96843 0 0.2493 0.98291 0 0.18406 0.88523 0 0.46516 0.86183 0.00849 0.50712 0.83537 0 0.54969 0.79679 0 0.60426 0.74636 0.00526 0.66553 0.74218 0.00351 0.6702 0.60216 0.0084 0.79833 0.63661 0 0.77118 0.6867 0 0.72694 0.35234 0 0.93587 0.42165 0.00222 0.90676 0.43485 0.00609 0.90048 0.50128 0 0.86528 0.55796 0 0.82987 0.28904 0 0.95732 0.25082 0.00819 0.968 0.19381 0 0.98104 0.12786 0 0.99179 0.05715 0.0068 0.99834 0.0342 0.00105 0.99941 -0.13871 0.00785 0.9903 -0.10347 0 0.99463 -0.03681 0 0.99932 -0.47989 0 0.87733 -0.35867 0 0.93346 -0.32924 0.00738 0.94422 -0.26545 0 0.96412 -0.20046 0 0.9797 0.49002 0.25766 -0.83277 0.64307 0.25766 -0.72117 0.64307 0.25766 -0.72117 0.7714 0.25766 -0.58185 0.7714 0.25766 -0.58185 0.87009 0.25766 -0.42018 0.87009 0.25766 -0.42018 0.93535 0.25766 -0.24236 0.93535 0.25766 -0.24236 0.96466 0.25766 -0.05523 0.96466 0.25766 -0.05523 0.9569 0.25766 0.13403 0.9569 0.25766 0.13403 0.91236 0.25766 0.31814 0.91236 0.25766 0.31814 0.83277 0.25766 0.49002 0.83277 0.25766 0.49002 0.72117 0.25766 0.64307 0.72117 0.25766 0.64307 0.58185 0.25766 0.7714 0.58185 0.25766 0.7714 0.42018 0.25766 0.87009 0.42018 0.25766 0.87009 0.24236 0.25766 0.93535 0.24236 0.25766 0.93535 0.05523 0.25766 0.96466 0.05523 0.25766 0.96466 -0.13403 0.25766 0.9569 -0.13403 0.25766 0.9569 -0.31814 0.25766 0.91236 -0.31814 0.25766 0.91236 -0.49002 0.25766 0.83277 -0.49002 0.25766 0.83277 -0.64307 0.25766 0.72117 -0.64307 0.25766 0.72117 -0.7714 0.25766 0.58185 -0.7714 0.25766 0.58185 -0.87009 0.25766 0.42018 -0.87009 0.25766 0.42018 -0.93535 0.25766 0.24236 -0.93535 0.25766 0.24236 -0.96466 0.25766 0.05523 -0.96466 0.25766 0.05523 -0.9569 0.25766 -0.13403 -0.9569 0.25766 -0.13403 -0.91236 0.25766 -0.31814 -0.91236 0.25766 -0.31814 -0.83277 0.25766 -0.49002 -0.83277 0.25766 -0.49002 -0.72117 0.25766 -0.64307 -0.72117 0.25766 -0.64307 -0.58185 0.25766 -0.7714 -0.58185 0.25766 -0.7714 -0.42018 0.25766 -0.87009 -0.42018 0.25766 -0.87009 -0.24236 0.25766 -0.93535 -0.24236 0.25766 -0.93535 -0.05523 0.25766 -0.96466 -0.05523 0.25766 -0.96466 0.13403 0.25766 -0.9569 0.13403 0.25766 -0.9569 0.31814 0.25766 -0.91236 0.31814 0.25766 -0.91236 0.49002 0.25766 -0.83277 0.94548 0.18086 -0.27084 0.94453 0.19451 -0.26463 0.90516 0.19491 -0.37774 0.89873 0.14889 -0.41245 0.87273 0.19498 -0.44759 0.81652 0.19451 -0.54356 0.81652 0.19451 -0.54356 0.96115 0.19509 -0.19528 0.9743 0.19451 -0.11362 0.9743 0.19451 -0.11362 0.98079 0.19499 -0.00545 0.98787 0.14991 0.04051 0.97821 0.19489 0.07152 0.96172 0.19451 0.19302 0.96715 0.17399 0.18534 0.94581 0.19508 0.2596 0.91969 0.19451 0.34109 0.91969 0.19451 0.34109 0.87764 0.19501 0.43786 0.8616 0.15145 0.48447 0.8406 0.19486 0.50539 0.76927 0.19451 0.60859 0.78029 0.1671 0.60268 0.72678 0.19508 0.65858 0.6646 0.19451 0.72144 0.6646 0.19451 0.72144 0.58548 0.19502 0.78688 0.54757 0.1535 0.82256 0.52196 0.19483 0.83042 0.40913 0.19451 0.8915 0.42472 0.16017 0.89104 0.35124 0.19507 0.91574 0.26463 0.19451 0.94453 0.26463 0.19451 0.94453 0.16725 0.19504 0.96643 0.11441 0.15606 0.9811 0.09091 0.1948 0.97662 -0.04019 0.19451 0.98008 -0.02326 0.15323 0.98792 -0.09994 0.19506 0.97569 -0.19302 0.19451 0.96172 -0.19302 0.19451 0.96172 -0.287 0.19505 0.93786 -0.3433 0.15912 0.92565 -0.35972 0.19477 0.9125 -0.48076 0.19451 0.85501 -0.46719 0.14626 0.87198 -0.5296 0.19505 0.82552 -0.60859 0.19451 0.76927 -0.60859 0.19451 0.76927 -0.67945 0.19506 0.70732 -0.72569 0.16269 0.66851 -0.7329 0.19474 0.65188 -0.81652 0.19451 0.54356 -0.81132 0.13926 0.56777 -0.84521 0.19504 0.49757 -0.8915 0.19451 0.40913 -0.8915 0.19451 0.40913 -0.92557 0.19507 0.32446 -0.94944 0.16676 0.26601 -0.94824 0.19471 0.25086 -0.9743 0.19451 0.11362 -0.9812 0.13225 0.14055 -0.97881 0.19502 0.06247 -0.98008 0.19451 -0.04019 -0.98008 0.19451 -0.04019 -0.97236 0.19508 -0.12828 -0.96595 0.17134 -0.19387 -0.95938 0.19467 -0.20419 -0.91969 0.19451 -0.34109 -0.93986 0.12521 -0.31779 -0.90161 0.19501 -0.38609 -0.85501 0.19451 -0.48076 -0.85501 0.19451 -0.48076 -0.80976 0.19508 -0.55338 -0.77195 0.1764 -0.61071 -0.76391 0.19463 -0.61527 -0.6646 0.19451 -0.72144 -0.69581 0.11816 -0.70844 -0.63025 0.19499 -0.75151 -0.54356 0.19451 -0.81652 -0.54356 0.19451 -0.81652 -0.47277 0.19509 -0.85932 -0.41014 0.18195 -0.89369 -0.40393 0.19459 -0.89385 -0.26463 0.19451 -0.94453 -0.30135 0.11108 -0.94702 -0.22316 0.19498 -0.95508 -0.11362 0.19451 -0.9743 -0.11362 0.19451 -0.9743 -0.03397 0.19509 -0.9802 0.04025 0.18799 -0.98135 0.04304 0.19455 -0.97995 0.19302 0.19451 -0.96172 0.1587 0.10399 -0.98184 0.23199 0.19496 -0.95298 0.34109 0.19451 -0.91969 0.34109 0.19451 -0.91969 0.48076 0.19451 -0.85501 0.48076 0.19451 -0.85501 0.57672 0.19496 -0.79334 0.61357 0.14837 -0.77557 0.63719 0.19493 -0.74565 0.72144 0.19451 -0.6646 0.72048 0.1877 -0.66759 0.7695 0.19509 -0.60812 0.2894 0.55438 -0.78032 0.16377 0.55438 -0.81599 0.16377 0.55438 -0.81599 0.0341 0.55438 -0.83156 0.0341 0.55438 -0.83156 -0.0964 0.55438 -0.82666 -0.0964 0.55438 -0.82666 -0.22453 0.55438 -0.8014 -0.22453 0.55439 -0.8014 -0.34713 0.55439 -0.75641 -0.34713 0.55438 -0.75641 -0.46119 0.55438 -0.69279 -0.46119 0.55438 -0.69279 -0.56389 0.55438 -0.61212 -0.56389 0.55438 -0.61212 -0.6527 0.55438 -0.51637 -0.6527 0.55438 -0.51637 -0.72544 0.55438 -0.40791 -0.72544 0.55438 -0.40791 -0.78032 0.55438 -0.2894 -0.78032 0.55438 -0.2894 -0.81599 0.55438 -0.16377 -0.81599 0.55438 -0.16377 -0.83156 0.55438 -0.0341 -0.83156 0.55438 -0.0341 -0.82666 0.55438 0.0964 -0.82666 0.55438 0.0964 -0.8014 0.55438 0.22453 -0.8014 0.55439 0.22453 -0.75641 0.55439 0.34713 -0.75641 0.55438 0.34713 -0.69279 0.55438 0.46119 -0.69279 0.55438 0.46119 -0.61212 0.55438 0.56389 -0.61212 0.55438 0.56389 -0.51637 0.55438 0.6527 -0.51637 0.55438 0.6527 -0.40791 0.55438 0.72544 -0.40791 0.55438 0.72544 -0.2894 0.55438 0.78032 -0.2894 0.55438 0.78032 -0.16377 0.55438 0.81599 -0.16377 0.55438 0.81599 -0.0341 0.55438 0.83156 -0.0341 0.55438 0.83156 0.0964 0.55438 0.82666 0.0964 0.55438 0.82666 0.22453 0.55438 0.8014 0.22453 0.55439 0.8014 0.34713 0.55439 0.75641 0.34713 0.55438 0.75641 0.46119 0.55438 0.69279 0.46119 0.55438 0.69279 0.56389 0.55438 0.61212 0.56389 0.55438 0.61212 0.6527 0.55438 0.51637 0.6527 0.55438 0.51637 0.72544 0.55438 0.40791 0.72544 0.55438 0.40791 0.78032 0.55438 0.2894 0.78032 0.55438 0.2894 0.81599 0.55438 0.16377 0.81599 0.55438 0.16377 0.83156 0.55438 0.0341 0.83156 0.55438 0.0341 0.82666 0.55438 -0.0964 0.82666 0.55438 -0.0964 0.8014 0.55438 -0.22453 0.8014 0.55439 -0.22453 0.75641 0.55439 -0.34713 0.75641 0.55438 -0.34713 0.69279 0.55438 -0.46119 0.69279 0.55438 -0.46119 0.61212 0.55438 -0.56389 0.61212 0.55438 -0.56389 0.51637 0.55438 -0.6527 0.51637 0.55438 -0.6527 0.40791 0.55438 -0.72544 0.40791 0.55438 -0.72544 0.2894 0.55438 -0.78032 0.1936 0.83068 -0.52201 0.10956 0.83068 -0.54587 0.10956 0.83068 -0.54587 0.02281 0.83068 -0.55629 0.02281 0.83068 -0.55629 -0.06449 0.83068 -0.55301 -0.06449 0.83068 -0.55301 -0.15021 0.83068 -0.53611 -0.15021 0.83068 -0.53611 -0.23222 0.83068 -0.50601 -0.23222 0.83068 -0.50601 -0.30852 0.83068 -0.46346 -0.30852 0.83068 -0.46346 -0.37722 0.83068 -0.40949 -0.37722 0.83068 -0.40949 -0.43664 0.83068 -0.34544 -0.43664 0.83068 -0.34544 -0.4853 0.83068 -0.27288 -0.4853 0.83068 -0.27288 -0.52201 0.83068 -0.1936 -0.52201 0.83068 -0.1936 -0.54587 0.83068 -0.10956 -0.54587 0.83068 -0.10956 -0.55629 0.83068 -0.02281 -0.55629 0.83068 -0.02281 -0.55301 0.83068 0.06449 -0.55301 0.83068 0.06449 -0.53611 0.83068 0.15021 -0.53611 0.83068 0.15021 -0.50601 0.83068 0.23222 -0.50601 0.83068 0.23222 -0.46346 0.83068 0.30852 -0.46346 0.83068 0.30852 -0.40949 0.83068 0.37722 -0.40949 0.83068 0.37722 -0.34544 0.83068 0.43664 -0.34544 0.83068 0.43664 -0.27288 0.83068 0.4853 -0.27288 0.83068 0.4853 -0.1936 0.83068 0.52201 -0.1936 0.83068 0.52201 -0.10956 0.83068 0.54587 -0.10956 0.83068 0.54587 -0.02281 0.83068 0.55629 -0.02281 0.83068 0.55629 0.06449 0.83068 0.55301 0.06449 0.83068 0.55301 0.15021 0.83068 0.53611 0.15021 0.83068 0.53611 0.23222 0.83068 0.50601 0.23222 0.83068 0.50601 0.30852 0.83068 0.46346 0.30852 0.83068 0.46346 0.37722 0.83068 0.40949 0.37722 0.83068 0.40949 0.43664 0.83068 0.34544 0.43664 0.83068 0.34544 0.4853 0.83068 0.27288 0.4853 0.83068 0.27288 0.52201 0.83068 0.1936 0.52201 0.83068 0.1936 0.54587 0.83068 0.10956 0.54587 0.83068 0.10956 0.55629 0.83068 0.02281 0.55629 0.83068 0.02281 0.55301 0.83068 -0.06449 0.55301 0.83068 -0.06449 0.53611 0.83068 -0.15021 0.53611 0.83068 -0.15021 0.50601 0.83068 -0.23222 0.50601 0.83068 -0.23222 0.46346 0.83068 -0.30852 0.46346 0.83068 -0.30852 0.40949 0.83068 -0.37722 0.40949 0.83068 -0.37722 0.34544 0.83068 -0.43664 0.34544 0.83068 -0.43664 0.27288 0.83068 -0.4853 0.27288 0.83068 -0.4853 0.1936 0.83068 -0.52201 0.06804 0.98067 -0.18346 0.0385 0.98067 -0.19184 0.0385 0.98067 -0.19184 0.00802 0.98067 -0.1955 0.00802 0.98067 -0.1955 -0.02266 0.98067 -0.19435 -0.02266 0.98067 -0.19435 -0.05279 0.98067 -0.18841 -0.05279 0.98067 -0.18841 -0.08161 0.98067 -0.17784 -0.08161 0.98067 -0.17784 -0.10843 0.98067 -0.16288 -0.10843 0.98067 -0.16288 -0.13257 0.98067 -0.14391 -0.13257 0.98067 -0.14391 -0.15345 0.98067 -0.1214 -0.15345 0.98067 -0.1214 -0.17056 0.98067 -0.0959 -0.17056 0.98067 -0.0959 -0.18346 0.98067 -0.06804 -0.18346 0.98067 -0.06804 -0.19184 0.98067 -0.0385 -0.19184 0.98067 -0.0385 -0.1955 0.98067 -0.00802 -0.1955 0.98067 -0.00802 -0.19435 0.98067 0.02266 -0.19435 0.98067 0.02266 -0.18841 0.98067 0.05279 -0.18841 0.98067 0.05279 -0.17784 0.98067 0.08161 -0.17784 0.98067 0.08161 -0.16288 0.98067 0.10843 -0.16288 0.98067 0.10843 -0.14391 0.98067 0.13257 -0.14391 0.98067 0.13257 -0.1214 0.98067 0.15345 -0.1214 0.98067 0.15345 -0.0959 0.98067 0.17056 -0.0959 0.98067 0.17056 -0.06804 0.98067 0.18346 -0.06804 0.98067 0.18346 -0.0385 0.98067 0.19184 -0.0385 0.98067 0.19184 -0.00802 0.98067 0.1955 -0.00802 0.98067 0.1955 0.02266 0.98067 0.19435 0.02266 0.98067 0.19435 0.05279 0.98067 0.18841 0.05279 0.98067 0.18841 0.08161 0.98067 0.17784 0.08161 0.98067 0.17784 0.10843 0.98067 0.16288 0.10843 0.98067 0.16288 0.13257 0.98067 0.14391 0.13257 0.98067 0.14391 0.15345 0.98067 0.1214 0.15345 0.98067 0.1214 0.17056 0.98067 0.0959 0.17056 0.98067 0.0959 0.18346 0.98067 0.06804 0.18346 0.98067 0.06804 0.19184 0.98067 0.0385 0.19184 0.98067 0.0385 0.1955 0.98067 0.00802 0.1955 0.98067 0.00802 0.19435 0.98067 -0.02266 0.19435 0.98067 -0.02266 0.18841 0.98067 -0.05279 0.18841 0.98067 -0.05279 0.17784 0.98067 -0.08161 0.17784 0.98067 -0.08161 0.16288 0.98067 -0.10843 0.16288 0.98067 -0.10843 0.14391 0.98067 -0.13257 0.14391 0.98067 -0.13257 0.1214 0.98067 -0.15345 0.1214 0.98067 -0.15345 0.0959 0.98067 -0.17056 0.0959 0.98067 -0.17056 0.06804 0.98067 -0.18346 0.588 -0 -0.80886 0.64965 -0 -0.76023 0.73351 -0 -0.67967 0.78458 -0 -0.62003 0.83242 -0 -0.55414 0.8898 -0 -0.45634 0.92286 -0 -0.38513 0.96133 -0 -0.27538 0.97998 -0 -0.19911 0.99327 -0 -0.11583 0.99998 -0 -0.00555 0.99734 -0 0.07292 0.98213 0 0.18821 0.96433 0 0.26469 0.9376 0 0.34773 0.89482 0 0.44643 0.85703 0 0.51526 0.79142 0 0.61128 0.74102 0 0.67149 0.67754 0 0.73549 0.59695 0 0.80228 0.53216 0 0.84664 0.43027 0 0.9027 0.35812 0 0.93368 0.26979 0 0.96292 0.17052 0 0.98535 0.09269 0 0.9957 -0.02353 0 0.99972 -0.1019 0 0.99479 -0.19678 0 0.98045 -0.29262 0 0.95623 -0.36675 0 0.93032 -0.47227 0 0.88145 -0.53997 0 0.84168 -0.62044 0 0.78425 -0.69275 0 0.72117 -0.7472 0 0.6646 -0.8193 0 0.57336 -0.86176 0 0.50731 -0.90886 0 0.4171 -0.9437 0 0.33082 -0.96674 0 0.25575 -0.9899 0 0.14179 -0.99797 0 0.06369 -0.99916 0 -0.04098 -0.99141 0 -0.13079 -0.97809 -0 -0.20817 -0.94731 -0 -0.32031 -0.91926 -0 -0.39365 -0.87165 -0 -0.49012 -0.82562 -0 -0.56422 -0.77881 -0 -0.62726 -0.70072 -0 -0.71344 -0.64259 -0 -0.76621 -0.55414 -0 -0.83242 -0.48203 -0 -0.87615 -0.4118 -0 -0.91127 -0.30323 -0 -0.95292 -0.22753 -0 -0.97377 -0.11583 -0 -0.99327 -0.03463 -0 -0.9994 0.04388 -0 -0.99904 0.15957 -0 -0.98719 0.23653 -0 -0.97162 0.34773 -0 -0.9376 0.49012 -0 -0.87165 -0.29741 -0.19491 -0.93464 -0.68728 -0.19489 -0.69976 -0.92915 -0.19486 -0.31417 -0.97093 -0.19483 0.13907 -0.80361 -0.1948 0.56238 -0.46323 -0.19477 0.86457 -0.02308 -0.19474 0.98058 0.42204 -0.19471 0.88542 0.77628 -0.19467 0.59958 0.96335 -0.19463 0.18461 0.94296 -0.19459 -0.27012 0.1214 -0.98067 -0.15346 0.1214 -0.98067 -0.15345 0.0959 -0.98067 -0.17056 0.0959 -0.98067 -0.17056 0.06804 -0.98067 -0.18346 0.06804 -0.98067 -0.18346 0.0385 -0.98067 -0.19184 0.0385 -0.98067 -0.19184 0.00802 -0.98067 -0.19551 0.00802 -0.98067 -0.19551 0.34544 -0.83068 -0.43664 0.34544 -0.83068 -0.43664 0.27288 -0.83068 -0.4853 0.27288 -0.83068 -0.4853 0.1936 -0.83068 -0.52201 0.1936 -0.83068 -0.52201 0.10956 -0.83068 -0.54587 0.10956 -0.83068 -0.54587 0.02281 -0.83068 -0.55629 0.02281 -0.83068 -0.55629 0.51637 -0.55438 -0.6527 0.17784 -0.98067 -0.08161 0.17784 -0.98067 -0.08161 0.50601 -0.83068 -0.23222 0.50601 -0.83068 -0.23222 0.75641 -0.55438 -0.34713 0.75641 -0.55439 -0.34713 0.19551 -0.98067 0.00802 0.19551 -0.98067 0.00802 0.55629 -0.83068 0.02281 0.55629 -0.83068 0.02281 0.83156 -0.55438 0.0341 0.83156 -0.55438 0.0341 0.17056 -0.98067 0.0959 0.17056 -0.98067 0.0959 0.4853 -0.83068 0.27288 0.4853 -0.83068 0.27288 0.72544 -0.55438 0.40791 0.72544 -0.55438 0.40791 0.10843 -0.98067 0.16288 0.10843 -0.98067 0.16288 0.30852 -0.83068 0.46346 0.30852 -0.83068 0.46346 0.46119 -0.55438 0.69279 0.46119 -0.55438 0.69279 0.02266 -0.98067 0.19435 0.02266 -0.98067 0.19435 0.06449 -0.83068 0.55301 0.06449 -0.83068 0.55301 0.0964 -0.55438 0.82666 0.0964 -0.55438 0.82666 -0.06804 -0.98067 0.18346 -0.06804 -0.98067 0.18346 -0.1936 -0.83068 0.52201 -0.1936 -0.83068 0.52201 -0.2894 -0.55438 0.78032 -0.2894 -0.55438 0.78032 -0.14391 -0.98067 0.13257 -0.14391 -0.98067 0.13257 -0.40949 -0.83068 0.37722 -0.40949 -0.83068 0.37722 -0.61212 -0.55438 0.56389 -0.61212 -0.55438 0.56389 -0.18842 -0.98067 0.05279 -0.18842 -0.98067 0.05279 -0.53611 -0.83068 0.15021 -0.53611 -0.83068 0.15021 -0.8014 -0.55439 0.22453 -0.8014 -0.55438 0.22453 -0.19184 -0.98067 -0.0385 -0.19184 -0.98067 -0.0385 -0.54587 -0.83068 -0.10956 -0.54587 -0.83068 -0.10956 -0.81599 -0.55438 -0.16377 -0.81599 -0.55438 -0.16377 -0.15345 -0.98067 -0.1214 -0.15346 -0.98067 -0.1214 -0.43664 -0.83068 -0.34544 -0.43664 -0.83068 -0.34544 -0.6527 -0.55438 -0.51637 -0.6527 -0.55438 -0.51637 -0.08161 -0.98067 -0.17784 -0.08161 -0.98067 -0.17784 -0.23222 -0.83068 -0.50601 -0.23222 -0.83068 -0.50601 -0.34713 -0.55438 -0.75641 -0.34713 -0.55439 -0.75641 0.51637 -0.55438 -0.6527 0.40791 -0.55438 -0.72544 0.40791 -0.55438 -0.72544 0.2894 -0.55438 -0.78032 0.2894 -0.55438 -0.78032 0.16377 -0.55438 -0.81599 0.16377 -0.55438 -0.81599 0.0341 -0.55438 -0.83156 0.0341 -0.55438 -0.83156 0.64613 -0.10399 -0.75611 0.60859 -0.19451 -0.76927 0.7195 -0.19455 -0.66669 0.7695 -0.19509 -0.60812 0.72237 -0.18799 -0.66546 0.61212 -0.55438 -0.56389 0.61212 -0.55438 -0.56389 0.40949 -0.83068 -0.37722 0.40949 -0.83068 -0.37722 0.14391 -0.98067 -0.13257 0.14391 -0.98067 -0.13257 0.16288 -0.98067 -0.10843 0.16288 -0.98067 -0.10843 0.46346 -0.83068 -0.30852 0.46346 -0.83068 -0.30852 0.69279 -0.55438 -0.46119 0.69279 -0.55438 -0.46119 0.81652 -0.19451 -0.54356 0.81652 -0.19451 -0.54356 0.8915 -0.19451 -0.40913 0.91715 -0.11108 -0.38274 0.87273 -0.19498 -0.44759 0.96115 -0.19509 -0.19528 0.94685 -0.18196 -0.26528 0.8014 -0.55438 -0.22453 0.8014 -0.55439 -0.22453 0.53611 -0.83068 -0.15021 0.53611 -0.83068 -0.15021 0.18842 -0.98067 -0.05279 0.18842 -0.98067 -0.05279 0.19435 -0.98067 -0.02266 0.19435 -0.98067 -0.02266 0.55301 -0.83068 -0.06449 0.55301 -0.83068 -0.06449 0.82666 -0.55438 -0.0964 0.82666 -0.55438 -0.0964 0.9743 -0.19451 -0.11362 0.9743 -0.19451 -0.11362 0.98008 -0.19451 0.04019 0.99035 -0.11816 0.07241 0.98079 -0.19499 -0.00545 0.94581 -0.19508 0.2596 0.96507 -0.1764 0.19369 0.81599 -0.55438 0.16377 0.81599 -0.55438 0.16377 0.54587 -0.83068 0.10956 0.54587 -0.83068 0.10956 0.19184 -0.98067 0.0385 0.19184 -0.98067 0.0385 0.18346 -0.98067 0.06804 0.18346 -0.98067 0.06804 0.52201 -0.83068 0.1936 0.52201 -0.83068 0.1936 0.78032 -0.55438 0.2894 0.78032 -0.55438 0.2894 0.91969 -0.19451 0.34109 0.91969 -0.19451 0.34109 0.85501 -0.19451 0.48076 0.85029 -0.12521 0.51121 0.87764 -0.19501 0.43786 0.72678 -0.19508 0.65858 0.77266 -0.17134 0.61127 0.6527 -0.55438 0.51637 0.6527 -0.55438 0.51637 0.43664 -0.83068 0.34544 0.43664 -0.83068 0.34544 0.15346 -0.98067 0.1214 0.15345 -0.98067 0.1214 0.13257 -0.98067 0.14391 0.13257 -0.98067 0.14391 0.37722 -0.83068 0.40949 0.37722 -0.83068 0.40949 0.56389 -0.55438 0.61212 0.56389 -0.55438 0.61212 0.6646 -0.19451 0.72144 0.6646 -0.19451 0.72144 0.54356 -0.19451 0.81652 0.52749 -0.13225 0.83921 0.58548 -0.19503 0.78688 0.35124 -0.19507 0.91574 0.41126 -0.16676 0.89613 0.34713 -0.55439 0.75641 0.34713 -0.55438 0.75641 0.23222 -0.83068 0.50601 0.23222 -0.83068 0.50601 0.08161 -0.98067 0.17784 0.08161 -0.98067 0.17784 0.05279 -0.98067 0.18842 0.05279 -0.98067 0.18842 0.15021 -0.83068 0.53611 0.15021 -0.83068 0.53611 0.22453 -0.55439 0.8014 0.22453 -0.55438 0.8014 0.26463 -0.19451 0.94453 0.26463 -0.19451 0.94453 0.11362 -0.19451 0.9743 0.09178 -0.13926 0.98599 0.16725 -0.19504 0.96643 -0.09994 -0.19506 0.97569 -0.04043 -0.16269 0.98585 -0.0341 -0.55438 0.83156 -0.0341 -0.55438 0.83156 -0.02281 -0.83068 0.55629 -0.02281 -0.83068 0.55629 -0.00802 -0.98067 0.19551 -0.00802 -0.98067 0.19551 -0.0385 -0.98067 0.19184 -0.0385 -0.98067 0.19184 -0.10956 -0.83068 0.54587 -0.10956 -0.83068 0.54587 -0.16377 -0.55438 0.81599 -0.16377 -0.55438 0.81599 -0.19302 -0.19451 0.96172 -0.19302 -0.19451 0.96172 -0.34109 -0.19451 0.91969 -0.3628 -0.14626 0.92032 -0.287 -0.19505 0.93786 -0.5296 -0.19505 0.82552 -0.48388 -0.15912 0.86055 -0.40791 -0.55438 0.72544 -0.40791 -0.55438 0.72544 -0.27288 -0.83068 0.4853 -0.27288 -0.83068 0.4853 -0.0959 -0.98067 0.17056 -0.0959 -0.98067 0.17056 -0.1214 -0.98067 0.15345 -0.1214 -0.98067 0.15346 -0.34544 -0.83068 0.43664 -0.34544 -0.83068 0.43664 -0.51637 -0.55438 0.6527 -0.51637 -0.55438 0.6527 -0.60859 -0.19451 0.76927 -0.60859 -0.19451 0.76927 -0.72144 -0.19451 0.6646 -0.73838 -0.15323 0.65675 -0.67945 -0.19506 0.70732 -0.84521 -0.19504 0.49757 -0.82222 -0.15606 0.54735 -0.69279 -0.55438 0.46119 -0.69279 -0.55438 0.46119 -0.46346 -0.83068 0.30852 -0.46346 -0.83068 0.30852 -0.16288 -0.98067 0.10843 -0.16288 -0.98067 0.10843 -0.17784 -0.98067 0.08161 -0.17784 -0.98067 0.08161 -0.50601 -0.83068 0.23222 -0.50601 -0.83068 0.23222 -0.75641 -0.55438 0.34713 -0.75641 -0.55439 0.34713 -0.8915 -0.19451 0.40913 -0.8915 -0.19451 0.40913 -0.94453 -0.19451 0.26463 -0.95426 -0.16017 0.25245 -0.92557 -0.19507 0.32446 -0.97881 -0.19503 0.06247 -0.9815 -0.1535 0.11446 -0.82666 -0.55438 0.0964 -0.82666 -0.55438 0.0964 -0.55301 -0.83068 0.06449 -0.55301 -0.83068 0.06449 -0.19435 -0.98067 0.02266 -0.19435 -0.98067 0.02266 -0.19551 -0.98067 -0.00802 -0.19551 -0.98067 -0.00802 -0.55629 -0.83068 -0.02281 -0.55629 -0.83068 -0.02281 -0.83156 -0.55438 -0.0341 -0.83156 -0.55438 -0.0341 -0.98008 -0.19451 -0.04019 -0.98008 -0.19451 -0.04019 -0.96172 -0.19451 -0.19302 -0.96434 -0.1671 -0.20524 -0.97236 -0.19508 -0.12828 -0.90161 -0.19501 -0.38609 -0.92678 -0.15145 -0.34372 -0.78032 -0.55438 -0.2894 -0.78032 -0.55438 -0.2894 -0.52201 -0.83068 -0.1936 -0.52201 -0.83068 -0.1936 -0.18346 -0.98067 -0.06804 -0.18346 -0.98067 -0.06804 -0.17056 -0.98067 -0.0959 -0.17056 -0.98067 -0.0959 -0.4853 -0.83068 -0.27288 -0.4853 -0.83068 -0.27288 -0.72544 -0.55438 -0.40791 -0.72544 -0.55438 -0.40791 -0.85501 -0.19451 -0.48076 -0.85501 -0.19451 -0.48076 -0.76927 -0.19451 -0.60859 -0.76693 -0.17399 -0.6177 -0.80976 -0.19508 -0.55338 -0.63025 -0.19499 -0.75151 -0.66988 -0.14991 -0.72718 -0.56389 -0.55438 -0.61212 -0.56389 -0.55438 -0.61212 -0.37722 -0.83068 -0.40949 -0.37722 -0.83068 -0.40949 -0.13257 -0.98067 -0.14391 -0.13257 -0.98067 -0.14391 -0.10843 -0.98067 -0.16288 -0.10843 -0.98067 -0.16288 -0.30852 -0.83068 -0.46346 -0.30852 -0.83068 -0.46346 -0.46119 -0.55438 -0.69279 -0.46119 -0.55438 -0.69279 -0.54356 -0.19451 -0.81652 -0.54356 -0.19451 -0.81652 -0.40913 -0.19451 -0.8915 -0.40501 -0.18086 -0.89624 -0.47277 -0.19509 -0.85932 -0.22316 -0.19498 -0.95508 -0.26678 -0.14889 -0.95219 -0.22453 -0.55438 -0.8014 -0.22453 -0.55439 -0.8014 -0.15021 -0.83068 -0.53611 -0.15021 -0.83068 -0.53611 -0.05279 -0.98067 -0.18842 -0.05279 -0.98067 -0.18842 -0.02266 -0.98067 -0.19435 -0.02266 -0.98067 -0.19435 -0.06449 -0.83068 -0.55301 -0.06449 -0.83068 -0.55301 -0.0964 -0.55438 -0.82666 -0.0964 -0.55438 -0.82666 -0.11362 -0.19451 -0.9743 -0.11362 -0.19451 -0.9743 0.57672 -0.19496 -0.79334 0.48076 -0.19451 -0.85501 0.48076 -0.19451 -0.85501 0.34109 -0.19451 -0.91969 0.34109 -0.19451 -0.91969 0.23199 -0.19496 -0.95298 0.1946 -0.14837 -0.9696 0.15651 -0.19493 -0.96825 0.04019 -0.19451 -0.98008 0.0431 -0.1877 -0.98128 -0.03397 -0.19509 -0.9802 -0 -1 0 -0.73135 -0 -0.682 -0.73135 -0 -0.682 -0.73135 -0 -0.682 -0.73136 7E-05 -0.68199 -0.73135 -5E-05 -0.682 -0.73135 -0 -0.682 -0.73135 0 -0.682 -0.73135 0 -0.682 -0.73135 0 -0.682 -0.73135 -0 -0.682 -0.73135 -0 -0.682 -0.73135 0 -0.682 -0.73135 0 -0.682 -0.73135 -0 -0.682 -0.73135 0 -0.682 -0.73135 1E-05 -0.682 -0.73135 -0 -0.682 -0.73135 -0 -0.682 -0.73135 -0 -0.682 -0.73135 0 -0.682 -0.73135 0 -0.682 -0.73135 0 -0.682 -0.73135 -0 -0.682 -0.73135 1E-05 -0.682 -0.73135 1E-05 -0.682 -0.73135 0 -0.682 -0.73135 0 -0.682 -0.73135 1E-05 -0.682 -0.73135 -2E-05 -0.682 -0.73133 -0 -0.68202 -0.73135 -0 -0.682 -0.73135 -0 -0.682 -0.73136 -1E-05 -0.682 -0.73135 0 -0.682 -0.73135 -0 -0.682 -0.73136 2E-05 -0.68199 -0.73135 0 -0.682 -0.73135 0 -0.682 -0.73135 5E-05 -0.68201 -0.73135 0 -0.682 -0.7314 0.00036 -0.68195 -0.73133 -0.00027 -0.68202 -0.73135 -0 -0.682 -0.73135 0 -0.682 -0.73136 -5E-05 -0.68199 -0.73135 0 -0.682 -0.73135 3E-05 -0.682 -0.73135 2E-05 -0.682 -0.73135 0 -0.682 -0.73135 0 -0.682 -0.73135 0 -0.682 -0.73135 -0 -0.682 -0.73135 0 -0.682 -0.73135 0 -0.682 -0.73135 -0 -0.682 -0.73135 -0 -0.682 -0.73134 4E-05 -0.68201 -0.73135 -0.00011 -0.68201 -0.73122 -0 -0.68214 -0.73135 -0 -0.682 -0.73135 0 -0.682 -0.73135 0 -0.682 -0.73135 0 -0.682 -0.7314 0.00012 -0.68195 -0.73133 1E-05 -0.68202 -0.73134 2E-05 -0.68202 -0 1 -0 0 -1 0 -0.92388 0 0.38268 -0.79335 0 0.60876 -0.69906 0.15039 0.69907 -0.94921 0.28878 0.12497 -0.96593 0 0.25882 -0.99144 -0 -0.13053 -0.95494 0.15039 -0.25588 -0.92388 -0 -0.38269 -0.70711 -0 -0.7071 -0.58283 0.28878 -0.75955 -0.79335 -0 -0.60876 0.60877 -0 -0.79335 0.38268 -0 -0.92388 0.25588 0.15038 -0.95494 0.13053 0 -0.99144 -0.25882 -0 -0.96593 -0.12497 0.28878 -0.94921 -0.38268 -0 -0.92388 0.75955 0.28878 -0.58283 0.70711 -0 -0.7071 0.92388 -0 -0.38269 0.95494 0.15039 -0.25588 0.99144 -0 -0.13053 0.99144 0 0.13053 0.95494 0.15039 0.25588 0.92388 0 0.38268 0.70711 0 0.70711 0.58282 0.28878 0.75955 0.79335 0 0.60876 -0.60876 0 0.79335 -0.38268 0 0.92388 -0.25588 0.15038 0.95494 -0.13053 0 0.99144 0.25882 0 0.96593 0.12497 0.28878 0.94921 0.38268 0 0.92388 -0.69907 -0.15038 -0.69906 -0.9492 -0.28878 -0.12496 -0.96593 -0 -0.25882 -0.99144 0 0.13053 -0.95494 -0.15039 0.25588 -0.70711 0 0.70711 -0.58282 -0.28878 0.75955 0.60876 0 0.79335 0.25588 -0.15038 0.95494 0.13053 0 0.99144 -0.25882 0 0.96593 -0.12497 -0.28878 0.94921 0.75955 -0.28878 0.58282 0.95494 -0.15039 0.25588 0.95494 -0.15039 -0.25588 0.58283 -0.28878 -0.75955 0.79335 -0 -0.60876 -0.60877 -0 -0.79335 -0.25588 -0.15038 -0.95494 -0.13053 -0 -0.99144 0.25882 -0 -0.96593 0.12497 -0.28878 -0.94921 -0.81313 -0 -0.58208 -0.97863 -0 -0.20562 -0.97863 0 0.20562 -0.81313 0 0.58208 0.40439 0 0.91459 0.59766 0 0.80175 0.76099 0 0.64876 0.88621 0 0.46328 -0.95551 -0.01913 -0.29435 -0.95504 -0.01304 -0.29618 -0.94984 -0 -0.31274 -0.95081 -0 -0.30977 -0.95425 0.00032 -0.29902 -0.96405 0.01065 -0.26549 -0.97011 0.00027 -0.24267 -0.97112 -0 -0.23861 -0.97338 -0 -0.22918 -0.97659 -0.0021 -0.21511 -0.97916 0.00214 -0.2031 -0.97155 -0.00027 -0.23683 -0.97055 -0 -0.24091 -0.96923 -0 -0.24617 -0.96337 -0 -0.26817 -0.98383 -0.00181 -0.17912 -0.98283 0 -0.18454 -0.987 -0 -0.16069 -0.98603 0.00245 -0.16656 -0.99146 -0.00442 -0.13035 -0.98984 0.0055 -0.14206 -0.99413 -0.0022 -0.10819 -0.99347 0 -0.1141 -0.996 -0 -0.08938 -0.99532 0.0042 -0.09657 -0.99847 -0.00732 -0.05479 -0.99747 0.00917 -0.07045 -0.99949 -0.00365 -0.03179 -0.98245 0.00126 0.1865 -0.97626 -0.00045 0.21659 -0.97532 -0 0.22079 -0.99919 0 -0.04036 -0.99979 -0 -0.02049 -0.99994 0.0034 -0.01014 -1 -0 -0.00117 -0.99986 -0 0.01669 -0.99951 -0 0.03146 -0.99907 -0 0.04302 -0.99907 -0 0.04302 -0.99811 -0 0.06151 -0.99816 0.00041 0.06057 -0.99537 -0.00057 0.09611 -0.99561 0.00078 0.09358 -0.99224 -0.00035 0.12433 -0.99245 0 0.12268 -0.98916 -0 0.14684 -0.98954 0.00075 0.14426 -0.9837 -0.00104 0.17982 -0.94147 -0 0.33709 -0.94147 0 0.3371 -0.95328 0 0.30208 -0.94289 0.00911 0.33297 -0.96844 0 0.24923 -0.96906 0.00057 0.24682 -0.95568 -0.00075 0.29442 -0.93217 0 0.36203 -0.93656 0.00195 0.3505 -0.91014 -0.00346 0.41428 -0.81725 0.00683 0.57624 -0.80612 0.00092 0.59175 -0.83265 -0.00167 0.5538 -0.85205 -0.00557 0.52343 -0.92141 0.00324 0.38857 -0.89899 -0.00075 0.43797 -0.89212 0 0.4518 -0.88354 -0 0.46835 -0.87574 0.00058 0.48278 -0.86111 -0.00149 0.50842 -0.83292 0.00305 0.55339 -0.69444 0 0.71955 -0.69444 -0 0.71955 -0.71703 0 0.69704 -0.77007 0.00461 0.63794 -0.72358 -0.01496 0.69008 -0.75872 -0.00404 0.6514 -0.78248 -0.00126 0.62268 -0.79458 -2E-05 0.60716 -0.81482 2E-05 0.57972 -0.93768 -0 -0.3475 -0.93912 -0 -0.3436 -0.94529 -0 -0.32623 -0.94604 -0 -0.32406 -0.94749 -0 -0.3198 -0.94898 -0 -0.31534 0.92882 -0 -0.37053 0.98507 0 0.17213 0.98002 1E-05 0.19889 0.98024 0 0.19784 0.98015 0 0.19825 0.98002 0 0.1989 0.97994 -7E-05 0.19929 0.98022 -0 0.19789 0.98015 -1E-05 0.19824 0.98024 4E-05 0.19782 0.98023 3E-05 0.19788 0.99097 0 0.13405 0.98869 0 0.15 0.98271 0 0.18517 0.98061 0 0.19597 0.97976 0 0.20019 0.97987 0 0.19966 0.97994 0 0.1993 0.98097 0 0.19417 0.97353 0.12053 0.19417 0.98132 0 0.1924 0.98057 -0.00462 0.19614 0.98049 0 0.19655 0.98438 -0.00084 0.17603 0.98281 -0 0.18463 0.98166 0 0.19064 0.98343 0.00497 0.18123 0.98589 -0.00231 0.16737 0.98773 0.00295 0.15612 0.98852 0 0.15108 0.98969 0 0.14324 0.99015 0 0.13999 0.99096 0 0.13418 0.99182 0 0.12763 0.99342 -0.00269 0.11452 0.99259 0.00289 0.1215 0.99545 -0.00276 0.09529 0.99484 0.00107 0.1014 0.99608 0 0.08849 0.99651 -0 0.08345 0.99708 -0.00092 0.07631 0.99775 0.0016 0.06699 0.99868 -0.0015 0.05139 0.99932 0.0016 0.03685 0.99967 -0.0004 0.02575 0.99997 0.0026 0.00779 1 0 -0.00159 0.99985 -0 0.01726 0.99987 0.01095 -0.01143 0.99797 -0.01376 -0.06225 0.99943 -0.00407 -0.03353 0.99938 0.00338 -0.03496 0.99809 0 -0.06183 0.9971 -0 -0.07616 0.99694 -4E-05 -0.07818 0.99538 0.00031 -0.09606 0.99492 -0.00035 -0.10064 0.88987 0.00414 -0.45619 0.87861 0.00139 -0.47753 0.85254 -0.00122 -0.52267 0.83331 0.00232 -0.55279 0.80366 -0.00245 -0.59509 0.87286 -0.00128 -0.48798 0.8896 0 -0.45674 0.91749 -0 -0.39776 0.91476 -0.00172 -0.404 0.94477 0.00092 -0.32774 0.94259 -0 -0.33394 0.96465 0 -0.26352 0.96441 -0.00023 -0.2644 0.97951 0.00011 -0.20139 0.97934 -0 -0.20221 0.98873 0 -0.14972 0.98873 -0 -0.14972 0.99311 -0 -0.11718 0.72417 -0 -0.68963 0.81763 1E-05 -0.57575 0.78301 -1E-05 -0.62201 0.78309 -3E-05 -0.62191 0.72433 5E-05 -0.68946 -0.88119 0 0.47275 -0.8812 -1E-05 0.47275 -0.88119 -0 0.47275 -0.8812 0 0.47275 -0.8812 0 0.47275 -0.88119 0 0.47275 -0.8812 -1E-05 0.47275 -0.88119 1E-05 0.47276 -0.88119 -0 0.47276 -0.88119 -0 0.47276 -0.88119 0 0.47275 -0.88119 0 0.47276 -0.25882 -0 -0.96592 -0.70711 -0 -0.7071 -0.96593 -0 -0.25882 -0.96593 0 0.25882 -0.70711 0 0.7071 -0.25882 0 0.96592 0.25882 0 0.96592 0.70711 0 0.70711 0.96593 0 0.25882 0.96593 -0 -0.25882 0.70711 -0 -0.70711 0.25882 -0 -0.96592 0.02867 0.97283 0.22973 0.00197 0.96052 0.27819 -0 0.95843 0.28534 -0 0.99998 0.00604 -0.01752 0.99866 0.04864 0.0168 0.99823 0.05699 -0.01676 0.98982 0.14133 0.01638 0.9885 0.15032 -0.02068 0.96956 0.24397 0 -0.95843 0.28534 0.00197 -0.96052 0.27819 0.02449 -0.97111 0.23739 -0.00666 -0.97336 0.22917 0.00668 -0.99011 0.1401 -0.0055 -0.99053 0.13716 0.00557 -0.99891 0.04643 0 -0.99897 0.04528 -0 0.99996 0.00925 -0 0.96484 0.26284 -0.04267 0.96178 0.27049 -0.01706 0.96458 0.26323 0.1526 0.98724 0.04553 -0.18596 0.98226 0.02398 0.16152 0.98207 0.09718 -0.18383 0.97946 0.08291 0.15717 0.97655 0.14716 -0.18262 0.97293 0.14162 0.15335 0.9685 0.19617 -0.18224 0.96268 0.20008 -0.04826 0.97409 0.22093 -0.00177 0.96603 0.25843 -0.00597 0.9661 0.25811 -0.00727 0.96595 0.25863 -0.0141 0.96576 0.25904 -0.00354 0.96659 0.25631 0.00063 0.9722 0.23413 -0.00712 0.97366 0.22791 -0 0.95885 0.2839 0.0019 0.96139 0.2752 -0.00062 0.96151 0.27477 0.00139 0.9663 0.25741 0.00573 0.96747 0.25291 0.00123 0.96639 0.25707 -0 0.95824 0.28596 0.00025 0.95831 0.28574 -0.00028 0.96012 0.27959 0.03289 0.96549 0.25835 0.09008 0.9679 0.23463 -0.13072 0.95396 0.26994 0.12378 0.97475 0.18587 -0.13978 0.9652 0.22102 0.11232 0.98271 0.14722 -0.06133 0.98457 0.16388 0.07765 0.99081 0.11078 -0.1111 0.98591 0.12506 0.09187 0.99367 0.06472 0.03213 0.99723 0.06714 -0.04313 0.99863 0.02965 0.0162 0.99959 0.02379 -0 1 0.00068 -0.03328 0.9688 0.2456 -0 0.96376 0.26677 -0.01279 0.9706 0.24036 -0.01083 0.9706 0.24044 -0.03591 0.96839 0.24685 -0.01464 0.96061 0.2775 0.03028 0.97313 0.22824 -0.02374 0.9769 0.21237 -0.00645 0.9823 0.18718 0.01692 0.99354 0.11225 -0.01462 0.99038 0.13758 0.01456 0.9994 0.03131 -0.01301 0.9983 0.05683 -0 0.99999 0.00486 -0 0.9601 0.27965 0.00372 0.96646 0.25679 0.00144 0.96633 0.25732 -0.00201 0.97134 0.23768 0.00239 0.9727 0.23207 -0.0038 0.97141 0.23737 -0 0.99989 -0.01489 -0.0261 0.99949 -0.01847 0.01041 0.99938 -0.03353 -0.19524 0.97756 -0.07911 -0.04104 0.99752 -0.05723 -0.01202 0.9985 -0.05339 0.00754 0.99996 -0.00545 0.00571 0.99997 -0.00492 0.00219 0.99999 -0.00352 -0.0051 0.99859 -0.05275 -0.00168 0.99861 -0.05265 -0.00573 0.99861 -0.05244 0.00011 0.99903 -0.04401 -0.00117 0.99873 -0.05041 0.00269 0.99874 -0.05005 0.00068 0.99873 -0.05045 0.00095 1 -0.00271 0.00041 1 -0.00213 -0 1 -0.00145 7E-05 1 -0.00137 -0.0004 1 -0.00165 0.00083 0.99906 -0.04326 0.00248 0.99909 -0.04268 0.00535 0.99911 -0.04187 -0.01376 0.99935 -0.03329 0.01042 0.99936 -0.03421 -0.01247 0.9997 -0.02124 0.00955 0.99967 -0.02405 -0.01121 0.99989 -0.00973 0.00865 0.99986 -0.01407 -0.00804 0.99997 -0.00037 -0.00412 0.99999 -0.00136 -0.00128 1 -0.00177 0.00358 0.99807 -0.062 -0.019 0.99702 -0.07483 -0.08233 0.99238 -0.09168 -0.03257 0.99559 -0.08794 0.01148 0.9959 -0.0897 -0.01138 0.99493 -0.09996 0.00631 0.99483 -0.10133 -0.00058 0.99429 -0.10672 0.0004 0.99384 -0.11081 0.00479 0.9937 -0.112 -0.01498 0.99163 -0.12823 -0.01048 0.99186 -0.1269 0.02163 0.99203 -0.12412 -0.02438 0.98896 -0.14617 -0 0.98971 -0.14311 -0 0.99097 -0.13406 -0.00097 0.99096 -0.13419 0.00096 0.99378 -0.11137 -0.00206 0.99375 -0.11165 0.00202 0.99605 -0.08873 -0.00323 0.99602 -0.08902 0.00315 0.9978 -0.06621 -0.00447 0.99779 -0.06636 0.00433 0.99903 -0.04388 -0.00575 0.99903 -0.0437 0.00553 0.99975 -0.0218 -0.00706 0.99975 -0.02107 0.00144 0.99997 -0.0081 -0.04074 -0.98312 0.17839 0.03397 -0.99166 0.12429 0.0854 -0.98981 0.11393 -0.10446 -0.9899 0.09583 0.07757 -0.99459 0.0691 -0.09307 -0.99486 0.0399 0.08421 -0.99623 0.02106 0.0028 -0.99999 0.00467 0 -1 0.00068 0 -0.95838 0.28549 0.01051 -0.96069 0.27742 0.08253 -0.9669 0.24145 -0.10212 -0.95416 0.28135 0.0867 -0.9759 0.20025 -0.03119 -0.9748 0.2209 0.00073 -0.98056 0.19624 -0.00902 -0.98467 0.17419 -0.25882 -0 -0.96593 -0.25882 -0 -0.96593 -0.70711 -0 -0.70711 -0.96593 -0 -0.25882 -0.96593 0 0.25882 -0.70711 0 0.70711 -0.25882 0 0.96593 -0.25882 0 0.96593 0.25882 0 0.96593 0.25882 0 0.96593 0.70711 0 0.70711 0.96593 0 0.25882 0.96593 -0 -0.25882 0.70711 -0 -0.70711 0.25882 -0 -0.96593 0.25882 -0 -0.96593 -0.78958 0 0.61365 -0.61132 0 0.79138 -0.47015 0 0.88259 -0.23485 0 0.97203 0.0993 0 0.99506 0.34464 0 0.93874 0.49699 0 0.86775 0.69794 0 0.71615 0.89528 0 0.44551 0.97817 0 0.20782 0.99916 0 0.04107 0.97776 -0 -0.20974 0.96807 -0 -0.25067 0.97675 0.04532 -0.20953 0.99954 -0.03028 -0.00098 0.96856 0 0.24877 0.97716 -0.04532 0.20761 0.87416 0.06025 0.48189 0.72744 0 0.68617 0.69723 0.04532 0.71542 0.5328 -0.03027 0.8457 0.30486 0 0.9524 0.34428 -0.04532 0.93777 0.05727 0.06025 0.99654 -0.19377 0 0.98105 -0.23461 0.04532 0.97103 -0.43241 -0.03028 0.90117 -0.64406 0 0.76498 -0.61069 -0.04532 0.79057 -0.8132 0.06026 0.57885 0.00105 -1 -0.0028 -0.00373 -0.99999 -0.00146 -0.01045 -0.99995 0.00024 0.00604 -0.99929 -0.0371 -0.00654 -0.99968 -0.02441 0.00543 -0.99963 -0.02646 -0.00587 -0.9999 -0.01323 0.00469 -0.99986 -0.01603 -0.00311 -0.99998 -0.00523 -0.00111 -1 -0.00177 -0.00033 -1 -0.00162 0 -1 -0.00141 0.00011 -1 -0.00165 0.00046 -1 -0.0022 0.00246 -0.99999 -0.00366 0.00618 -0.99997 -0.00506 0.02757 -0.99956 -0.01126 -0.03146 -0.99932 -0.01901 0.02846 -0.99904 -0.03341 -0.03188 -0.99853 -0.04379 0.02851 -0.99804 -0.05571 -0.03137 -0.99716 -0.06841 0.02809 -0.99656 -0.07793 -0.0307 -0.99522 -0.09269 0.02743 -0.99461 -0.09995 -0.02986 -0.99273 -0.11658 0.02648 -0.99222 -0.12169 -0.0301 -0.98963 -0.14044 0 -0.98989 -0.14181 -0.00232 -0.99933 -0.03642 0.00047 -0.99909 -0.04271 0.00379 -0.99893 -0.04601 -0.00027 -0.99902 -0.04418 0.00306 -0.99893 -0.04608 0.0013 -0.99892 -0.04653 0.00046 -0.9989 -0.04696 -3E-05 -0.999 -0.04469 0 -0.99998 -0.00666 -0.03405 -0.99933 -0.01344 0.06059 -0.99801 -0.01743 -0.06657 -0.9969 -0.04204 -0.0056 -0.99904 -0.04343 -0.00158 -0.99905 -0.04364 -0.01202 -0.99801 -0.06191 -0.00031 -0.99887 -0.04758 0.00016 -0.99889 -0.04708 -0.00447 -0.99848 -0.05499 -0.03324 -0.99717 -0.06747 0 -0.99048 -0.13769 0.00645 -0.9911 -0.133 -0.00277 -0.99183 -0.12752 -0.01829 -0.99122 -0.13092 -0.00193 -0.99283 -0.11951 0.00107 -0.994 -0.10937 0.00518 -0.99434 -0.10613 0.00097 -0.99446 -0.10511 -0.00267 -0.99519 -0.09798 -0.08774 -0.9905 -0.10586 -0.06899 -0.99249 -0.10103 0.0045 -0.99698 -0.07753 0 -0.958 0.28676 -0.0024 -0.95974 0.28089 0.00708 -0.96366 0.26705 0.00075 -0.96235 0.2718 -0.00139 -0.96622 0.25771 0.00473 -0.9682 0.25012 -0.00074 -0.96679 0.25555 -0.011 -0.96514 0.26151 -0.00465 -0.96628 0.25746 -0.02182 -0.96481 0.26204 0.00539 -0.96805 0.25072 0 -0.95817 0.28621 -0.00534 -0.96131 0.27541 -0.00652 -0.96113 0.27602 -0.0018 -0.96266 0.27071 0 -0.99964 0.02693 0.01013 -0.99954 0.02855 -0.00996 -0.99679 0.07941 0.02161 -0.99625 0.08382 -0.02147 -0.99108 0.13152 0.03433 -0.98984 0.13796 -0.03461 -0.98243 0.1834 0.08664 -0.97725 0.19359 -0.08682 -0.96836 0.23395 -0.08734 -0.96833 0.23391 -0.02082 -0.96996 0.24236 0 -0.99976 0.02169 0 -0.95981 0.28064 0.01424 -0.97609 0.21689 -0.00558 -0.96716 0.25412 0.00393 -0.96326 0.26856 0 -0.96232 0.27192 0.00507 -0.9735 0.22864 -0.00086 -0.97194 0.23523 -0.01502 -0.96975 0.24365 -0.00817 -0.97143 0.23719 -0.07049 -0.96071 0.26845 -0.02482 -0.97047 0.23996 0.01779 -0.97446 0.22385 -0.01738 -0.9672 0.25341 0.09021 -0.99529 0.03553 -0.07795 -0.99343 0.08377 0.02829 -0.99378 0.10768 -0.02724 -0.98401 0.176 -0.02363 -0.98392 0.17702 -0.00791 -0.98276 0.18473 0.82954 0.01503 0.55825 0.83141 -0.00396 0.55565 0.80337 0.00312 0.59548 0.88253 0 0.47026 0.87576 0.0456 0.48059 0.85949 -0.0156 0.51091 0.8519 0.0008 0.52371 0.84411 -0.00031 0.53618 0.84079 0.0023 0.54136 0.85991 -0.00196 0.51045 0.85877 0.00674 0.51232 0.88346 -0.00613 0.46846 0.88299 0 0.46939 0.84411 0.00031 0.53618 0.84079 -0.0023 0.54136 0.83244 -0.0118 0.55399 0.82655 0.00956 0.56278 0.80448 -0.01228 0.59386 -0 0.96593 0.25882 -0 0.96593 0.25882 0 0.96593 0.25882 -0 0.96593 0.25882 -0 0.96593 0.25882 -0 0.96593 0.25882 -0 0.96593 0.25882 0 0.96593 0.25882 -0 0.96593 0.25882 -0 0.96593 0.25882 0 0.96593 0.25882 0 0.96593 0.25882 -0 0.96593 0.25882 -0 0.96593 0.25882 0 -0.96593 0.25882 0 -0.96593 0.25882 -0 -0.96593 0.25882 -0 -0.96593 0.25882 -0 -0.96593 0.25882 -0 -0.96593 0.25882 1E-05 -0.96592 0.25883 0 -0.96593 0.25882 0 -0.96593 0.25882 -0 -0.96593 0.25882 0 -0.96593 0.25882 -0 -0.96593 0.25882 -0 -0.96593 0.25882 -0 -0.96593 0.25882 -0.13462 -0 -0.9909 -0.10784 0.01901 -0.99399 0.02674 -0.01268 -0.99956 0.05368 -0 -0.99856 0.18741 -0 -0.98228 0.16083 -0.01901 -0.9868 0.34307 0.02532 -0.93897 0.31774 -0 -0.94818 0.9899 0 0.14177 0.95926 -0 -0.28252 0.75505 -0 -0.65567 0.41419 -0 -0.91019 -0.00159 -0 -1 0.94128 0 0.33763 0.94128 -1E-05 0.33763 0.93808 1E-05 0.34642 0.93808 0 0.34642 0.8714 0 0.49058 0.81763 0 0.57574 0.78824 0 0.61537 -0.9995 -0 0.03162 -0.88232 0 0.47064 -0.58298 0 0.81249 -0.16329 0 0.98658 0.29014 0 0.95698 0.68366 0 0.7298 -0.98545 -0 -0.16996 -0.98418 -0.01837 -0.17622 -0.98191 0.01135 -0.18901 -0.98122 -0 -0.1929 0.1996 -0 -0.97988 -0.25658 -0 -0.96652 -0.65936 -0 -0.75183 -0.92476 -0 -0.38055 -0.899 -0 -0.43795 -0.90051 -0.00271 -0.43484 -0.93515 0.0025 -0.35425 -0.9388 -0.00568 -0.34442 -0.98799 -1E-05 -0.15453 -0.99057 -0.02146 -0.13533 -0.98124 0.00488 -0.19271 -0.96803 -0.00859 -0.25067 -0.9652 0 -0.2615 -0.9524 -0 -0.30486 -0.96188 0 0.27347 -0.9718 -0.01133 0.23555 -0.97549 0.00698 0.21994 -0.99025 -0.00757 0.1391 -0.98982 -0.01092 0.14189 -0.99499 0 0.09995 -0.99915 -0 0.04131 -0.99841 -0.01646 0.054 -0.99815 0.02143 -0.05687 -0.99931 -0.02492 -0.02737 -0.99609 0 -0.08836 -0.94852 0 0.31671 -0.94397 -0.01464 0.32971 -0.9198 0.01311 0.39217 -0.90705 -0.017 0.42069 -0.89349 0 0.44909 0.9835 0.00431 0.18085 0.98436 -0.0022 0.17617 0.98797 0.00065 0.15462 0.98818 0 0.1533 0.99039 -0 0.1383 0.99085 -0.00353 0.13495 0.99401 0.00576 0.10912 0.99463 -0.00498 0.10337 0.99639 0.00082 0.08484 0.99659 0 0.08246 0.99788 -0 0.06508 0.99802 -0.00433 0.06283 0.99956 0.00546 0.02911 0.99968 -0.00524 0.0248 0.99999 0 0.00535 0.97035 0 0.2417 0.97132 0.00019 0.23776 0.97516 0.004 0.22148 0.97337 0.01191 0.22894 0.97831 -0.00227 0.20711 -0.83433 -0 -0.55127 -0.87485 -0 -0.4844 -0.8674 -0.00476 -0.4976 -0.85907 0.00694 -0.5118 -0.84391 -0.00563 -0.53645 -0.84496 -0.00463 -0.5348 -0.84046 -0.00153 -0.54187 -0.83657 -0.00035 -0.54786 0.84627 -0 -0.53275 0.85323 0.02899 -0.52073 0.88866 -0.02251 -0.45802 0.92009 0.12522 -0.37116 0.90198 -0.08364 -0.42359 0.93956 0.01449 -0.34207 0.95639 -0.02035 -0.29138 0.95672 -0.01882 -0.2904 0.9778 0.0322 -0.20706 0.97534 -0 -0.22069 -0.99087 -0.01281 -0.13424 -0.99083 -0.01169 -0.1346 -0.99192 0 -0.12686 -0.99001 -0.00109 -0.14101 -0.9887 0.00143 -0.14988 -0.98693 -0.02211 -0.15965 -0.98623 0.00565 -0.16526 -0.98485 -0 -0.17338 -0.99308 -0 -0.11746 -0.99309 -0.00017 -0.11736 -0.99487 0.00032 -0.10116 -0.99543 -0.01764 -0.09387 -0.99692 0.00621 -0.07818 -0.99848 -0.01073 -0.05406 -0.99882 -0 -0.04849 0.95919 -0 -0.28276 0.95156 -0.02594 -0.30637 0.96347 0.00691 -0.26771 0.97341 -0.00501 -0.229 0.9758 0.00286 -0.21866 0.97896 0 -0.20404 0.98151 -1E-05 -0.19143 0.9841 -0.00709 -0.1775 0.98563 0.00108 -0.1689 0.99007 -0.00142 -0.14057 0.99125 0.01312 -0.13131 0.99323 1E-05 -0.11617 0.99436 -0 -0.10605 0.99548 -0.00287 -0.0949 0.99541 -0.004 -0.09564 0.99796 0.00802 -0.06341 0.99796 0.00901 -0.06314 0.99911 0 -0.04226 -0.42468 0 0.90535 -0.40876 -0.0172 0.91248 -0.28192 0 0.95944 -0.30669 -0.00914 0.95177 -0.31642 -0.01661 0.94847 -0.32703 -0.00967 0.94497 -0.36643 0.00741 0.93041 -0.98122 -0 -0.19287 -0.98191 0.01136 -0.189 -0.98419 -0.01824 -0.17618 -0.98545 -0 -0.16995 0.93808 0 0.34642 0.93808 -1E-05 0.34642 0.94128 1E-05 0.33763 0.94128 0 0.33763 -0.90571 0 0.42389 -0.91439 0.03043 0.40369 -0.94025 -0.01533 0.34013 -0.95 0.00502 0.3122 -0.9887 0.0232 0.1481 -0.98389 -0.00177 0.17875 -0.96967 0.00228 0.24442 -0.96915 0 0.24648 -0.95703 -0 0.28999 -0.95819 -0 -0.28613 -0.96648 0.00728 -0.25665 -0.97332 -0.00941 -0.22927 -0.98694 0.01272 -0.16061 -0.98782 0.00823 -0.15537 -0.99338 0 -0.11484 -0.99589 -0 -0.09061 -0.99757 -0.00738 -0.06929 -0.99968 0.02486 -0.00485 -0.99992 0.00576 0.01117 -0.99695 -0.00193 0.07801 -0.99729 0 0.07356 -0.9929 -0 0.11899 -0.94423 0 -0.3293 -0.94599 -0.00318 -0.32418 -0.91531 0.00492 -0.40272 -0.90951 0.01646 -0.41535 -0.88739 -0 -0.46102 0.97834 0.00263 0.20701 0.97399 -0.00337 0.22656 0.97373 -0.00255 0.22769 0.97132 -0.00019 0.23776 0.9839 -0.01584 0.17802 0.98139 0.01784 0.1912 0.98805 -0.00745 0.15397 0.9871 -0 0.16009 0.99077 0 0.13552 0.98997 0.00838 0.14103 0.99142 0.00165 0.13069 0.99443 -0.00593 0.1052 0.99418 0.001 0.10774 0.99652 -0.00019 0.08333 0.99649 -0 0.08369 0.9979 0 0.06478 0.998 -0.00363 0.06307 0.99955 0.00427 0.02958 0.99966 -0.00723 0.02497 0.99998 0 0.00627 -0.83657 0.00035 -0.54786 -0.86546 -0 -0.50098 -0.86746 -0.00441 -0.49748 -0.84863 0.00187 -0.52899 -0.84503 0.00484 -0.53469 -0.84399 0.00395 -0.53635 -0.84046 0.00153 -0.54187 0.97701 -0 -0.21317 0.97521 -0.01647 -0.22066 0.95356 0.01366 -0.30091 0.94552 -0.03163 -0.32401 0.92246 0.02387 -0.38535 0.91247 -0.01261 -0.40894 0.8865 0.01431 -0.46251 0.88871 0.02259 -0.45792 0.84563 -0.03889 -0.53235 0.85359 -0 -0.52095 -0.99854 -0 -0.05406 -0.99884 0.01887 -0.04419 -0.99309 0 -0.11736 -0.99307 0.00031 -0.11752 -0.99558 -0.00099 -0.09389 -0.99478 0.02488 -0.09897 -0.99697 -0.0067 -0.07749 -0.98536 -0.00202 -0.17048 -0.98702 0.01705 -0.15967 -0.98778 -0.00311 -0.15579 -0.99001 0.00109 -0.14101 -0.99083 0.0122 -0.1346 -0.99089 0.01116 -0.13424 -0.99192 -0 -0.12686 -0.30669 0.00914 0.95177 -0.34636 0.03983 0.93725 -0.31642 -0.01642 0.94848 -0.40883 0.01124 0.91254 -0.40879 0.01117 0.91256 -0.44637 0 0.89485 0.99831 0 -0.05809 0.99843 0.00811 -0.05537 0.99584 -0.00724 -0.09081 0.99599 -0.00424 -0.08941 0.99435 0 -0.10612 0.99332 -0 -0.1154 0.99194 0.00941 -0.12636 0.99073 -0.00098 -0.13581 0.98638 0.00127 -0.16448 0.98466 -0.00965 -0.1742 0.98151 1E-05 -0.1914 0.97912 -0 -0.2033 0.97634 0.00208 -0.21621 0.97383 -0.0047 -0.22723 0.96565 0.00636 -0.25977 0.95982 -0.0074 -0.28053 0.95333 -0 -0.30194 0 -0.9961 -0.08828 0.06558 -0.99774 0.0147 -0.06676 -0.99265 0.10099 -0.01426 -0.98335 0.18118 0 -0.9706 0.2407 0 -0.996 -0.08933 0.05869 -0.99768 0.03441 -0.05543 -0.99508 0.08212 0 -0.97875 0.20507 -0 0.99347 0.11411 -0.15247 0.98075 0.12197 0.14854 0.9889 -0.00379 -0 1 0.00273 -0 0.97918 0.20298 -0 1 0.00026 -0.00063 1 0.00046 0.00017 0.98287 0.18433 -0.02985 0.97136 0.23574 0.92209 0 0.38697 0.92936 -0.03152 0.36782 0.96483 0.02403 0.26176 0.96952 0 0.24499 0.96501 0 0.26222 0.96056 0.032 0.27622 0.92171 -0.02235 0.38724 0.9149 0 0.40369 0.73135 0 0.682 0.73135 -0 0.682 0.73135 -0 0.682 0.73135 0 0.682 0.73135 0 0.682 0.73135 -0 0.682 0.73135 0 0.682 0.73135 0 0.682 0.73135 -0 0.682 0.73135 0 0.682 0.73135 0 0.682 0.73135 -0 0.682 0.73135 -0 0.682 0.73135 -0 0.682 0.73135 0 0.682 0.73135 0 0.682 0.73135 -0 0.682 0.73135 0 0.682 0.73135 -0 0.682 0.73135 0 0.682 0.73135 -0 0.682 0.73135 -0 0.682 0.73135 0 0.682 -0.99932 -0 0.03681 -0.99934 0.0001 0.03624 -0.99772 -0.00011 0.06754 -0.9978 9E-05 0.06631 -0.99481 -0.0001 0.10174 -0.99475 0 0.10238 -0.99196 0 0.12655 -0.9909 0 0.13459 -0.98825 0.00036 0.15285 -0.98543 -0.00189 0.17005 -0.97886 0.00143 0.20455 -0.97358 -0.00072 0.22835 -0.96972 0 0.24422 -0.96034 0 0.27884 -0.96361 0.00159 0.2673 -0.95085 -0.00091 0.30965 -0.93849 0.00176 0.34532 -0.93122 -0.0003 0.36446 -0.91677 0.00013 0.39941 -0.91336 -0.00022 0.40716 -0.89145 0.00073 0.45312 -0.88401 -0.00135 0.46746 -0.84317 0.00127 0.53765 -0.82805 -0.0018 0.56065 -0.80399 0 0.59464 0.26687 -0 -0.96373 0.27404 -0.00145 -0.96172 0.31806 0.00146 -0.94807 0.3249 -0 -0.94575 0.36259 -0 -0.93195 0.3943 -0 -0.91898 0.78935 -0 -0.61394 0.77865 -0.00285 -0.62745 0.83366 0.00266 -0.55228 0.90372 -0 -0.42812 0.82466 -0 -0.56562 0.85119 -0 -0.52485 0.85161 -2E-05 -0.52418 0.85415 0 -0.52003 0.87074 0 -0.49175 0.87285 0.00058 -0.48799 0.90044 -0.00055 -0.43497 0.91494 0.00431 -0.40356 0.81313 0 0.58208 0.97863 0 0.20562 0.97863 -0 -0.20562 0.81313 -0 -0.58208 0 -0 -1 -0 0 1 0.60876 -0 -0.79335 -0.38268 0 0.92388 -0.25692 0.1208 0.95885 -0.99144 -0 -0.13053 -0.99144 0 0.13053 -0.95885 0.1208 0.25692 -0.92388 0 0.38268 -0.70711 0 0.70711 -0.77122 0.23458 0.59177 -0.60876 0 0.79335 -0.8981 0.23457 -0.37201 -0.96593 -0 -0.25882 -0.79336 -0 -0.60876 -0.70193 0.1208 -0.70193 -0.60876 -0 -0.79335 -0.38268 -0 -0.92388 -0.25692 0.1208 -0.95885 -0.13052 -0 -0.99145 0.25882 -0 -0.96593 0.37201 0.23458 -0.8981 0.13052 -0 -0.99145 0.77122 0.23458 -0.59177 0.70711 -0 -0.70711 0.92388 -0 -0.38268 0.95885 0.1208 -0.25692 0.99144 -0 -0.13053 0.70193 0.1208 0.70193 0.79336 0 0.60876 0.96593 0 0.25882 0.8981 0.23457 0.37201 0.99144 0 0.13053 -0.13052 0 0.99145 0.13052 0 0.99145 0.25692 0.1208 0.95885 0.38268 0 0.92388 0.60876 0 0.79335 0.65876 -0.25882 -0.70643 0.65876 -0.25882 -0.70643 0.48225 -0.70711 -0.51715 0.48225 -0.70711 -0.51715 0.17651 -0.96593 -0.18929 0.17651 -0.96593 -0.18929 -0.17651 -0.96593 0.18929 -0.17651 -0.96593 0.18929 -0.48225 -0.70711 0.51715 -0.48225 -0.70711 0.51715 -0.65876 -0.25882 0.70643 -0.65876 -0.25882 0.70643 -0.65876 0.25882 0.70643 -0.65876 0.25882 0.70643 -0.48225 0.70711 0.51715 -0.48225 0.70711 0.51715 -0.17651 0.96593 0.18929 -0.17651 0.96593 0.18929 0.17651 0.96593 -0.18929 0.17651 0.96593 -0.18929 0.48225 0.70711 -0.51715 0.48225 0.70711 -0.51715 0.65876 0.25882 -0.70643 0.65876 0.25882 -0.70643 0.65876 -0.25882 -0.70643 0.65876 -0.25882 -0.70643 0.17651 -0.96593 -0.18929 0.17651 -0.96593 -0.18929 -0.17651 -0.96593 0.18929 -0.17651 -0.96593 0.18929 -0.65876 -0.25882 0.70643 -0.65876 -0.25882 0.70643 -0.65876 0.25882 0.70643 -0.65876 0.25882 0.70643 -0.17651 0.96593 0.18929 -0.17651 0.96593 0.18929 0.17651 0.96593 -0.18929 0.17651 0.96593 -0.18929 0.65876 0.25882 -0.70643 0.65876 0.25882 -0.70643 0.9869 0 0.16135 0.9907 -0.0328 0.13208 0.99965 0.02189 -0.01506 0.99901 0 -0.04457 0.98159 -0 -0.191 0.98627 0.0328 -0.16186 0.93169 -0.04367 -0.36062 0.94283 -0 -0.33328 -0.93104 -0 -0.36492 -0.98633 -0 -0.16476 -0.9991 -0 0.04251 -0.96877 0 0.24795 -0.89667 0 0.4427 -0.7859 0 0.61835 0.99989 0 -0.01506 0.93258 -0 -0.36097 0.95282 0.05243 -0.29899 0.95102 0.04449 -0.30591 0.9119 -0 -0.4104 0.98774 0 0.15612 0.99709 0.00032 0.07629 0.99899 0.04473 0.00353 0.99512 -0.0118 -0.09794 0.97737 0.0077 -0.21139 0.9551 -0 -0.29628 0.96228 0.0236 -0.27103 0.98942 0 0.14507 0.98478 0.03144 0.17092 0.99715 -0.03925 -0.06438 0.99683 0.0783 0.01425 0.98963 -0.01575 -0.14275 0.97737 -0.0077 -0.21139 0.99958 0.02892 0.00354 0.99403 -0.08688 -0.06605 0.99709 -0.00032 0.07629 0.95088 -0.05532 -0.30459 0.95306 -0.04732 -0.29907 0.98976 -0 -0.14276 0.9999 0 0.0143 0.98527 0 0.171 -0.91528 -0 -0.40282 -0.8462 0 0.53286 -0.76413 0 0.64506 -0.98773 0 0.15614 -0.98998 -0.0034 0.14114 -0.86073 0.0037 0.50906 -0.88316 -0.00687 0.46903 -0.67338 0.00478 0.73928 -0.61262 -0.00691 0.79035 -0.49487 0 0.86897 -0.61264 0 0.79036 -0.59637 0.00397 0.8027 -0.86072 -0.00436 0.50905 -0.82691 0.00957 0.56226 -0.96736 -0.00595 0.25333 -0.98769 0.009 0.15613 -0.99961 -0 0.02794 0.87421 0 0.48555 0.9998 0 0.02 0.89293 -0 -0.4502 -0.66066 0 0.75068 -0.48338 0 0.87541 -0.2625 0 0.96493 0.16795 0 0.98579 0.39646 0 0.91805 0.58497 0 0.81106 0.72383 0.00067 -0.68997 0.86129 -0.00195 -0.50811 0.83587 -0 -0.54892 0.35488 -0 -0.93491 0.69018 0 -0.72364 0.55724 -0 -0.83035 0.5997 -0.00143 -0.80022 0.40274 0.00146 -0.91531 0.25657 -0 -0.96652 0.34938 0.00449 -0.93697 0.00744 -0.0051 -0.99996 0.12675 0.0012 -0.99193 -0.15537 -0.00063 -0.98786 -0.20198 -0.00193 -0.97939 -0.38192 0.00182 -0.92419 -0.46037 -0.00042 -0.88773 -0.65639 0.00066 -0.75442 -0.60628 0.00328 -0.79524 -0.77686 -0.0021 -0.62967 -0.99973 -0 -0.02314 -0.94479 -0.00194 -0.32766 -0.91252 -0.00024 -0.40903 -0.83285 0.00032 -0.55351 -0.99345 -0.00109 -0.1143 -0.96637 -0.00456 -0.25712 -0.99976 0.00752 -0.0206 -0.99355 0.00396 -0.11332 -0.19392 0 0.98102 -0.05616 -0.00547 0.99841 0.0474 0.00187 0.99887 0.36744 -0.00254 0.93004 0.3725 -0.00202 0.92803 0.6624 0.00162 0.74915 0.72338 -0.00515 0.69043 0.81974 2E-05 0.57273 0.90462 -3E-05 0.42621 0.94614 -0.00633 0.32371 0.97491 0 0.2226 0.99472 -0 -0.10261 0.98647 -0.00769 -0.16374 0.9988 -0 0.0489 0.98995 0.00487 -0.14135 0.98333 -0.00252 0.18181 0.94614 0.00633 0.32371 0.90589 0.0002 0.42351 0.76358 -0.0003 0.64571 0.72338 0.00469 0.69043 0.60466 1E-05 0.79649 0.46802 -2E-05 0.88372 0.36743 0.00599 0.93003 0.21623 -0.00298 0.97634 -0.05616 0.00439 0.99841 -0.10875 0 0.99407 0.94337 -0 -0.33174 0.92007 -0.00909 -0.39164 0.84126 -0 -0.54063 0.73845 0 -0.67431 0.64588 -0.01119 -0.76336 0.52914 0.0043 -0.84852 0.23391 -0.00642 -0.97224 0.21818 -0.00384 -0.9759 -0.11697 0.00289 -0.99313 -0.22799 -0.0106 -0.9736 -0.36575 0 -0.93071 -0.51665 0 -0.8562 -0.64125 -0.01017 -0.76726 -0.7113 0.00196 -0.70289 -0.90368 -0.00235 -0.4282 -0.91769 -0.00762 -0.39723 -0.97489 -0 -0.22269 -0.94134 -0 -0.33746 -0.91768 0.0091 -0.39723 -0.83796 0 -0.54573 -0.73435 0 -0.67877 -0.64125 0.01119 -0.76725 -0.52398 -0.0043 -0.85172 -0.228 0.00642 -0.97364 -0.21226 0.00385 -0.97721 0.12297 -0.00289 -0.99241 0.2339 0.0106 -0.9722 0.37139 -0 -0.92848 0.52181 -0 -0.85306 0.64589 0.01017 -0.76336 0.71555 -0.00196 -0.69856 0.90626 0.00235 -0.42272 0.92009 0.00762 -0.39164 0.97622 -0 -0.21677 -0.28094 0.00161 -0.95972 -0.66207 -0.00182 -0.74944 -0.68276 -0 -0.73064 0.18105 0.00255 -0.98347 -0.00369 -1E-05 -0.99999 -0.25476 2E-05 -0.96701 0.60425 0.00324 -0.79679 0.46661 1E-05 -0.88447 0.22868 -3E-05 -0.9735 0.89816 0.0037 -0.43965 0.83158 3E-05 -0.5554 0.65896 -5E-05 -0.75218 0.9821 0 0.18834 0.99581 0.00147 0.09147 0.99993 0.00359 0.01158 0.99628 2E-05 -0.08622 0.93726 -2E-05 -0.34864 0.9749 0 0.22263 0.98524 0.00708 0.17104 0.37718 0.00899 0.9261 0.58019 0 0.81448 0.78568 0 0.61863 0.70868 0.01562 0.70536 0.87306 -0.00374 0.4876 0.44511 -0.00156 0.89547 0.01883 0.00141 0.99982 0.04935 0.00533 0.99877 -0.28404 -0.00324 0.95881 -0.41111 0.00733 0.91156 -0.52337 0 0.85211 -0.76184 0 0.64776 -0.80797 0.01005 0.58913 -0.65899 0 0.75215 -0.41111 -0.00748 0.91155 -0.54915 0.00374 0.83571 -0.79482 -0.00709 0.6068 0.09324 -0.00899 0.9956 -0.13841 0 0.99037 -0.30273 0 0.95308 0.01883 0.00156 0.99982 0.44511 -0.00141 0.89547 0.41756 -0.00533 0.90863 0.69477 0.00324 0.71923 0.78566 -0.00732 0.61861 0.85777 0 0.51404 0.98874 -0.01004 0.14929 0.93189 0 0.36273 0.26784 4E-05 -0.96346 0.99993 -0.00265 0.01158 0.99905 -2E-05 -0.04352 0.60425 -6E-05 -0.7968 0.5041 -0.008 -0.86361 0.68934 4E-05 -0.72444 0.89817 -8E-05 -0.43965 0.85545 -0.00586 -0.51785 0.95116 1E-05 -0.3087 0.03663 -0.00965 -0.99928 0.18105 2E-05 -0.98347 -0.21526 -1E-05 -0.97656 -0.28094 -0.00321 -0.95972 -0.43595 2E-05 -0.89997 -0.65223 -5E-05 -0.75802 -0.68276 -0.00225 -0.73064 -0.80934 -0 -0.58734 0.89525 -0 -0.44556 0.89095 0.00535 -0.45407 0.9782 -0.00462 -0.20764 0.9837 0.00925 -0.17957 0.99826 0 -0.05897 0.97814 -0.01141 -0.20762 0.98373 0.00571 -0.17957 0.89524 -0.00499 -0.44555 0.89096 -0 -0.45407 0.96211 0 0.27267 0.98467 0 0.17442 0.89618 -0.43395 -0.09245 -0.05513 -0.19072 0.9801 -0.05513 -0.19072 0.9801 0.36069 -0.19072 0.91298 0.36069 -0.19071 0.91298 0.71011 -0.19071 0.67777 0.71011 -0.19072 0.67777 0.92879 -0.19072 0.31777 0.92879 -0.19071 0.31777 0.97646 -0.19071 -0.10073 0.97646 -0.19071 -0.10073 -0.04703 -0.54653 0.83612 -0.04703 -0.54653 0.83612 0.30771 -0.54653 0.77886 0.30771 -0.54653 0.77886 0.60579 -0.54653 0.5782 0.60579 -0.54653 0.5782 0.79235 -0.54653 0.27109 0.79235 -0.54653 0.27109 0.83379 -0.54953 -0.05302 0.79598 -0.59972 -0.08211 -0.03171 -0.82535 0.56373 -0.03171 -0.82535 0.56373 0.20747 -0.82535 0.52513 0.20747 -0.82535 0.52513 0.40844 -0.82535 0.38984 0.40844 -0.82535 0.38984 0.53422 -0.82535 0.18278 0.53422 -0.82535 0.18278 0.56165 -0.82535 -0.05794 0.63172 -0.77503 0.01641 -0.01121 -0.97989 0.19924 -0.01121 -0.97989 0.19924 0.07333 -0.97989 0.1856 0.07333 -0.97989 0.1856 0.14436 -0.97989 0.13778 0.14436 -0.97989 0.13778 0.18881 -0.97989 0.0646 0.18881 -0.97989 0.0646 0.20764 -0.97134 -0.11569 0.26317 -0.96437 -0.02715 -0.40098 -0.19486 0.89512 -0.31039 -0.19486 0.93042 -0.31039 -0.19486 0.93042 -0.26323 -0.5551 0.78904 -0.26323 -0.5551 0.78904 -0.17597 -0.83115 0.52746 -0.17597 -0.83115 0.52746 -0.06181 -0.98074 0.18528 -0.06181 -0.98074 0.18528 -0.40098 -0.19486 0.89512 -0.34005 -0.5551 0.7591 -0.34005 -0.5551 0.7591 -0.22732 -0.83115 0.50745 -0.22732 -0.83115 0.50745 -0.07985 -0.98074 0.17825 -0.07985 -0.98074 0.17825 0.70579 -0.70701 -0.04466 0.57948 -0.79335 -0.18657 0.72848 -0.60714 -0.31732 0.92064 -0.19499 -0.33824 0.91945 -0.25881 -0.29603 0.9307 -0.25869 -0.25861 0.9307 -0.2587 -0.2586 0.94256 -0.25877 -0.21121 0.95581 -0.211 -0.20469 0.94807 -0.25881 -0.1849 0.95206 -0.25879 -0.16314 0.95205 -0.2588 -0.16314 0.25837 -0.96591 -0.01635 0.25764 -0.96592 -0.02475 0.25764 -0.96592 -0.02475 0.25673 -0.96591 -0.03343 0.25674 -0.9659 -0.03343 0.25512 -0.96592 -0.04372 0.25512 -0.96592 -0.04372 0.25317 -0.9659 -0.05422 0.25318 -0.9659 -0.05422 0.24948 -0.96589 -0.06932 0.2495 -0.96589 -0.06933 0.24637 -0.96592 -0.07932 0.24637 -0.96592 -0.07932 0.25837 -0.96591 -0.01635 0.7058 -0.707 -0.04466 0.70388 -0.70709 -0.06763 0.70388 -0.70709 -0.06763 0.7013 -0.70699 -0.09131 0.70131 -0.70698 -0.09131 0.69698 -0.70707 -0.11944 0.69698 -0.70707 -0.11944 0.69156 -0.70697 -0.1481 0.69157 -0.70696 -0.1481 0.68146 -0.70693 -0.18936 0.68148 -0.70691 -0.18936 0.67309 -0.7071 -0.21671 0.85372 -0.44228 -0.27487 0.95758 -0.25875 -0.12685 0.9625 -0.24062 -0.12531 0.96048 -0.25882 -0.10244 0.9615 -0.25881 -0.09238 0.9615 -0.25881 -0.09238 0.96402 -0.25875 -0.061 0.96402 -0.25875 -0.061 -0.78878 -0.6019 0.12469 -0.9694 -0.19176 0.15324 -0.9694 -0.19176 0.15324 -0.84476 -0.19176 0.49961 -0.84476 -0.19176 0.49961 -0.60127 -0.19176 0.7757 -0.60127 -0.19175 0.7757 -0.88894 -0.43594 0.14052 -0.82037 -0.55065 0.15416 -0.71959 -0.5487 0.42558 -0.71959 -0.5487 0.42558 -0.51218 -0.5487 0.66076 -0.51218 -0.5487 0.66076 -0.60806 -0.78805 0.09612 -0.54666 -0.82913 0.11705 -0.48412 -0.82683 0.28632 -0.48412 -0.82683 0.28632 -0.34458 -0.82683 0.44454 -0.34458 -0.82683 0.44454 -0.25867 -0.96593 -0.00893 -0.19604 -0.98011 0.03099 -0.17083 -0.98011 0.10104 -0.17084 -0.98011 0.10104 -0.12159 -0.98011 0.15687 -0.12159 -0.98011 0.15687 0.95085 -0.25643 -0.17357 0.86532 -0.25643 -0.43066 0.86532 -0.25643 -0.43066 0.71285 -0.60496 -0.35478 0.65491 -0.70628 -0.26881 0.5484 -0.79042 -0.27293 0.23386 -0.96528 -0.11639 0.23386 -0.96528 -0.11639 0.95085 -0.25643 -0.17357 0.69905 -0.70359 -0.12761 0.69905 -0.70359 -0.12761 0.25698 -0.96528 -0.04691 0.25698 -0.96528 -0.04691 -0.86458 -0.47886 -0.15229 -0.5118 -0.85343 -0.09859 -0.32024 -0.94727 -0.01129 -0.26059 -0.96453 -0.04216 -0.98437 -0.03123 -0.1733 -0.98082 -0.09752 -0.16874 -0.97118 -0.17991 -0.15633 -0.94156 -0.31536 -0.11837 -0.95384 -0.25879 -0.15238 -0.95354 -0.2588 -0.15425 -0.95354 -0.25879 -0.15425 -0.70405 -0.70704 -0.0664 -0.70404 -0.70705 -0.06639 -0.70121 -0.70705 -0.09155 -0.7012 -0.70706 -0.09154 -0.69807 -0.70707 -0.11293 -0.69806 -0.70708 -0.11292 -0.70685 -0.70539 -0.05284 -0.73043 -0.67128 -0.12595 -0.25849 -0.96591 -0.014 -0.25772 -0.96591 -0.0243 -0.25771 -0.96592 -0.0243 -0.25668 -0.96592 -0.03351 -0.25667 -0.96592 -0.03351 -0.25557 -0.96592 -0.04104 -0.00102 -1 -0.00016 -0.2585 -0.96591 -0.014 -0.60796 -0.79328 -0.03292 -0.70579 -0.70708 -0.04355 -0.79227 -0.60867 -0.04289 -0.8956 -0.4422 -0.04849 -0.95714 -0.2588 -0.13002 -0.94097 -0.3154 -0.12285 -0.95925 -0.25881 -0.11336 -0.96167 -0.25878 -0.09069 -0.96167 -0.25877 -0.09069 -0.9643 -0.25879 -0.0562 -0.97936 -0.19504 -0.05302 0.59966 -0.78787 -0.14025 0.95649 -0.2009 -0.21156 0.96994 -0.10776 -0.21818 0.97477 -0.03435 -0.22056 0.50561 -0.85557 -0.11122 0.05359 -0.99842 0.01701 0.22501 -0.96572 -0.12947 0.16676 -0.98073 -0.10178 0.17684 -0.98073 -0.08305 0.17684 -0.98073 -0.08305 0.18482 -0.98073 -0.06333 0.18482 -0.98073 -0.06333 0.18919 -0.98077 -0.0479 0.21582 -0.97456 -0.06049 0.54184 -0.83116 -0.12483 0.52611 -0.83109 -0.18029 0.52611 -0.83109 -0.18029 0.50339 -0.83109 -0.2364 0.5034 -0.83109 -0.2364 0.47251 -0.83097 -0.29365 0.52012 -0.79292 -0.31743 0.75943 -0.62551 -0.17888 0.81155 -0.555 -0.18263 0.78693 -0.555 -0.26966 0.78693 -0.555 -0.26966 0.75295 -0.555 -0.3536 0.75295 -0.555 -0.3536 0.71006 -0.555 -0.43335 0.67389 -0.60836 -0.41925 0.82459 -0.25846 -0.50325 0.84188 -0.1949 -0.50324 0.88781 -0.19481 -0.41693 0.88781 -0.19482 -0.41693 0.92163 -0.19498 -0.33554 0.94315 -0.07749 -0.3232 0.93851 -0.19506 -0.28487 0.95489 -0.1949 -0.22404 0.9121 -0.36319 -0.19018 -0.00125 -1 -7E-05 0.00125 -1 -0.00014 -0.00074 -0.99621 -0.08695 0.24083 -0.97004 -0.03192 0.2398 -0.95997 -0.14477 0.48553 -0.84993 -0.20465 0.48819 -0.86447 -0.11986 0.39465 -0.91349 -0.09888 0.39384 -0.91916 0.00554 -0.5093 -0.84053 -0.1847 -0.48915 -0.85041 -0.19375 0.77964 -0.6058 -0.15863 0.49339 -0.84751 -0.19567 0.29619 -0.91537 -0.27269 0.30096 -0.94876 -0.09635 0.07976 -0.98859 -0.12776 0.08061 -0.99551 -0.04967 -0.00111 -0.99883 -0.04835 -1E-05 -1 -0.00025 -0.73364 -0.66828 -0.12322 -0.77911 -0.56956 -0.26191 -0.75891 -0.49786 -0.41975 0.87493 -0.40717 -0.26212 0.77988 -0.57685 -0.24294 0.50356 -0.74035 -0.44532 0.50686 -0.84947 -0.14657 0.09946 -0.96731 -0.2333 0.10105 -0.98826 -0.11461 -0.08262 -0.99014 -0.11313 -0.08174 -0.99555 -0.04681 -0.20843 -0.86678 -0.45304 -0.50986 -0.7796 -0.36369 -0.59294 -0.70329 -0.39217 -0.8632 -0.48204 -0.15009 -0.85666 -0.27461 -0.43672 0.90378 -0.24677 -0.34969 0.87483 -0.37863 -0.30217 0.59013 -0.55649 -0.58487 0.58927 -0.7385 -0.32769 0.17608 -0.87021 -0.46014 0.17685 -0.96242 -0.20609 -0.10356 -0.97272 -0.20757 -0.10314 -0.98706 -0.1228 -0.24293 -0.96479 -0.10079 -0.24143 -0.97013 -0.02344 -0.39334 -0.91918 0.01975 -0.00429 -0.99108 -0.13323 0.22302 -0.70989 -0.66808 -0.20787 -0.71147 -0.67127 -0.21974 -0.6993 -0.68022 -0.59216 -0.59592 -0.54242 -0.62228 -0.54351 -0.56336 -0.89676 -0.35148 -0.26886 -0.89161 -0.14485 -0.429 0.63579 -0.38547 -0.66872 0.22293 -0.46954 -0.8543 0.22892 -0.47609 -0.84908 -0.21848 -0.47652 -0.85158 -0.22413 -0.46926 -0.85414 -0.61975 -0.38957 -0.68128 -0.63396 -0.35907 -0.68495 -0.91061 -0.22131 -0.34902 0.9164 -0.13584 -0.3765 0.90314 -0.22977 -0.36269 0.62102 -0.36353 -0.69439 0.6217 -0.58295 -0.52313 0.21035 -0.7003 -0.68215 0.2097 -0.87697 -0.43237 -0.17682 -0.88229 -0.43624 -0.17716 -0.95954 -0.21885 -0.30283 -0.93308 -0.19404 -0.30301 -0.94526 -0.12109 -0.48913 -0.87024 -0.05857 -0.3967 -0.90472 -0.15528 0.91922 -0.04397 -0.39128 0.9146 -0.07797 -0.39676 0.64062 -0.12782 -0.75714 0.63608 -0.13748 -0.75928 0.2306 -0.16765 -0.9585 0.22874 -0.17011 -0.95851 -0.22469 -0.16998 -0.95949 -0.22294 -0.16779 -0.96028 -0.63525 -0.13693 -0.76007 -0.63072 -0.12848 -0.7653 -0.91499 -0.07696 -0.39606 -0.90963 -0.04519 -0.41295 -0.04494 0.59972 0.79895 0.96231 0.25318 -0.09927 0.96231 0.25318 -0.09927 0.91533 0.25318 0.31317 0.91533 0.25318 0.31317 0.69982 0.25318 0.66795 0.69982 0.25318 0.66795 0.35547 0.25318 0.89975 0.35547 0.25318 0.89975 -0.05433 0.25318 0.96589 -0.05433 0.25318 0.96589 0.71161 0.69873 -0.07341 0.71161 0.69873 -0.07341 0.67687 0.69873 0.23158 0.67687 0.69873 0.23158 0.5175 0.69873 0.49393 0.5175 0.69873 0.49393 0.26286 0.69873 0.66534 0.26286 0.69873 0.66534 0.03638 0.70501 0.70826 -0.0347 0.78635 0.6168 0.26317 0.96437 -0.02715 0.26317 0.96437 -0.02715 0.25032 0.96437 0.08564 0.25032 0.96437 0.08564 0.19138 0.96437 0.18266 0.19138 0.96437 0.18266 0.09721 0.96437 0.24606 0.09721 0.96437 0.24606 -0.01486 0.96437 0.26414 -0.01486 0.96437 0.26414 0.67892 0.70689 -0.19843 0.96445 0.25879 -0.05349 0.70606 0.70706 -0.03916 0.96207 0.25878 -0.08636 0.97355 0.20812 -0.09427 0.95947 0.25881 -0.11146 0.95698 0.2588 -0.13118 0.95698 0.2588 -0.13118 0.24855 0.96589 -0.07265 0.25211 0.96591 -0.05883 0.2521 0.96591 -0.05883 0.25484 0.9659 -0.04583 0.25483 0.9659 -0.04583 0.25644 0.96592 -0.03515 0.25644 0.96592 -0.03515 0.2577 0.9659 -0.02495 0.25769 0.96591 -0.02495 0.25845 0.96592 -0.01433 0.25845 0.96592 -0.01433 0.24856 0.96589 -0.07265 0.67889 0.70692 -0.19843 0.6887 0.70702 -0.1607 0.68869 0.70702 -0.16069 0.6961 0.70695 -0.12518 0.69608 0.70697 -0.12518 0.70059 0.70707 -0.09603 0.70059 0.70708 -0.09603 0.70394 0.70698 -0.06816 0.70393 0.707 -0.06816 0.70607 0.70706 -0.03916 0.96445 0.25879 -0.05349 0.95118 0.25874 -0.16827 0.95623 0.23675 -0.17196 0.94575 0.25882 -0.19638 0.94067 0.25876 -0.21949 0.94067 0.25876 -0.21949 0.92717 0.25869 -0.27099 0.92718 0.25867 -0.27099 -0.3057 0.25852 0.91636 -0.40098 0.19486 0.89512 -0.40098 0.19486 0.89512 -0.34005 0.5551 0.7591 -0.34005 0.5551 0.7591 -0.22732 0.83115 0.50745 -0.22732 0.83115 0.50745 -0.07985 0.98074 0.17825 -0.07985 0.98074 0.17825 -0.30553 0.19481 0.93204 -0.25486 0.60819 0.75176 -0.26323 0.5551 0.78904 -0.1928 0.79299 0.57792 -0.17841 0.83121 0.52655 -0.07824 0.96589 0.24686 -0.06181 0.98074 0.18528 0.95085 0.25643 -0.17357 0.95085 0.25643 -0.17357 0.69905 0.70359 -0.12761 0.69905 0.70359 -0.12761 0.5484 0.79042 -0.27293 0.65491 0.70628 -0.26881 0.71285 0.60496 -0.35478 0.86532 0.25643 -0.43066 0.86532 0.25643 -0.43066 0.23386 0.96528 -0.11639 0.23386 0.96528 -0.11639 0.25698 0.96528 -0.04691 0.25698 0.96528 -0.04691 -0.60127 0.19175 0.7757 -0.84476 0.19176 0.49961 -0.9694 0.19176 0.15324 -0.9694 0.19176 0.15324 -0.88894 0.43594 0.14052 -0.82037 0.55065 0.15416 -0.78878 0.6019 0.12469 -0.55555 0.82683 0.08782 -0.60544 0.7826 0.14485 -0.21588 0.97606 -0.0265 -0.25995 0.96475 0.04109 -0.84476 0.19176 0.49961 -0.71959 0.5487 0.42558 -0.71959 0.5487 0.42558 -0.48412 0.82683 0.28632 -0.48412 0.82683 0.28632 -0.17084 0.98011 0.10104 -0.17084 0.98011 0.10104 -0.60127 0.19176 0.7757 -0.51218 0.5487 0.66076 -0.51218 0.5487 0.66076 -0.34458 0.82683 0.44454 -0.34458 0.82683 0.44454 -0.12159 0.98011 0.15687 -0.12159 0.98011 0.15687 0.22123 0.96583 -0.13502 0.17684 0.98073 -0.08305 0.18482 0.98073 -0.06333 0.00094 1 -0.00024 0.18925 0.98077 -0.0477 0.80948 0.5552 -0.19105 0.59966 0.78787 -0.14025 0.54246 0.8311 -0.12252 0.4961 0.86049 -0.11596 0.21582 0.97456 -0.06049 0.97477 0.03435 -0.22056 0.96994 0.10776 -0.21818 0.95649 0.2009 -0.21156 0.95761 0.19478 -0.21224 0.90359 0.3744 -0.20821 0.76755 0.61779 -0.17088 0.18482 0.98073 -0.06333 0.52611 0.83109 -0.18029 0.52611 0.83109 -0.18029 0.78693 0.555 -0.26966 0.78693 0.555 -0.26966 0.92787 0.19482 -0.31796 0.92787 0.19481 -0.31796 0.87186 0.19506 -0.44924 0.17684 0.98073 -0.08305 0.5034 0.83109 -0.2364 0.50339 0.83109 -0.2364 0.75295 0.555 -0.3536 0.75295 0.555 -0.3536 0.90214 0.08158 -0.42366 0.89503 0.19497 -0.40113 0.17101 0.98078 -0.09391 0.51642 0.79307 -0.32303 0.47472 0.83109 -0.28972 0.67757 0.6082 -0.41352 0.70775 0.55488 -0.43727 0.82813 0.25836 -0.49744 0.83723 0.19481 -0.51097 -0.60796 0.79328 -0.03292 -0.26059 0.96453 -0.04216 -0.73043 0.67128 -0.12595 -0.98437 0.03123 -0.1733 -0.91428 0.39985 -0.06483 -0.94156 0.31536 -0.11837 -0.97118 0.17991 -0.15633 -0.98082 0.09752 -0.16874 -0.68572 0.72786 0.00265 -0.02585 0.99962 0.00933 -0.95081 0.25882 -0.1702 -0.95354 0.2588 -0.15425 -0.95354 0.25879 -0.15425 -0.95714 0.2588 -0.13002 -0.94097 0.3154 -0.12285 -0.97936 0.19504 -0.05302 -0.95925 0.25881 -0.11336 -0.96167 0.25878 -0.09069 -0.96167 0.25877 -0.09069 -0.9643 0.25879 -0.0562 -0.8956 0.4422 -0.04849 -0.79227 0.60867 -0.04289 -0.70579 0.70708 -0.04355 -0.70405 0.70704 -0.0664 -0.70404 0.70705 -0.0664 -0.70121 0.70705 -0.09155 -0.7012 0.70706 -0.09154 -0.69807 0.70707 -0.11292 -0.69806 0.70708 -0.11292 -0.68404 0.70565 -0.18482 -0.32024 0.94727 -0.01129 -0.25556 0.96592 -0.0411 -0.25667 0.96592 -0.03351 -0.25668 0.96592 -0.03351 -0.25771 0.96592 -0.0243 -0.25772 0.96591 -0.02431 -0.25849 0.96591 -0.014 -0.2585 0.96591 -0.014 -1E-05 1 -0.00025 -0.00133 0.99832 -0.058 -0.24143 0.97013 -0.02344 -0.24314 0.95995 -0.13923 -0.4831 0.82489 -0.29353 -0.49021 0.86467 -0.10975 -0.39689 0.91337 -0.0908 -0.39336 0.91918 0.01937 -0.00323 0.99625 -0.08645 -0.00125 1 -7E-05 0.50946 0.8396 -0.18849 0.48582 0.8511 -0.199 -0.77911 0.56956 -0.26191 -0.71353 0.69646 -0.07636 -0.30092 0.91526 -0.26785 -0.3026 0.94881 -0.09049 -0.08275 0.9886 -0.12578 -0.08174 0.99556 -0.04674 0.50402 0.84142 -0.19489 0.77964 0.6058 -0.15863 0.75838 0.49669 -0.42209 -0.87373 0.4085 -0.26406 -0.77985 0.5761 -0.24481 -0.50372 0.74076 -0.44446 -0.50667 0.85009 -0.1436 -0.10354 0.96733 -0.23141 -0.10304 0.98827 -0.11272 0.07994 0.99019 -0.11463 0.08061 0.99551 -0.04967 -8E-05 0.99831 -0.05803 0.00125 1 -0.00014 0.21045 0.86629 -0.45305 0.50987 0.78024 -0.36231 0.59477 0.70237 -0.39106 0.86383 0.48213 -0.14613 0.85822 0.27327 -0.43449 -0.90187 0.24798 -0.35376 -0.87347 0.37807 -0.30679 -0.5876 0.55695 -0.58696 -0.58781 0.73851 -0.33028 -0.17618 0.87053 -0.4595 -0.17687 0.9626 -0.20522 0.09992 0.97298 -0.20815 0.10097 0.987 -0.12505 0.24051 0.96488 -0.10566 0.24083 0.97003 -0.03215 0.39384 0.91916 0.00554 -0.21932 0.70962 -0.66958 0.21083 0.71183 -0.66996 0.22353 0.69889 -0.67941 0.59459 0.59635 -0.53929 0.62542 0.54287 -0.56049 0.89818 0.35186 -0.26356 0.89383 0.14396 -0.42466 -0.63182 0.38529 -0.67258 -0.2182 0.46974 -0.85541 -0.22387 0.47591 -0.85052 0.22321 0.47673 -0.85024 0.22921 0.46903 -0.85292 0.62352 0.38983 -0.67768 0.63806 0.35868 -0.68134 0.91264 0.22156 -0.3435 -0.91415 0.13664 -0.38165 -0.9011 0.22946 -0.36793 -0.61721 0.36385 -0.69761 -0.61882 0.58274 -0.52676 -0.20737 0.70065 -0.68271 -0.20781 0.8768 -0.43364 0.17676 0.88275 -0.43533 0.17715 0.95918 -0.22043 0.29945 0.93358 -0.19689 0.30083 0.94513 -0.12741 0.48804 0.87017 -0.068 0.39294 0.90475 -0.16442 -0.91681 0.04429 -0.39685 -0.91222 0.07785 -0.40223 -0.63602 0.12791 -0.761 -0.63154 0.13741 -0.76307 -0.22478 0.16774 -0.95986 -0.22303 0.17004 -0.95987 0.2305 0.17004 -0.9581 0.22864 0.16771 -0.95896 0.63983 0.13699 -0.75621 0.63527 0.12839 -0.76155 0.91738 0.07707 -0.39049 0.91204 0.04485 -0.40764 -0.54861 -0.793 -0.26491 -0.90622 -0.04585 0.42031 -0.84542 -0.39124 0.36359 -0.88149 -0.25463 0.39766 -0.89944 -0.13998 0.41402 -0.61797 -0.73843 0.26988 -0.09427 -0.99543 -0.01508 -0.12033 -0.99271 0.0063 -0.21571 -0.97346 0.07649 -0.86989 -0.25853 -0.42006 -0.86989 -0.25853 -0.42006 -0.9069 -0.25853 -0.33271 -0.9069 -0.25852 -0.33271 -0.93516 -0.25853 -0.24216 -0.93516 -0.25853 -0.24216 -0.9544 -0.25853 -0.14927 -0.9544 -0.25853 -0.14927 -0.96444 -0.25853 -0.05495 -0.96444 -0.25853 -0.05495 -0.96518 -0.25853 0.03991 -0.96518 -0.25853 0.03991 -0.95661 -0.25853 0.13438 -0.95661 -0.25853 0.13438 -0.93882 -0.25853 0.22755 -0.93882 -0.25853 0.22755 -0.91198 -0.25853 0.31854 -0.91197 -0.25853 0.31854 -0.87721 -0.25855 0.40453 -0.7619 -0.54459 0.35061 -0.71474 -0.6083 -0.34514 -0.64144 -0.7069 -0.29808 -0.66424 -0.70668 -0.24369 -0.66424 -0.70668 -0.24369 -0.68494 -0.70668 -0.17737 -0.68494 -0.70668 -0.17737 -0.69903 -0.70668 -0.10933 -0.69903 -0.70668 -0.10933 -0.70639 -0.70668 -0.04025 -0.70639 -0.70668 -0.04025 -0.70693 -0.70668 0.02923 -0.70693 -0.70668 0.02923 -0.70065 -0.70668 0.09842 -0.70065 -0.70668 0.09842 -0.68762 -0.70668 0.16667 -0.68762 -0.70668 0.16667 -0.66796 -0.70668 0.23331 -0.66796 -0.70668 0.23331 -0.6442 -0.70681 0.29228 -0.37464 -0.91178 0.16821 -0.23333 -0.96585 -0.11267 -0.23333 -0.96585 -0.11267 -0.24326 -0.96585 -0.08924 -0.24326 -0.96585 -0.08924 -0.25084 -0.96585 -0.06495 -0.25084 -0.96585 -0.06495 -0.256 -0.96585 -0.04004 -0.256 -0.96585 -0.04004 -0.25869 -0.96585 -0.01474 -0.25869 -0.96585 -0.01474 -0.25889 -0.96585 0.0107 -0.25889 -0.96585 0.0107 -0.25659 -0.96585 0.03604 -0.25659 -0.96585 0.03604 -0.25182 -0.96585 0.06104 -0.25182 -0.96585 0.06104 -0.24462 -0.96585 0.08544 -0.24462 -0.96585 0.08544 -0.23716 -0.9659 0.10388 -0.54668 -0.6753 0.49508 0.86764 -0.48337 0.11644 6E-05 -1 0.00028 0.00262 -0.99992 0.01201 -0.04105 -0.99903 0.01563 -0.02793 -0.99678 0.07518 -0.19942 -0.95767 0.20763 -0.23032 -0.97032 0.07375 -0.05784 -0.9956 0.07378 -0.07088 -0.99738 0.01462 0.00233 -0.99984 0.01772 -0.00137 -1 0.0004 -0.60394 -0.74751 0.27655 -0.06546 -0.96479 0.25475 -0.09034 -0.96322 0.25306 -0.1347 -0.9888 0.06422 -0.00307 -0.99856 0.05354 -0.01195 -0.99984 0.01313 0.77686 -0.62265 0.09377 -0.71782 -0.48466 0.49984 -0.61471 -0.67324 0.41095 -0.29568 -0.80403 0.51585 -0.37354 -0.90538 0.20189 -0.00755 -0.9824 0.18663 -0.03762 -0.99781 0.0545 0.0238 -0.99888 0.04085 0.01638 -0.99984 0.00704 0.00397 -0.99993 0.01153 0.00141 -1 -0.0002 -0.75094 -0.32937 0.57236 -0.70921 -0.46229 0.53226 -0.37921 -0.60463 0.70045 -0.44603 -0.78863 0.42323 -0.03876 -0.89593 0.4425 -0.10055 -0.97737 0.18613 0.08236 -0.98603 0.14477 0.05785 -0.9977 0.03523 0.05264 -0.99792 0.03717 0.0439 -0.99903 -0.00265 0.07052 -0.99738 -0.01627 0.94355 -0.1974 0.26598 0.94795 -0.27302 0.16388 0.75218 -0.39548 0.52709 0.88916 -0.36156 0.28048 0.90227 -0.42385 0.0791 0.70106 -0.58747 0.40422 0.7292 -0.43484 0.52837 0.40686 -0.50317 0.76242 0.66483 -0.74666 -0.02247 0.70084 -0.70192 0.12704 0.60915 -0.75994 0.22675 0.65058 -0.64887 0.39461 0.35515 -0.72829 0.58605 0.39702 -0.51328 0.76087 -0.00985 -0.512 0.85893 0.26923 -0.95765 0.10209 0.17124 -0.96447 0.20119 0.43164 -0.90135 0.03528 0.48286 -0.84082 0.24468 0.27993 -0.8913 0.35668 0.33417 -0.74353 0.57921 -0.04776 -0.74043 0.67043 8E-05 -0.50416 0.86361 -0.42529 -0.42796 0.79748 -0.76108 -0.18763 0.62093 -0.74101 -0.28545 0.6078 -0.3952 -0.40233 0.8258 -0.44229 -0.62992 0.63842 -0.02688 -0.73042 0.68247 -0.08892 -0.90012 0.42646 0.22907 -0.90746 0.3522 0.17591 -0.97593 0.12887 0.17752 -0.97573 0.12819 0.1507 -0.98856 0.0066 0.23768 -0.97049 -0.04061 0.09035 -0.9931 0.07479 -0.76034 -0.06277 0.64648 -0.75011 -0.09952 0.65378 -0.40674 -0.14562 0.90186 -0.39844 -0.1583 0.90343 0.0185 -0.18647 0.98229 0.02134 -0.18963 0.98162 0.43704 -0.18962 0.87923 0.43427 -0.18641 0.88128 0.77587 -0.15754 0.61091 0.77015 -0.14633 0.62085 0.97021 -0.09805 0.22156 0.96696 -0.06371 0.24685 -0.85075 -0.19504 -0.48805 -0.6994 -0.55541 -0.44985 -0.494 -0.81388 -0.30589 -0.47357 -0.83146 -0.29052 -0.21357 -0.96624 -0.14412 -0.16593 -0.98078 -0.10263 -0.00081 -1 -0.0005 -0.8446 -0.02959 -0.53457 -0.84178 -0.09313 -0.53173 -0.83382 -0.17434 -0.52378 -0.83113 -0.19506 -0.52074 -0.7981 -0.32756 -0.5057 -0.66768 -0.61644 -0.41738 -0.84068 -0.25879 -0.4757 -0.71935 -0.55551 -0.41707 -0.68822 -0.60867 -0.39481 -0.48198 -0.83141 -0.2765 -0.52533 -0.79321 -0.30797 -0.17317 -0.98072 -0.09059 -0.22455 -0.96591 -0.12882 0.96553 -0.25877 0.02811 0.90286 -0.42988 0.00693 0.00105 -1 3E-05 0.71868 -0.67598 0.16294 0.97466 -0.03224 0.22137 0.913 -0.34597 0.21618 0.95696 -0.18932 0.21998 0.97001 -0.10116 0.22101 0.55393 -0.82044 0.14159 0.06955 -0.99746 -0.01561 0.82234 -0.56898 0.00353 0.71325 -0.6953 -0.0885 0.69881 -0.71499 0.02127 0.38422 -0.92318 0.01103 0.19916 -0.97997 -0.00176 0.99877 -0.04933 0.00535 0.98898 -0.14761 -0.01149 0.96389 -0.25879 0.06287 0.97444 -0.21395 0.06855 0.96244 -0.25882 0.08195 0.96017 -0.25877 0.10541 0.96017 -0.25878 0.10541 0.25873 -0.96591 0.00814 0.25823 -0.96591 0.01817 0.25823 -0.96591 0.01817 0.25732 -0.96591 0.02825 0.25732 -0.96591 0.02825 0.25613 -0.96592 0.03741 0.25613 -0.96592 0.03741 0.2546 -0.96591 0.04682 0.2546 -0.96591 0.04682 0.25279 -0.96592 0.05567 0.04199 -0.99851 0.03486 0.25342 -0.96574 0.05584 0.68993 -0.70705 0.15519 0.69552 -0.70703 0.1279 0.69552 -0.70703 0.1279 0.69973 -0.70706 0.1022 0.69973 -0.70706 0.10219 0.70295 -0.70704 0.07717 0.70295 -0.70704 0.07717 0.70543 -0.70704 0.04963 0.70544 -0.70703 0.04963 0.70688 -0.70703 0.02058 0.96553 -0.25876 0.02811 0.96456 -0.25834 -0.05381 0.96546 -0.25539 -0.05165 0.95665 -0.25881 0.13359 0.96557 -0.21863 0.14102 0.95431 -0.25881 0.14935 0.95001 -0.25877 0.17469 0.95001 -0.25877 0.17469 0.94225 -0.25877 0.21259 0.85374 -0.47498 0.21335 -0.00113 -1 -0.00053 0.00117 -1 0.00044 0.03445 -0.99641 -0.07737 0.25158 -0.96461 0.07894 0.29676 -0.95463 -0.02474 0.57477 -0.81618 -0.05901 0.51613 -0.85109 0.09621 0.4297 -0.89877 0.087 0.387 -0.9043 0.18018 0.82073 -0.56537 0.08219 0.68643 -0.69662 0.20865 0.39286 -0.91198 -0.11814 0.32769 -0.94392 0.04033 0.13142 -0.98801 -0.08108 0.09982 -0.99497 -0.00811 0.01793 -0.9989 -0.04324 7E-05 -1 -0.00017 0.90772 -0.4042 0.11256 0.81516 -0.57115 0.09643 0.64288 -0.73922 -0.20063 0.52637 -0.84714 0.07277 0.18926 -0.96738 -0.16838 0.14353 -0.98774 -0.06147 -0.03622 -0.98955 -0.13956 -0.06285 -0.995 -0.07756 0.96835 -0.24569 0.04395 0.92337 -0.3762 0.0765 0.7761 -0.55639 -0.2968 0.67257 -0.73739 -0.06253 0.34717 -0.87064 -0.34851 0.24542 -0.96258 -0.11493 -0.01612 -0.97266 -0.23168 -0.04914 -0.98648 -0.15635 -0.20098 -0.95942 -0.19781 -0.2308 -0.96468 -0.12699 -0.39788 -0.90432 -0.15457 0.05029 -0.99142 -0.12067 -0.64653 -0.14411 -0.74916 -0.69559 -0.22037 -0.6838 -0.30729 -0.359 -0.8813 -0.61211 -0.2729 -0.74219 -0.71517 -0.34969 -0.60518 -0.34555 -0.54327 -0.76515 -0.2959 -0.38928 -0.8723 0.13665 -0.46944 -0.87232 -0.53304 -0.49345 -0.6873 -0.73243 -0.47866 -0.48418 -0.38772 -0.7023 -0.59704 -0.3268 -0.59522 -0.73411 0.07083 -0.69957 -0.71105 0.14077 -0.4767 -0.86772 0.5503 -0.47619 -0.68586 -0.33429 -0.80655 -0.48757 -0.69273 -0.63062 -0.34992 -0.39585 -0.83765 -0.37635 -0.32539 -0.77774 -0.53781 -0.01014 -0.86706 -0.49809 0.07806 -0.71173 -0.6981 0.47242 -0.71004 -0.52217 0.54702 -0.46983 -0.69284 0.85104 -0.38514 -0.35692 0.9905 -0.1354 0.0241 0.97301 -0.2286 0.0317 0.84791 -0.36359 -0.38582 0.78003 -0.58232 -0.22904 0.46668 -0.70074 -0.5396 0.36585 -0.87718 -0.31097 0.01157 -0.88251 -0.47015 -0.07628 -0.95955 -0.27099 -0.21351 -0.92907 -0.30206 -0.2411 -0.94025 -0.24042 -0.44399 -0.85712 -0.26119 -0.33138 -0.89024 -0.31252 0.99897 -0.04387 0.01157 0.99697 -0.07761 0.00483 0.8908 -0.12787 -0.43604 0.88756 -0.13736 -0.43974 0.59569 -0.16773 -0.78551 0.59402 -0.17015 -0.78625 0.17841 -0.17005 -0.96915 0.18031 -0.16788 -0.96918 -0.2783 -0.13688 -0.95069 -0.27211 -0.12846 -0.95365 -0.68075 -0.07666 -0.72849 -0.66913 -0.04486 -0.74179 0.21168 -0.96591 0.14906 0.20407 -0.96591 0.15932 0.1497 -0.98078 0.12511 0.34871 -0.89682 0.27223 0.47995 -0.79326 0.37469 0.55347 -0.70691 0.4404 0.21168 -0.96591 0.14906 0.57824 -0.707 0.40717 0.57824 -0.707 0.40717 0.78979 -0.25874 0.55614 0.78979 -0.25874 0.55614 0.7731 -0.19504 0.60355 0.75837 -0.25871 0.59829 0.70699 -0.44218 0.55194 0.62542 -0.60865 0.48826 0.85515 -0.19223 0.48143 0.85515 -0.19223 0.48143 0.78386 -0.43684 0.44129 0.78385 -0.43685 0.44129 0.69524 -0.60287 0.3914 0.69523 -0.60288 0.3914 0.53559 -0.78881 0.30153 0.5356 -0.7888 0.30153 0.39018 -0.89415 0.21966 0.39018 -0.89415 0.21966 0.17253 -0.9802 0.09713 0.17253 -0.9802 0.09713 -0.26515 -0.96417 0.00839 -0.23407 -0.96417 0.12485 -0.15466 -0.96417 0.21554 -0.04331 -0.96417 0.26172 0.07698 -0.96417 0.25387 0.18136 -0.96417 0.19361 -0.96712 -0.25249 0.0306 -0.96712 -0.25249 0.0306 -0.85374 -0.25249 0.45539 -0.85374 -0.25249 0.45539 -0.56409 -0.25249 0.78616 -0.56409 -0.25249 0.78616 -0.158 -0.25249 0.95461 -0.15799 -0.25249 0.95461 0.28074 -0.25249 0.92598 0.28074 -0.25249 0.92598 0.66151 -0.25249 0.70615 0.66151 -0.25248 0.70616 -0.71605 -0.69768 0.02266 -0.71605 -0.69768 0.02266 -0.63211 -0.69768 0.33717 -0.63211 -0.69768 0.33717 -0.41766 -0.69768 0.58208 -0.41766 -0.69767 0.58207 -0.11698 -0.69767 0.7068 -0.11697 -0.69768 0.7068 0.20786 -0.69768 0.6856 0.20787 -0.69768 0.68558 0.48978 -0.69768 0.52284 0.48978 -0.69768 0.52284 0.18364 -0.98078 0.06587 0.24705 -0.96586 0.07796 0.41632 -0.89687 0.14933 0.90921 -0.25881 0.32612 0.92761 -0.19509 0.31856 0.84421 -0.44228 0.30281 0.66559 -0.7071 0.23874 0.75542 -0.60862 0.24275 0.57302 -0.79335 0.20553 0.90612 -0.25882 0.33461 0.90612 -0.25882 0.33461 0.66333 -0.7071 0.24496 0.66332 -0.70711 0.24496 0.24279 -0.96593 0.08966 0.2428 -0.96593 0.08966 -0.95187 -0.25881 -0.16417 -0.95188 -0.2588 -0.16417 -0.69683 -0.70709 -0.12018 -0.69684 -0.70709 -0.12018 -0.25506 -0.96592 -0.04399 -0.25507 -0.96592 -0.04399 -0.94852 -0.25881 -0.18258 -0.94852 -0.25881 -0.18258 -0.69437 -0.7071 -0.13366 -0.69438 -0.70709 -0.13366 -0.25416 -0.96592 -0.04892 -0.25417 -0.96592 -0.04892 0.73043 -0.25328 -0.63429 0.40069 -0.25328 -0.88051 -0.00156 -0.1908 -0.98163 0.06273 -0.25618 -0.96459 0.11209 -0.7066 -0.69868 -0.00127 -0.59989 -0.80008 -0.00143 -0.43406 -0.90088 0.25369 -0.9644 -0.07471 0.6861 -0.69888 -0.20207 0.6861 -0.69888 -0.20207 0.92798 -0.25328 -0.2733 0.92798 -0.25328 -0.2733 0.26179 -0.9644 0.03749 0.70802 -0.69888 0.1014 0.70802 -0.69888 0.1014 0.95762 -0.25328 0.13714 0.95762 -0.25328 0.13714 0.15556 -0.96073 -0.22976 -0.00072 -0.89274 -0.45057 -0.00098 -0.78648 -0.61762 0.40069 -0.25328 -0.88051 0.29625 -0.69888 -0.651 0.29625 -0.69888 -0.651 0.10954 -0.9644 -0.24071 0.73043 -0.25328 -0.63429 0.54004 -0.69888 -0.46896 0.54004 -0.69888 -0.46896 0.19968 -0.9644 -0.1734 -0.06808 -0.96415 -0.25646 -0.17495 -0.96415 -0.1995 -0.24538 -0.96415 -0.10098 0.12355 -0.7854 -0.60653 0.17995 -0.43278 -0.88336 0.19595 -0.19015 -0.962 0.13412 -0.25539 -0.95749 -0.24827 -0.25242 -0.93522 -0.24828 -0.25243 -0.93522 -0.638 -0.25243 -0.72748 -0.638 -0.25242 -0.72749 -0.89481 -0.25243 -0.36822 -0.89481 -0.25243 -0.36822 0.15991 -0.5985 -0.785 0.03651 -0.70595 -0.70732 -0.18384 -0.6976 -0.6925 -0.18384 -0.69759 -0.69251 -0.47242 -0.69759 -0.53869 -0.47242 -0.69759 -0.53869 -0.66259 -0.69759 -0.27266 -0.66259 -0.69759 -0.27266 0.09019 -0.8921 -0.44275 -0.09655 -0.96209 -0.25508 0.31169 -0.19402 -0.93016 -0.08576 -0.60653 -0.79042 0.05992 -0.82997 -0.55458 0.06234 -0.98057 -0.18602 0.02108 -0.98057 -0.19505 0.02108 -0.98057 -0.19505 -0.02116 -0.98057 -0.19504 -0.07945 -0.79228 -0.60496 -0.04793 -0.89584 -0.44178 -0.02116 -0.98057 -0.19504 0.08949 -0.55333 -0.82814 -0.08984 -0.55333 -0.8281 -0.12505 -0.44122 -0.88864 0.06234 -0.98057 -0.18602 0.14119 -0.89585 -0.42132 0.18628 -0.82946 -0.52658 0.19413 -0.79164 -0.57933 0.25262 -0.60653 -0.75386 -0.06017 -0.82997 -0.55456 0.05993 -0.82997 -0.55459 0.08948 -0.55334 -0.82813 0.27395 -0.55283 -0.78697 0.28529 -0.44018 -0.85138 -0.10581 -0.19401 -0.97528 -0.10581 -0.19401 -0.97528 0.05265 -0.19483 -0.97942 0.10712 -0.07606 -0.99133 0.15778 -0.19481 -0.96807 0.3117 -0.19399 -0.93017 0.85515 0.19223 0.48143 0.85515 0.19223 0.48143 0.78386 0.43684 0.44129 0.71969 0.55085 0.42263 0.69523 0.60287 0.39141 0.53559 0.78881 0.30153 0.4789 0.82879 0.28943 0.23808 0.96576 0.10304 0.17253 0.9802 0.09713 0.90612 0.25882 0.33461 0.24279 0.96593 0.08966 0.66333 0.7071 0.24496 0.24279 0.96593 0.08966 0.24363 0.96592 0.08738 0.24363 0.96592 0.08738 0.57302 0.79335 0.20553 0.67009 0.707 0.22611 0.66332 0.70711 0.24495 0.90612 0.25882 0.33461 0.92319 0.19509 0.33114 0.91256 0.25879 0.31665 0.84421 0.44228 0.30281 0.74678 0.60875 0.26786 0.15956 0.98077 0.11236 0.15382 0.98077 0.12009 0.15956 0.98077 0.11236 0.36172 0.89682 0.25471 0.45628 0.83135 0.31729 0.15382 0.98077 0.12009 0.43802 0.83139 0.34196 0.43802 0.83139 0.34196 0.65545 0.55546 0.51171 0.65545 0.55546 0.51171 0.73335 0.4422 0.51639 0.6818 0.55542 0.47608 0.64874 0.60865 0.45682 0.49784 0.79326 0.35056 0.80193 0.19502 0.56469 0.80193 0.19504 0.56469 0.7731 0.19504 0.60355 0.7731 0.19504 0.60355 0.54004 0.69888 -0.46896 0.95762 0.25328 0.13714 0.73043 0.25328 -0.63429 0.73043 0.25328 -0.63429 0.92798 0.25328 -0.2733 0.26179 0.9644 0.03749 0.70802 0.69888 0.1014 0.70802 0.69888 0.1014 0.6861 0.69888 -0.20207 0.25369 0.9644 -0.07471 0.10954 0.9644 -0.24071 0.29625 0.69888 -0.651 0.29625 0.69888 -0.651 0.40069 0.25328 -0.88051 0.40069 0.25328 -0.88051 -0.00042 0.9644 -0.26446 -0.00114 0.69888 -0.71524 -0.00114 0.69888 -0.71524 -0.00154 0.25328 -0.96739 -0.00154 0.25328 -0.96739 0.95762 0.25328 0.13714 0.92798 0.25328 -0.2733 0.6861 0.69888 -0.20207 0.54004 0.69888 -0.46896 0.19968 0.9644 -0.1734 0.05098 0.96201 0.26821 -0.15466 0.96417 0.21554 -0.23407 0.96417 0.12485 -0.26515 0.96417 0.00839 0.20786 0.69768 0.68559 -0.96712 0.25249 0.0306 -0.96712 0.25249 0.0306 -0.85374 0.25249 0.45539 0.67119 0.19016 0.71648 0.61591 0.25545 0.74525 0.28074 0.25249 0.92598 0.28074 0.25249 0.92598 -0.158 0.25249 0.95461 -0.71605 0.69768 0.02266 -0.71605 0.69768 0.02266 -0.63211 0.69768 0.33717 -0.63211 0.69768 0.33718 -0.41766 0.69768 0.58207 -0.56409 0.25249 0.78616 -0.15799 0.25249 0.95461 -0.11698 0.69768 0.7068 0.20788 0.69768 0.68559 0.07698 0.96417 0.25387 0.61627 0.43294 0.65786 0.54765 0.5986 0.58461 0.40146 0.706 0.58343 0.42311 0.78547 0.45168 0.30885 0.89214 0.3297 -0.85374 0.25249 0.45539 -0.56409 0.25249 0.78616 -0.41766 0.69767 0.58208 -0.11697 0.69767 0.7068 -0.04331 0.96417 0.26172 -0.03495 0.96571 -0.25725 -0.03495 0.96571 -0.25725 0.00694 0.96571 -0.25952 0.00694 0.96571 -0.25951 0.04865 0.96571 -0.25501 0.04865 0.96571 -0.25501 0.08909 0.96571 -0.24384 0.08909 0.96571 -0.24384 -0.09535 0.70595 -0.70181 -0.09535 0.70594 -0.70182 0.01894 0.70594 -0.70801 0.01894 0.70595 -0.70801 0.13274 0.70595 -0.69572 0.13274 0.70595 -0.69572 0.24306 0.70595 -0.66525 0.24306 0.70595 -0.66525 -0.13007 0.25803 -0.95734 -0.13007 0.25804 -0.95734 0.02584 0.25804 -0.96579 0.02583 0.25802 -0.96579 0.18106 0.25802 -0.94902 0.18107 0.25803 -0.94902 0.33156 0.25803 -0.90746 0.33156 0.25803 -0.90746 -0.94779 0.25881 -0.1863 -0.94779 0.25882 -0.1863 -0.69383 0.7071 -0.13638 -0.69383 0.7071 -0.13638 -0.25396 0.96593 -0.04992 -0.25396 0.96593 -0.04992 -0.95082 0.25878 -0.17021 -0.95082 0.2588 -0.1702 -0.69609 0.70706 -0.12461 -0.69607 0.70708 -0.1246 -0.2548 0.96592 -0.04561 -0.25479 0.96592 -0.04561 -0.18384 0.69759 -0.69251 -0.24827 0.25243 -0.93522 -0.24828 0.25242 -0.93522 0.19313 0.25242 -0.94815 0.19315 0.25243 -0.94814 0.05296 0.96415 -0.26001 0.14301 0.69759 -0.70208 -0.17495 0.96415 -0.1995 -0.47242 0.69759 -0.53869 -0.47242 0.69759 -0.53869 -0.638 0.25243 -0.72749 -0.638 0.25242 -0.72748 -0.24538 0.96415 -0.10098 -0.66259 0.69759 -0.27266 -0.66259 0.69759 -0.27266 -0.89481 0.25243 -0.36822 -0.89481 0.25243 -0.36822 0.14302 0.6976 -0.70207 -0.18384 0.6976 -0.69251 -0.06808 0.96415 -0.25646 0.99841 0.05061 0.02494 0.53941 0.83288 0.12389 0.25494 0.96526 0.05722 0.9735 0.03193 0.22645 0.9689 0.10016 0.2263 0.95599 0.18728 0.22584 0.91287 0.34133 0.22395 0.98773 0.15447 0.02304 0.95965 0.28062 0.01816 0.96575 0.25874 0.0196 0.89857 0.43822 0.02311 0.25874 0.96592 0.00769 0.03478 0.99914 -0.02269 0.07259 0.99721 -0.01768 0.20089 0.97961 -0.003 0.38521 0.92277 0.01021 0.70687 0.70705 0.02012 0.6392 0.76898 0.00952 0.81449 0.5798 0.02076 0.94811 0.25877 0.18472 0.94022 0.25878 0.22142 0.8508 0.48715 0.19702 0.70306 0.70703 0.07619 0.70306 0.70704 0.07619 0.70104 0.70711 0.09241 0.70104 0.70711 0.09241 0.69888 0.70704 0.108 0.69888 0.70704 0.108 0.69412 0.70704 0.13524 0.69413 0.70703 0.13524 0.68775 0.70702 0.16471 0.72107 0.6723 0.16756 0.96254 0.25882 0.08084 0.96032 0.25877 0.10407 0.96032 0.25877 0.10407 0.95764 0.25882 0.12624 0.95764 0.25882 0.12624 0.95627 0.25881 0.13623 0.9676 0.20347 0.14952 0.95347 0.2588 0.15463 0.94811 0.25877 0.18472 0.25829 0.96591 0.01735 0.25736 0.96591 0.02789 0.25736 0.96591 0.02789 0.2566 0.96593 0.03383 0.2566 0.96593 0.03383 0.25583 0.96591 0.03953 0.25583 0.96591 0.03953 0.25409 0.96591 0.0495 0.25409 0.96591 0.0495 0.25245 0.96592 0.05713 0.00089 1 0.0002 0.25829 0.96591 0.01735 0.7056 0.70703 0.04739 0.70559 0.70703 0.04739 0.96377 0.25876 0.06473 0.97571 0.21019 0.06166 0.71161 0.67452 0.19656 -0.61086 0.75633 0.23414 -0.00137 1 0.0004 0.00141 1 -0.0002 0.0052 0.99984 0.01713 0.04384 0.99903 -0.00292 0.05686 0.99678 0.05656 0.26923 0.95765 0.10209 0.23995 0.97029 -0.03111 0.0834 0.99561 0.04253 0.07052 0.99738 -0.01627 0.66483 0.74666 -0.02247 0.17124 0.96447 0.20119 0.19027 0.96316 0.19008 0.14938 0.98878 0.00087 0.02522 0.99856 0.04734 0.01638 0.99984 0.00704 0.0022 0.99995 0.01009 6E-05 1 0.00028 0.86764 0.48337 0.11644 0.735 0.67284 0.08409 0.49696 0.80359 0.32754 0.42557 0.9048 0.01502 0.08695 0.98236 0.16558 0.05741 0.9978 0.0333 -0.00448 0.99888 0.04715 -0.01193 0.99984 0.01322 0.93051 0.32805 0.16288 0.87419 0.46304 0.1462 0.65854 0.60397 0.44893 0.59068 0.78846 0.17158 0.23464 0.89559 0.37797 0.1741 0.97716 0.12183 -0.01211 0.98591 0.16685 -0.03719 0.99772 0.05639 -0.03218 0.99791 0.05598 -0.04105 0.99903 0.01563 -0.07098 0.99738 0.01417 0.00433 0.99962 0.02714 -0.7151 0.1985 0.67024 -0.76522 0.27262 0.5832 -0.4239 0.39604 0.81453 -0.662 0.3631 0.65568 -0.7642 0.42338 0.48656 -0.43594 0.58833 0.68104 -0.40344 0.43445 0.80529 -0.00897 0.50354 0.86393 -0.51208 0.63192 0.58176 -0.74231 0.57733 0.3401 -0.43739 0.76095 0.47921 -0.39656 0.64824 0.65002 -0.04515 0.72885 0.68318 -0.00153 0.51293 0.85843 0.40522 0.51229 0.7572 -0.20931 0.96349 0.16696 -0.05329 0.96533 0.25552 -0.3699 0.90206 0.2224 -0.31975 0.84011 0.43814 -0.08517 0.89183 0.44428 -0.0308 0.74302 0.66856 0.35131 0.74079 0.57255 0.39805 0.50382 0.76663 0.74538 0.42823 0.51092 0.96189 0.18667 0.19982 0.93769 0.28596 0.1974 0.7314 0.40187 0.55097 0.68668 0.63021 0.36236 0.3373 0.72994 0.59449 0.27472 0.90023 0.33781 -0.04496 0.90696 0.41881 -0.09905 0.9762 0.19292 -0.10501 0.97551 0.19327 -0.13344 0.98859 0.06994 -0.23234 0.97051 0.06423 -0.0507 0.99311 0.10565 0.973 0.06238 0.2222 0.96721 0.0997 0.23357 0.77733 0.14544 0.61205 0.77054 0.1584 0.6174 0.43732 0.18632 0.87979 0.43424 0.18975 0.88058 0.01849 0.18951 0.9817 0.02162 0.18656 0.98221 -0.40599 0.15745 0.90021 -0.39654 0.14649 0.90625 -0.75818 0.09789 0.64465 -0.74386 0.06412 0.66526 7E-05 1 -0.00017 0.02157 0.99841 -0.05202 -0.2308 0.96468 -0.12699 -0.18552 0.95462 -0.23299 -0.34981 0.81614 -0.45993 -0.42342 0.85121 -0.31007 -0.35778 0.89869 -0.25366 -0.39777 0.90432 -0.15486 0.03212 0.99642 -0.07823 -0.00113 1 -0.00053 0.54589 0.83713 0.03489 0.5426 0.83941 0.03129 -0.61646 0.56582 -0.54756 -0.61791 0.69787 -0.36216 -0.18224 0.91189 -0.36775 -0.25358 0.94396 -0.21129 -0.03117 0.98801 -0.15121 -0.06287 0.99501 -0.0775 0.72546 0.66533 0.17618 0.82073 0.56537 0.08219 0.86699 0.49281 -0.07393 -0.6961 0.40495 -0.59284 -0.62218 0.57073 -0.53587 -0.28758 0.73944 -0.60871 -0.41033 0.84747 -0.33677 -0.00653 0.96739 -0.25321 -0.05329 0.98774 -0.14673 0.1263 0.98958 -0.06916 0.09982 0.99497 -0.00811 0.02328 0.99841 -0.05126 0.00117 1 0.00044 0.37461 0.86679 -0.32915 0.61586 0.77809 -0.12365 0.70261 0.70179 -0.11761 0.85156 0.4787 0.21375 0.96094 0.27219 -0.05006 -0.68578 0.24633 -0.68485 -0.67946 0.3759 -0.63011 -0.30494 0.55664 -0.77276 -0.40779 0.73739 -0.53848 0.02149 0.87082 -0.49114 -0.08165 0.96268 -0.25804 0.17982 0.97281 -0.14599 0.1478 0.98645 -0.07128 0.2816 0.95947 0.011 0.25166 0.96461 0.07877 0.387 0.9043 0.18018 0.06695 0.70989 -0.70112 0.46236 0.71193 -0.52856 0.4773 0.69935 -0.53207 0.76216 0.59546 -0.25404 0.79812 0.54291 -0.26123 0.92907 0.34991 0.11999 0.98923 0.14358 -0.02832 -0.31026 0.38504 -0.86919 0.14257 0.46993 -0.87112 0.13543 0.4761 -0.8689 0.54568 0.47681 -0.68911 0.55206 0.46933 -0.68917 0.84357 0.38943 -0.36978 0.85807 0.35879 -0.36741 0.97396 0.22051 0.05263 -0.68576 0.1359 -0.71503 -0.6796 0.22842 -0.69711 -0.28709 0.36376 -0.88615 -0.35697 0.58219 -0.7305 0.08311 0.70093 -0.70837 -0.01738 0.87709 -0.48001 0.33811 0.88276 -0.32622 0.2515 0.95935 -0.12802 0.36587 0.92935 -0.04937 0.34052 0.94017 0.01105 0.49435 0.85708 0.14504 0.45468 0.89025 0.02684 -0.6821 0.04397 -0.72994 -0.67581 0.07755 -0.73299 -0.27864 0.1279 -0.95184 -0.27374 0.13736 -0.95194 0.17848 0.16782 -0.96953 0.18006 0.17011 -0.96883 0.59545 0.17008 -0.78519 0.59411 0.16779 -0.78669 0.88972 0.13687 -0.43551 0.88772 0.12843 -0.4421 0.99699 0.07672 0.01155 0.99898 0.04476 -0.00609 -0.55462 0.79262 -0.25328 -0.8865 0.25076 0.38889 -0.00107 1 0.00045 -0.1975 0.97704 0.07987 -0.33129 0.93293 0.14102 -0.91391 0.04456 0.40347 -0.81622 0.4414 -0.37275 -0.89224 0.19463 -0.40746 -0.89224 0.19462 -0.40746 -0.92783 0.19502 -0.31796 -0.88886 0.3755 -0.26255 -0.94796 0.19492 -0.25173 -0.97044 0.19462 -0.14273 -0.92076 0.36021 -0.14984 -0.97676 0.19507 -0.08887 -0.98087 0.19462 -0.00475 -0.98087 0.19462 -0.00475 -0.9778 0.19508 0.07652 -0.94258 0.30792 0.12931 -0.97003 0.19477 0.1453 -0.95107 0.19494 0.23973 -0.88938 0.38054 0.25335 -0.93178 0.195 0.30621 -0.89919 0.19472 0.39184 -0.9071 0.13624 0.39827 -0.81192 0.46093 0.35822 -0.76402 0.55491 0.32917 -0.80027 0.55461 0.22797 -0.80027 0.55461 0.22797 -0.82439 0.55461 0.11309 -0.82439 0.55461 0.11309 -0.8321 0.55461 -0.00403 -0.8321 0.55461 -0.00403 -0.82325 0.55461 -0.12108 -0.82325 0.55461 -0.12108 -0.79802 0.55461 -0.23572 -0.79802 0.55461 -0.23572 -0.75835 0.55473 -0.34232 -0.72233 0.6078 -0.32987 -0.56845 0.78305 0.2524 -0.51151 0.83108 0.21833 -0.53524 0.83083 0.15247 -0.53523 0.83083 0.15247 -0.55136 0.83083 0.07564 -0.55136 0.83083 0.07564 -0.55652 0.83083 -0.0027 -0.55652 0.83083 -0.0027 -0.55061 0.83083 -0.08098 -0.5506 0.83083 -0.08098 -0.53373 0.83083 -0.15765 -0.53373 0.83083 -0.15765 -0.5076 0.83094 -0.22776 -0.40313 0.89643 -0.1841 -0.07475 0.9971 0.01397 -0.18035 0.98075 0.07491 -0.18808 0.98069 0.05358 -0.18808 0.98069 0.05358 -0.19374 0.98069 0.02658 -0.19374 0.98069 0.02658 -0.19556 0.98069 -0.00095 -0.19556 0.98069 -0.00095 -0.19348 0.98069 -0.02846 -0.19348 0.98069 -0.02846 -0.18755 0.98069 -0.0554 -0.18755 0.98069 -0.0554 -0.17789 0.98069 -0.08124 -0.17789 0.98069 -0.08124 -0.77804 0.44221 -0.4462 -0.84467 0.02958 -0.53446 -0.77161 0.44072 -0.45868 -0.80658 0.32 -0.49703 -0.83389 0.17431 -0.52369 -0.84185 0.09311 -0.53163 -0.52347 0.79617 -0.30348 -0.22005 0.96592 -0.13629 -0.08681 0.99619 -0.00883 -0.85081 0.19505 -0.48793 -0.83505 0.25879 -0.48551 -0.81656 0.25877 -0.51601 -0.64352 0.64925 -0.40541 -0.68827 0.60867 -0.39472 -0.60956 0.70709 -0.35842 -0.59997 0.70706 -0.3743 -0.22959 0.96239 -0.14525 -0.16927 0.98078 -0.09708 -0.22159 0.96593 -0.13373 -0.38375 0.89683 -0.22008 -0.52816 0.79329 -0.30289 0.51753 -0.70274 0.48818 -0.1216 -0.60895 0.78384 -0.04301 -0.88919 0.45552 0.7552 -0.23521 0.61184 0.62944 -0.19105 0.7532 0.60121 -0.23843 0.76269 0.35118 -0.19698 0.91535 0.33749 -0.22389 0.91432 0.04428 -0.20729 0.97728 0.04306 -0.21073 0.9766 -0.18018 -0.2195 0.95883 -0.17627 -0.21263 0.9611 0.88831 -0.08744 0.45084 0.86542 -0.1411 0.48077 0.76989 -0.36034 0.5267 -0.12383 -0.61289 0.78041 0.02978 -0.60558 0.79523 0.03062 -0.6036 0.7967 0.233 -0.61515 0.7532 0.24473 -0.59991 0.76172 0.41699 -0.62872 0.65637 0.44416 -0.60309 0.66257 0.56478 -0.64627 0.51319 0.69315 -0.53233 0.48597 -0.04406 -0.89052 0.4528 0.01052 -0.88837 0.45902 0.01098 -0.8877 0.46029 0.0815 -0.89176 0.4451 0.08866 -0.88698 0.45321 0.14567 -0.89657 0.41826 0.16199 -0.88973 0.42678 0.1993 -0.90313 0.3803 0.22065 -0.89703 0.38296 0.57872 -0.80464 0.1328 0.97142 -0.22227 -0.08325 0.97829 -0.1613 -0.13011 0.82596 -0.5626 0.03563 0.19602 -0.93064 0.309 0.1951 -0.94937 0.24622 0.20602 -0.94847 0.24074 0.24844 -0.92031 0.30217 0.55531 -0.76479 0.3267 0.55406 -0.81858 0.15148 0.85055 -0.52589 0.00196 0.85729 -0.43626 0.27336 0.82519 -0.48436 0.29061 0.75509 -0.58632 0.29338 0.57501 -0.75225 0.32169 0.95215 -0.2203 0.21185 0.97747 0.10058 0.18555 0.9799 -0.16671 0.10954 -0.25946 -0.2148 0.94156 -0.25921 -0.21922 0.94061 -0.17905 -0.60628 0.77483 -0.17759 -0.6138 0.76923 -0.06501 -0.88408 0.46278 -0.06199 -0.89072 0.4503 -0.28231 -0.21181 0.93565 -0.28193 -0.21674 0.93463 -0.19427 -0.59916 0.7767 -0.19241 -0.60744 0.77071 -0.07061 -0.87685 0.47556 -0.06687 -0.88425 0.46221 0.96975 -0.19823 -0.14247 0.97748 -0.1959 -0.07849 0.97994 -0.19511 -0.04052 0.97995 -0.1951 -0.04052 0.83077 -0.55567 -0.03247 0.83082 -0.55559 -0.0325 0.55506 -0.83158 -0.01948 0.5552 -0.83149 -0.01952 0.19481 -0.98083 -0.00351 0.19506 -0.98079 -0.00358 0.97934 -0.1945 -0.05534 0.9792 -0.19522 -0.05528 0.8305 -0.55601 -0.03355 0.83072 -0.55567 -0.03359 0.5543 -0.83229 -0.00662 0.5556 -0.83142 -0.00678 0.19321 -0.98092 0.02132 0.19586 -0.9804 0.02105 0.97627 -0.19491 -0.09435 0.95413 -0.29015 -0.07378 0.83027 -0.55605 -0.03817 0.83012 -0.55629 -0.03813 0.55441 -0.83213 0.0141 0.556 -0.83107 0.01379 0.19267 -0.97916 0.06418 0.19671 -0.9784 0.06357 0.97445 -0.19391 -0.11337 0.97391 -0.19696 -0.11276 0.82979 -0.55621 -0.04558 0.82937 -0.55686 -0.0454 0.55501 -0.83132 0.02936 0.55629 -0.83048 0.029 0.19324 -0.97607 0.09969 0.19704 -0.97539 0.09889 0.96692 -0.19584 -0.16344 0.9568 -0.25896 -0.13222 0.82914 -0.55613 -0.05705 0.82804 -0.55782 -0.05648 0.55506 -0.83077 0.04152 0.55686 -0.8296 0.0409 0.19208 -0.97227 0.13342 0.19837 -0.97122 0.13185 0.96351 -0.19274 -0.18573 0.96247 -0.19982 -0.18363 0.82725 -0.55698 -0.07366 0.82581 -0.55924 -0.0727 0.55543 -0.83003 0.0505 0.55684 -0.82912 0.04989 0.19262 -0.96707 0.16637 0.19868 -0.96617 0.16446 0.95392 -0.1914 -0.2311 0.95251 -0.20267 -0.22729 0.82427 -0.55794 -0.09629 0.82181 -0.5619 -0.09433 0.55492 -0.83009 0.05486 0.55638 -0.82916 0.05412 0.19154 -0.96157 0.19672 0.19977 -0.96051 0.19368 -0.30048 -0.21305 0.92969 -0.30046 -0.21367 0.92955 -0.20555 -0.60139 0.77206 -0.20574 -0.60033 0.77283 -0.33615 -0.21423 0.91712 -0.33579 -0.21671 0.91667 -0.23 -0.60853 0.75947 -0.23153 -0.60401 0.76261 -0.09965 -0.88868 0.44756 -0.07972 -0.88633 0.45615 -0.08442 -0.87989 0.46761 -0.07264 -0.87869 0.47183 -0.07333 -0.87712 0.47464 -0.39206 -0.21834 0.89365 -0.39165 -0.22081 0.89323 -0.30653 -0.5273 0.79246 -0.27361 -0.61367 0.74064 -0.22929 -0.70212 0.67413 -0.09344 -0.89564 0.43485 0.97909 -0.19509 -0.05768 0.19477 -0.98079 -0.0108 0.19483 -0.98078 -0.01089 0.97909 -0.19506 -0.05773 0.89536 -0.44223 -0.05258 0.82587 -0.55427 -0.10351 0.79205 -0.60869 -0.04639 0.55466 -0.83145 -0.03216 0.60047 -0.79164 -0.11289 0.44163 -0.89684 -0.02549 -0.46786 -0.1617 0.86888 -0.48662 -0.23003 0.84279 -0.36194 -0.47667 0.80112 -0.36035 -0.53406 0.76481 -0.24663 -0.74284 0.62238 -0.24485 -0.70426 0.66638 -0.11916 -0.92527 0.36009 -0.11316 -0.89818 0.42482 -0.64577 -0.14004 0.75058 -0.63959 -0.18781 0.74542 -0.5317 -0.46939 0.70496 -0.52069 -0.49872 0.69294 -0.34962 -0.74306 0.57064 -0.34075 -0.75521 0.55994 -0.12106 -0.92418 0.36226 -0.11933 -0.9253 0.35998 -0.85797 -0.14266 0.49349 -0.84663 -0.20298 0.49195 -0.71808 -0.4844 0.49972 -0.69797 -0.52153 0.49075 -0.47725 -0.76232 0.43714 -0.46044 -0.77781 0.42779 -0.1666 -0.93521 0.31245 -0.162 -0.93701 0.30948 -0.97235 -0.15112 0.17807 -0.95951 -0.21581 0.18103 -0.82897 -0.50625 0.23774 -0.80374 -0.54622 0.23591 -0.55775 -0.7875 0.26221 -0.53523 -0.80422 0.25837 -0.19693 -0.94894 0.24645 -0.18865 -0.95115 0.24439 0.19243 -0.98046 -0.04085 0.25891 -0.96493 -0.04339 0.43565 -0.89535 -0.09247 0.59872 -0.79081 -0.12709 0.69883 -0.70294 -0.13236 0.23246 -0.96536 -0.11847 0.23246 -0.96536 -0.11847 0.63272 -0.70405 -0.32246 0.63271 -0.70406 -0.32246 0.8611 -0.25675 -0.43885 0.8611 -0.25674 -0.43885 0.95972 -0.19348 -0.20371 0.94794 -0.25633 -0.18898 0.87879 -0.43924 -0.18654 0.77854 -0.60545 -0.16526 -0.89164 -0.44221 -0.09709 -0.60687 -0.79306 -0.05261 -0.19478 -0.96466 0.17744 -0.55614 -0.82055 0.13196 -0.83219 -0.55053 0.06622 -0.98057 -0.19592 -0.00971 -0.98165 -0.19038 -0.01068 -0.97923 -0.1967 -0.04912 -0.97991 -0.19321 -0.04955 -0.97689 -0.19689 -0.08322 -0.97732 -0.19466 -0.08338 -0.19784 -0.96407 0.17726 -0.19404 -0.97387 0.11799 -0.19801 -0.97311 0.1177 -0.19285 -0.97936 0.06055 -0.19773 -0.97841 0.06012 -0.19134 -0.98152 0.00329 -0.19706 -0.98039 0.00272 -0.55945 -0.81837 0.13149 -0.55555 -0.82852 0.07009 -0.55876 -0.8264 0.06966 -0.55356 -0.83272 0.01188 -0.55695 -0.83047 0.01147 -0.55063 -0.83355 -0.04472 -0.44159 -0.8966 -0.03322 -0.83487 -0.54655 0.06545 -0.83146 -0.55548 0.01137 -0.83351 -0.5524 0.0109 -0.82906 -0.55782 -0.03864 -0.83081 -0.55519 -0.03894 -0.82554 -0.55777 -0.0859 -0.78923 -0.60862 -0.08184 -0.97468 -0.196 -0.10759 -0.98859 -0.09295 -0.11855 -0.97315 -0.19509 -0.12214 0.81748 -0.25862 -0.51462 0.81748 -0.25863 -0.51462 0.59866 -0.70681 -0.37687 0.59865 -0.70681 -0.37687 0.2192 -0.96587 -0.13799 0.2192 -0.96587 -0.13799 -0.19333 -0.98078 -0.02619 -0.25709 -0.96591 -0.03035 -0.43828 -0.89687 -0.05938 -0.95718 -0.25882 -0.12968 -0.97268 -0.19509 -0.12583 -0.88875 -0.4423 -0.12041 -0.70071 -0.7071 -0.09493 -0.78768 -0.60874 -0.09486 -0.60326 -0.79335 -0.08173 -0.95628 -0.25882 -0.13621 -0.95627 -0.25882 -0.13621 -0.70004 -0.70711 -0.09971 -0.70004 -0.70711 -0.09971 -0.25623 -0.96593 -0.0365 -0.25623 -0.96593 -0.0365 0.25303 -0.96331 -0.08954 0.69009 -0.70274 -0.173 0.94356 -0.25572 -0.21047 0.25095 -0.9639 -0.08897 0.24789 -0.96352 -0.10093 0.24514 -0.96432 -0.09993 0.2406 -0.96405 -0.11274 0.2375 -0.96499 -0.11128 0.23148 -0.96485 -0.12439 0.22815 -0.9659 -0.12243 0.68838 -0.70453 -0.17254 0.67517 -0.70283 -0.22398 0.67337 -0.70477 -0.22332 0.65454 -0.70365 -0.2765 0.65285 -0.70554 -0.27568 0.62892 -0.70499 -0.3278 0.62737 -0.70681 -0.32685 0.94288 -0.25841 -0.21025 0.92296 -0.2559 -0.28752 0.92238 -0.25825 -0.28726 0.89426 -0.25658 -0.36669 0.89387 -0.25828 -0.36646 0.85839 -0.25748 -0.44369 0.85816 -0.25859 -0.4435 -0.95483 -0.25855 -0.14648 -0.95476 -0.25881 -0.14648 -0.69911 -0.7064 -0.11068 -0.69843 -0.70708 -0.11062 -0.25655 -0.96547 -0.04529 -0.25497 -0.9659 -0.04514 -0.95167 -0.25791 -0.16676 -0.95157 -0.25826 -0.16676 -0.6965 -0.7045 -0.13629 -0.69502 -0.70598 -0.13613 -0.25646 -0.96404 -0.06965 -0.25278 -0.96505 -0.06914 -0.08171 -0.68543 -0.72354 -0.93814 -0.25824 -0.23064 -0.94094 -0.25534 -0.22235 -0.68506 -0.7034 -0.18953 -0.68751 -0.70214 -0.18527 -0.2505 -0.96302 -0.09924 -0.25142 -0.96289 -0.09813 -0.86686 -0.25707 -0.42716 -0.87292 -0.24701 -0.4207 -0.63437 -0.69724 -0.3338 -0.64035 -0.69277 -0.33171 -0.23298 -0.96038 -0.15296 -0.23522 -0.95986 -0.15277 -0.18346 -0.95725 -0.22363 -0.18195 -0.95763 -0.22323 -0.50092 -0.6888 -0.52405 -0.496 -0.69238 -0.52402 -0.68572 -0.24573 -0.68513 -0.35914 -0.13729 -0.92313 -0.49282 -0.2501 -0.83341 -0.67951 -0.25387 -0.68834 -0.02983 -0.95451 -0.29669 -0.0297 -0.95457 -0.29651 0.05565 -0.95476 -0.29213 0.05553 -0.95464 -0.29253 0.13531 -0.95612 -0.25986 0.13536 -0.95581 -0.26095 -0.08109 -0.68605 -0.72302 0.15236 -0.68653 -0.71096 0.15162 -0.68537 -0.71224 0.36993 -0.68937 -0.62283 0.36932 -0.68655 -0.6263 -0.1124 -0.95538 -0.27316 -0.11166 -0.95561 -0.27266 -0.30752 -0.68623 -0.65918 -0.3047 -0.68848 -0.65815 -0.42166 -0.25059 -0.87144 -0.11241 -0.24657 -0.96258 -0.11135 -0.24793 -0.96236 0.20969 -0.24861 -0.94563 0.208 -0.24603 -0.94668 0.50845 -0.25152 -0.82354 0.50551 -0.24516 -0.82726 0.70561 -0.25505 -0.66111 0.80652 -0.2522 -0.53471 0.76226 -0.19943 -0.61579 0.54849 -0.68945 -0.4731 0.54762 -0.69359 -0.46801 0.20137 -0.95791 -0.20458 0.20069 -0.9584 -0.20294 0.90911 -0.24694 -0.33547 0.90898 -0.25799 -0.3274 0.66865 -0.69362 -0.26796 0.66559 -0.69864 -0.26247 0.24604 -0.96066 -0.12879 0.24446 -0.96131 -0.12701 0.97563 0.19366 -0.10313 0.96542 0.19387 -0.17427 0.94859 0.20044 -0.24495 0.94931 0.19572 -0.24599 0.82064 0.56198 -0.10362 0.82173 0.56027 -0.10423 0.55556 0.82966 0.055 0.55503 0.82999 0.05519 0.19766 0.95872 0.20443 0.19437 0.95921 0.20526 0.95676 0.20169 -0.20961 0.95829 0.19155 -0.21211 0.82357 0.56078 -0.0852 0.82578 0.55732 -0.08649 0.55673 0.829 0.05304 0.55515 0.83002 0.05365 0.19958 0.96271 0.18266 0.19168 0.9639 0.18479 0.96835 0.1973 -0.15285 0.94074 0.30981 -0.13795 0.82694 0.55856 -0.06466 0.82836 0.55637 -0.0653 0.55696 0.82925 0.04629 0.55523 0.83038 0.0468 0.19877 0.96852 0.14988 0.19205 0.96965 0.15129 0.97143 0.19757 -0.13148 0.97215 0.19365 -0.13203 0.82871 0.5573 -0.05147 0.82937 0.55631 -0.05168 0.55654 0.83002 0.03658 0.55521 0.83089 0.03687 0.19747 0.97307 0.11891 0.19315 0.97386 0.11956 0.97684 0.1956 -0.08669 0.96651 0.23832 -0.0952 0.82969 0.55664 -0.04215 0.83009 0.55603 -0.04224 0.55627 0.83068 0.02327 0.55458 0.83179 0.02354 0.19718 0.97667 0.08509 0.19249 0.97756 0.08563 0.97777 0.19582 -0.07495 0.97802 0.19457 -0.075 0.83029 0.55615 -0.03623 0.83031 0.55612 -0.03624 0.5557 0.83134 0.00803 0.55469 0.83202 0.00811 0.19609 0.97926 0.05106 0.19366 0.97973 0.0512 0.97942 0.1951 -0.0517 0.97952 0.19458 -0.05171 0.83079 0.55559 -0.03325 0.83052 0.55599 -0.03324 0.55556 0.83142 -0.00973 0.55432 0.83225 -0.00968 0.19576 0.98053 0.01527 0.19331 0.98102 0.01536 0.97909 0.19506 -0.05768 0.97909 0.19509 -0.05773 0.83009 0.5555 -0.04863 0.83007 0.55554 -0.04869 0.55472 0.83142 -0.03217 0.55466 0.83145 -0.03224 0.19484 0.98078 -0.0108 0.19476 0.98079 -0.01088 0.54761 0.76629 0.33603 0.18333 0.9321 0.31237 0.19274 0.92905 0.31579 0.41541 0.84787 0.32946 0.56926 0.74775 0.34178 0.96263 0.14071 0.23139 0.9485 0.21502 0.23264 0.81693 0.48888 0.30597 0.8489 0.4275 0.31083 0.75113 0.58274 0.31019 0.98496 0.14845 -0.08838 0.96937 0.23204 -0.08046 0.8571 0.51401 0.03437 0.82347 0.56593 0.04026 0.58437 0.79685 0.15346 0.5528 0.81865 0.15562 0.20848 0.94598 0.24831 0.19488 0.94895 0.24801 0.19243 0.98046 -0.04085 0.19243 0.98046 -0.04085 0.5467 0.82925 -0.11604 0.5467 0.82925 -0.11604 0.8155 0.55226 -0.1731 0.8155 0.55226 -0.1731 0.95972 0.19348 -0.20371 0.95972 0.19348 -0.20371 0.17527 0.98046 -0.08932 0.17527 0.98046 -0.08932 0.49794 0.82925 -0.25377 0.49794 0.82925 -0.25377 0.74278 0.55225 -0.37855 0.74277 0.55226 -0.37855 0.87413 0.19348 -0.44549 0.87413 0.19349 -0.44549 0.87406 0.14714 0.46299 0.69304 0.53224 0.48622 0.79252 0.37805 0.47852 0.17757 0.92742 0.32919 0.3834 0.82085 0.42333 0.53043 0.71455 0.45615 0.85851 0.25583 0.44442 0.71631 0.1877 0.67206 0.70949 0.24678 0.66009 0.55568 0.21165 0.80401 0.5079 0.10766 0.85466 0.42417 0.22692 0.87669 0.19765 0.20156 0.95933 0.20096 0.21737 0.95518 -0.09873 0.21323 0.972 -0.10177 0.20548 0.97335 0.61097 0.65471 0.44506 0.50991 0.60504 0.6115 0.49388 0.63693 0.59194 0.33558 0.59974 0.72643 0.33118 0.62154 0.70993 0.13733 0.60093 0.78742 0.13861 0.61004 0.78016 -0.06821 0.60723 0.79159 -0.07044 0.60277 0.7948 0.21417 0.90527 0.36689 0.18573 0.89108 0.41411 0.17436 0.89986 0.39981 0.12112 0.88727 0.44507 0.11694 0.89415 0.43222 0.04899 0.88688 0.4594 0.04931 0.88995 0.45339 -0.02403 0.88893 0.45741 -0.02531 0.88744 0.46023 0.83004 0.19494 -0.52253 0.8191 0.25866 -0.51203 0.70272 0.55529 -0.44479 0.6716 0.60845 -0.42278 0.47043 0.83126 -0.29615 0.51388 0.79304 -0.32713 0.16753 0.98071 -0.10066 0.2192 0.96587 -0.13799 -0.28155 0.21671 0.93475 -0.28269 0.21185 0.93552 -0.19163 0.60737 0.77096 -0.19506 0.59924 0.77644 -0.06569 0.88414 0.46257 -0.0718 0.87697 0.47516 -0.25886 0.2192 0.94072 -0.25981 0.21483 0.94146 -0.17686 0.61375 0.76944 -0.17979 0.60635 0.77461 -0.06088 0.89064 0.45061 -0.06613 0.88418 0.46244 0.53844 0.79317 -0.28455 0.22764 0.96591 -0.12331 0.70245 0.6085 -0.36918 0.85594 0.25864 -0.44774 0.23081 0.96497 -0.12471 0.23645 0.96508 -0.11273 0.23973 0.96414 -0.11386 0.24429 0.96439 -0.10138 0.24721 0.96357 -0.1021 0.2505 0.96395 -0.08974 0.25293 0.96328 -0.0901 0.62904 0.70537 -0.32676 0.65017 0.70566 -0.28163 0.65196 0.70379 -0.28219 0.67125 0.70483 -0.22941 0.67315 0.7029 -0.2298 0.68756 0.70456 -0.17568 0.68954 0.70256 -0.17589 0.8562 0.25769 -0.4478 0.89018 0.25831 -0.37532 0.89062 0.25667 -0.37538 0.91949 0.25823 -0.2964 0.92012 0.25597 -0.29641 0.9418 0.25846 -0.21496 0.94264 0.25548 -0.21486 -0.10306 0.89493 0.43413 -0.10074 0.89663 0.43117 -0.41245 0.22164 0.8836 -0.43002 0.16707 0.88723 -0.37353 0.38078 0.84586 -0.286 0.61946 0.73107 -0.33721 0.53137 0.77713 -0.24324 0.70405 0.6672 -0.37759 0.21974 0.89952 -0.37815 0.21725 0.89989 -0.26182 0.61099 0.74709 -0.2595 0.61597 0.7438 -0.09629 0.88642 0.45275 -0.08951 0.89317 0.44072 -0.32139 0.21572 0.92205 -0.32189 0.21329 0.92244 -0.2215 0.60181 0.76731 -0.21975 0.60613 0.76441 -0.08102 0.87786 0.47201 -0.07582 0.88406 0.46118 0.08591 0.68542 -0.72306 0.93951 0.25829 -0.22496 0.94226 0.25539 -0.21664 0.6861 0.70349 -0.18538 0.68853 0.70223 -0.1811 0.25089 0.96307 -0.09771 0.25181 0.96295 -0.09659 0.8694 0.25714 -0.42193 0.87544 0.24706 -0.41542 0.63626 0.69734 -0.32998 0.64225 0.69284 -0.32785 0.23369 0.96043 -0.15154 0.23593 0.95991 -0.15134 0.18459 0.95729 -0.22253 0.18305 0.95768 -0.22214 0.50395 0.68886 -0.52106 0.499 0.69246 -0.52106 0.68982 0.24576 -0.68099 0.36469 0.13729 -0.92095 0.49777 0.25009 -0.83047 0.68362 0.25392 -0.68425 0.03137 0.95451 -0.29651 0.03123 0.95458 -0.29632 -0.05414 0.95475 -0.29245 -0.05402 0.95463 -0.29284 -0.13398 0.95609 -0.26067 -0.13403 0.95578 -0.26176 0.08527 0.68606 -0.72253 -0.14823 0.68648 -0.71188 -0.14752 0.68536 -0.7131 -0.3663 0.6893 -0.62505 -0.36567 0.68652 -0.62847 0.1138 0.95541 -0.27249 0.11305 0.95564 -0.27199 0.31134 0.68626 -0.65735 0.30849 0.68853 -0.65632 0.42688 0.25063 -0.86888 0.1182 0.24653 -0.9619 0.11706 0.24799 -0.96166 -0.20402 0.24859 -0.94688 -0.20235 0.24604 -0.9479 -0.50349 0.25145 -0.8266 -0.50055 0.24515 -0.83027 -0.70165 0.25499 -0.66533 -0.80329 0.25217 -0.53957 -0.75852 0.19939 -0.62039 -0.54574 0.68937 -0.47637 -0.54491 0.69352 -0.47129 -0.20035 0.95787 -0.20578 -0.19969 0.95835 -0.20416 -0.90708 0.24689 -0.34095 -0.907 0.25793 -0.33289 -0.66711 0.69353 -0.27198 -0.66409 0.69855 -0.26649 -0.24546 0.96061 -0.13028 -0.24389 0.96125 -0.12849 -0.19624 0.95536 0.22086 -0.55818 0.8063 0.19572 -0.83402 0.53365 0.1401 -0.98176 0.17957 0.06239 -0.19296 0.95566 0.22243 -0.18872 0.94442 0.26917 -0.1812 0.94599 0.26885 -0.15369 0.93167 0.3292 -0.14949 0.93294 0.32754 -0.54982 0.8106 0.20155 -0.53705 0.78005 0.32108 -0.51416 0.79439 0.32339 -0.44244 0.75707 0.48071 -0.42467 0.76987 0.47639 -0.1064 0.92185 0.37267 -0.14638 0.90145 0.40739 -0.30412 0.73836 0.60194 -0.32842 0.71212 0.62051 -0.4366 0.54037 0.71929 -0.8246 0.54509 0.15137 -0.80243 0.50101 0.32417 -0.77476 0.53655 0.33445 -0.66931 0.48168 0.56569 -0.64521 0.51324 0.56594 -0.46493 0.46628 0.75261 -0.49974 0.39369 0.77153 -0.97681 0.19877 0.07957 -0.94833 0.15104 0.27903 -0.93011 0.20931 0.30181 -0.80575 0.14466 0.57431 -0.78551 0.19643 0.58684 -0.57645 0.14268 0.80458 -0.56124 0.18253 0.80727 -0.95048 0.25778 -0.17363 -0.95051 0.25764 -0.17364 -0.69431 0.7049 -0.14508 -0.69499 0.7042 -0.14523 -0.25322 0.96427 -0.07789 -0.25496 0.96378 -0.07826 -0.95355 0.25879 -0.15416 -0.95368 0.25831 -0.15418 -0.69695 0.70699 -0.12009 -0.6984 0.70552 -0.12034 -0.25367 0.96579 -0.05385 -0.25715 0.96484 -0.05447 -0.44199 0.89652 -0.02988 -0.19701 0.9804 0.00234 -0.78941 0.6086 -0.08026 -0.60685 0.79306 -0.05282 -0.89163 0.44221 -0.09725 -0.19137 0.98151 0.00323 -0.19779 0.97839 0.06024 -0.19282 0.97934 0.06097 -0.19805 0.97291 0.11927 -0.19405 0.97365 0.1198 -0.19774 0.96389 0.17838 -0.19483 0.96442 0.17871 -0.55048 0.83357 -0.04614 -0.55699 0.83044 0.01162 -0.55354 0.83273 0.01228 -0.55883 0.82621 0.07128 -0.55556 0.82836 0.07195 -0.55938 0.81823 0.13264 -0.55621 0.82028 0.1333 -0.82538 0.5578 -0.08726 -0.83084 0.55516 -0.0388 -0.82906 0.55785 -0.0383 -0.83358 0.55226 0.0123 -0.83148 0.5554 0.01301 -0.83483 0.54648 0.06645 -0.83226 0.55027 0.06745 -0.97315 0.19509 -0.12214 -0.98847 0.09414 -0.1186 -0.97467 0.196 -0.10771 -0.97733 0.19465 -0.08329 -0.9769 0.19693 -0.08299 -0.97997 0.19314 -0.0486 -0.97929 0.19673 -0.04794 -0.98166 0.1904 -0.01001 -0.98062 0.19571 -0.00876 -0.43828 0.89687 -0.05938 -0.95627 0.25882 -0.13621 -0.25623 0.96593 -0.0365 -0.70004 0.70711 -0.09971 -0.25623 0.96593 -0.0365 -0.25648 0.96593 -0.03475 -0.19409 0.98077 -0.02036 -0.60326 0.79335 -0.08173 -0.7015 0.70708 -0.08906 -0.70004 0.70711 -0.09971 -0.95628 0.25882 -0.13621 -0.97191 0.19509 -0.13167 -0.95777 0.25881 -0.12528 -0.88875 0.4423 -0.12041 -0.78617 0.60876 -0.10651 0.97819 -0.19525 0.07081 0.97178 -0.19565 0.13176 0.96068 -0.19635 0.19632 0.1922 -0.97723 -0.0899 0.19564 -0.97662 -0.08914 0.55119 -0.83434 0.00821 0.55202 -0.83379 0.00845 0.82257 -0.55888 0.10502 0.82176 -0.56013 0.1047 0.92296 -0.3523 0.15499 0.96384 -0.1979 0.17844 0.96851 -0.19761 0.15148 0.96906 -0.1946 0.15185 0.82502 -0.55863 0.0853 0.82559 -0.55776 0.08548 0.55337 -0.83292 0.00586 0.55257 -0.83345 0.00568 0.19574 -0.97782 -0.07449 0.19284 -0.97836 -0.07501 0.19335 -0.97932 -0.05953 0.19572 -0.97887 -0.0592 0.55359 -0.83278 0.00445 0.55427 -0.83232 0.00457 0.82784 -0.55686 0.06774 0.82741 -0.55751 0.06764 0.94193 -0.31896 0.105 0.9736 -0.19652 0.11611 0.97651 -0.1962 0.08902 0.97686 -0.19443 0.08913 0.82923 -0.55666 0.05011 0.82956 -0.55616 0.05016 0.55492 -0.8319 0.00351 0.55441 -0.83224 0.00345 0.19559 -0.97971 -0.04362 0.19382 -0.98006 -0.04379 0.19427 -0.98054 -0.02814 0.1954 -0.98032 -0.02808 0.55506 -0.83181 0.00181 0.55536 -0.83161 0.00183 0.83082 -0.55566 0.03148 0.83057 -0.55602 0.03146 0.95842 -0.28069 0.05135 0.9792 -0.1956 0.05398 0.98055 -0.19518 0.02087 0.98066 -0.19459 0.02087 0.83138 -0.5556 0.01058 0.83152 -0.55539 0.01058 0.55556 -0.83147 -0.00133 0.5555 -0.83152 -0.00133 0.19511 -0.98069 -0.01303 0.19471 -0.98077 -0.01303 0.94429 -0.18772 0.27032 0.1928 -0.9557 0.22241 0.17545 -0.95798 0.22694 0.42394 -0.86556 0.26661 0.52646 -0.80938 0.26026 0.94499 -0.18597 0.26908 0.85812 -0.42154 0.29316 0.79536 -0.53901 0.27727 0.7574 -0.58192 0.29616 0.58046 -0.76134 0.28883 0.95136 -0.20165 0.23292 0.9533 -0.19324 0.23213 0.79746 -0.57042 0.19666 0.81245 -0.54894 0.19646 0.51764 -0.84574 0.12955 0.55395 -0.82203 0.13193 0.15834 -0.98645 0.04302 0.2176 -0.97485 0.04819 0.19491 -0.98054 0.02361 0.1953 -0.98046 0.02349 0.55342 -0.82917 0.07879 0.55411 -0.82874 0.07847 0.82481 -0.55218 0.12158 0.82554 -0.55121 0.12099 0.9701 -0.194 0.14584 0.85622 -0.06373 0.51267 0.91449 -0.19514 0.35444 0.97054 -0.19249 0.1449 0.13739 -0.98077 0.13858 0.13804 -0.98064 0.13886 0.3901 -0.82895 0.40084 0.39078 -0.82853 0.40104 0.58058 -0.55132 0.59915 0.58119 -0.55064 0.59917 0.08257 -0.98078 0.17677 0.08294 -0.98069 0.17711 0.23447 -0.82892 0.50786 0.23483 -0.82866 0.50812 0.34894 -0.55121 0.7579 0.34928 -0.55081 0.75803 0.01845 -0.98075 0.19441 0.0185 -0.98072 0.19452 0.05237 -0.82881 0.55707 0.05243 -0.82875 0.55716 0.07794 -0.55104 0.83083 0.07799 -0.55096 0.83088 0.17676 -0.98066 0.08406 0.17744 -0.98053 0.08411 0.50165 -0.82875 0.24801 0.50248 -0.82826 0.24797 0.74659 -0.55125 0.37245 0.74741 -0.55032 0.3722 0.87724 -0.19216 0.43991 0.68188 -0.19329 0.70546 0.68236 -0.19243 0.70524 0.40981 -0.19308 0.8915 0.41009 -0.19262 0.89147 0.09152 -0.19287 0.97695 -0.30181 -0.08225 0.94981 -0.13587 -0.19503 0.97134 0.09157 -0.19279 0.97696 -0.10888 -0.98068 0.16251 -0.10876 -0.9808 0.16189 -0.30861 -0.82863 0.46705 -0.30858 -0.82897 0.46647 -0.45909 -0.55077 0.69705 -0.45918 -0.55128 0.69659 -0.66441 -0.55137 0.50453 -0.66452 -0.55056 0.50527 -0.44645 -0.82892 0.33702 -0.44675 -0.82846 0.33773 -0.15732 -0.98075 0.11568 -0.15768 -0.98062 0.11631 -0.04784 -0.98071 0.18952 -0.04789 -0.98077 0.18921 -0.13572 -0.82871 0.54297 -0.13579 -0.82887 0.54271 -0.20193 -0.55091 0.80977 -0.20203 -0.55112 0.8096 -0.2371 -0.19296 0.95213 -0.53903 -0.19256 0.81998 -0.53928 -0.19322 0.81966 -0.78022 -0.19236 0.5952 -0.78042 -0.19338 0.5946 0.94882 -0.18967 0.25252 0.96161 -0.17606 0.2105 0.86176 -0.42502 0.27698 0.87339 -0.40969 0.26333 0.75659 -0.58118 0.29966 0.77115 -0.57107 0.28143 0.57631 -0.75764 0.30633 0.59062 -0.75156 0.29381 0.41686 -0.85939 0.2961 0.429 -0.8549 0.29172 0.17966 -0.9443 0.27574 0.19068 -0.9446 0.26716 -0.49772 -0.83213 0.2446 -0.74406 -0.55613 0.37027 -0.87681 -0.19524 0.43942 -0.87675 -0.19567 0.43934 -0.90325 -0.195 0.38224 -0.90301 -0.19651 0.38204 -0.93167 -0.19513 0.30645 -0.95157 -0.0178 0.30693 -0.94467 -0.19626 0.26283 -0.9584 -0.19445 0.20895 -0.95786 -0.19748 0.20859 -0.97213 -0.19436 0.13108 -0.97164 -0.19704 0.13072 -0.97683 -0.19502 0.0881 -0.99779 -0.01878 0.06372 -0.97949 -0.19691 0.04265 -0.98068 -0.19192 -0.03794 -0.97965 -0.19701 -0.03848 -0.97604 -0.19264 -0.10113 -0.99204 0.05914 -0.11122 -0.96978 -0.195 -0.14664 -0.96001 -0.19002 -0.20559 -0.959 -0.19456 -0.20608 -0.49689 -0.8328 0.24403 -0.51421 -0.83218 0.20753 -0.51196 -0.83384 0.20641 -0.5325 -0.83277 0.15143 -0.53026 -0.83436 0.15054 -0.54594 -0.83262 0.09323 -0.54375 -0.83413 0.09256 -0.55291 -0.8322 0.04171 -0.55141 -0.83321 0.04134 -0.55694 -0.8305 -0.00988 -0.55501 -0.83178 -0.01018 -0.55617 -0.82815 -0.06959 -0.55444 -0.8293 -0.06972 -0.55022 -0.825 -0.12896 -0.54871 -0.82601 -0.12894 -0.54068 -0.822 -0.17883 -0.53974 -0.82263 -0.17877 -0.52845 -0.81799 -0.22724 -0.52736 -0.81874 -0.22706 -0.50948 -0.81311 -0.28155 -0.50863 -0.81372 -0.28134 -0.16895 -0.96559 -0.19772 -0.1795 -0.96837 -0.17331 -0.17749 -0.96885 -0.17269 -0.18599 -0.97153 -0.14677 -0.18454 -0.97185 -0.14646 -0.18992 -0.97404 -0.1232 -0.18928 -0.97417 -0.12312 -0.1932 -0.97615 -0.09905 -0.19294 -0.9762 -0.09904 -0.19497 -0.97828 -0.07039 -0.19546 -0.97818 -0.07038 -0.1949 -0.97994 -0.04167 -0.19613 -0.9797 -0.04152 -0.19342 -0.98097 -0.01687 -0.19478 -0.98071 -0.01658 -0.19045 -0.98167 0.00773 -0.19286 -0.98119 0.0084 -0.18544 -0.98201 0.03554 -0.18837 -0.98142 0.03664 -0.17877 -0.98191 0.06233 -0.18209 -0.9812 0.06393 -0.17403 -0.98143 0.08072 -0.17534 -0.98112 0.08158 -0.17143 -0.96494 -0.19873 -0.38645 -0.87463 -0.29272 -0.48547 -0.80757 -0.3349 -0.53228 -0.77022 -0.35133 -0.69647 -0.5892 -0.40961 -0.7437 -0.55679 0.36998 -0.76743 -0.55597 0.31931 -0.76631 -0.55785 0.3187 -0.79463 -0.55639 0.2429 -0.79331 -0.55853 0.2423 -0.8148 -0.55615 0.16368 -0.81327 -0.55855 0.16312 -0.82597 -0.5559 0.09358 -0.82472 -0.55781 0.09318 -0.83211 -0.55413 0.02326 -0.83025 -0.55692 0.02284 -0.83183 -0.55197 -0.0582 -0.82979 -0.55499 -0.05851 -0.82404 -0.54912 -0.13936 -0.82184 -0.55237 -0.13952 -0.81103 -0.54686 -0.20775 -0.8094 -0.54925 -0.20782 -0.79375 -0.54291 -0.27425 -0.7914 -0.54638 -0.27412 -0.76677 -0.53863 -0.34919 -0.7644 -0.5422 -0.34887 -0.73249 -0.53374 -0.42258 -0.79113 -0.42834 -0.43661 -0.94314 -0.18827 -0.27393 -0.96086 -0.04986 -0.27251 -0.92897 -0.19094 -0.31711 -0.91198 -0.18569 -0.3658 -0.91027 -0.193 -0.36628 -0.87495 -0.18367 -0.44803 -0.8731 -0.19137 -0.44842 -0.17427 -0.97542 0.13487 -0.71358 -0.5945 -0.37065 -0.82941 -0.197 -0.52275 -0.80786 -0.21957 -0.54695 -0.67956 -0.24181 -0.69262 -0.59238 -0.09172 -0.80042 -0.45932 -0.21457 -0.86197 -0.2291 -0.23675 -0.94417 -0.12674 -0.10128 -0.98675 0.03888 -0.22876 -0.97271 0.28396 -0.21855 -0.9336 0.367 -0.08996 -0.92586 0.52896 -0.23196 -0.81633 -0.17863 -0.97436 0.13679 -0.13574 -0.98728 0.08278 -0.14528 -0.98651 0.07543 -0.03078 -0.99909 0.02943 -0.03187 -0.99913 0.02707 0.08977 -0.99506 0.04237 0.08915 -0.99477 0.0499 0.18119 -0.97635 0.11792 0.17207 -0.97636 0.13085 -0.73232 -0.58034 -0.35625 -0.53964 -0.6236 -0.56561 -0.56709 -0.58113 -0.58369 -0.11933 -0.63142 -0.7662 -0.12438 -0.62288 -0.77237 0.34616 -0.60805 -0.71445 0.35404 -0.63116 -0.69014 0.71034 -0.56014 -0.42621 0.70297 -0.60706 -0.37056 0.21281 -0.9507 0.22555 0.19497 -0.95257 0.23365 0.44168 -0.88011 0.17414 0.59851 -0.78871 0.14043 0.48157 -0.86582 -0.13581 0.49907 -0.84895 -0.17383 0.2468 -0.89948 -0.36059 0.24571 -0.89157 -0.38043 -0.08763 -0.90229 -0.42212 -0.08442 -0.90532 -0.41625 -0.39943 -0.87001 -0.28902 -0.37599 -0.88617 -0.2708 -0.50123 -0.85665 -0.12212 -0.48883 -0.8628 -0.12895 0.60488 -0.78455 0.13637 0.78426 -0.61816 0.05308 0.86845 -0.49477 0.03164 0.88521 -0.46499 0.01378 0.96617 -0.24554 -0.07891 0.98893 0.11768 -0.09039 0.95506 -0.17383 -0.24009 0.78301 -0.25788 -0.56603 0.82264 0.13156 -0.55313 0.71414 -0.19342 -0.67275 -0.16364 -0.96323 -0.21307 -0.83381 -0.24788 -0.49327 -0.85302 -0.18677 -0.48731 -0.7687 -0.42342 -0.4794 -0.60068 -0.68085 -0.41909 -0.68303 -0.58641 -0.43541 -0.51545 -0.76666 -0.38282 -0.16355 -0.9593 -0.2302 -0.20991 -0.94328 -0.25723 -0.22168 -0.94604 -0.23635 -0.37318 -0.8718 -0.31735 -0.81647 -0.24753 -0.52163 -0.8175 -0.24411 -0.52164 -0.661 -0.58108 -0.47479 -0.58565 -0.67724 -0.44539 -0.50483 -0.76151 -0.40651 -0.36677 -0.86653 -0.33855 -0.84299 -0.20696 -0.49652 -0.84281 -0.20774 -0.49651 -0.74174 -0.58438 -0.32912 -0.74142 -0.58484 -0.32901 -0.50645 -0.85619 -0.10222 -0.50617 -0.85637 -0.10212 -0.17965 -0.97326 0.14316 -0.17954 -0.97327 0.14319 -0.84093 -0.20709 -0.49995 -0.84074 -0.20787 -0.49994 -0.7401 -0.58472 -0.3322 -0.73979 -0.58518 -0.33209 -0.50541 -0.85655 -0.10433 -0.50513 -0.85673 -0.10423 -0.17928 -0.97343 0.14242 -0.17918 -0.97345 0.14245 -0.18659 -0.96329 -0.19304 -0.13354 -0.97434 -0.18119 -0.38051 -0.86909 -0.31607 -0.45087 -0.82402 -0.34307 -0.8204 -0.19266 -0.53835 -0.79912 -0.24352 -0.54963 -0.68918 -0.54939 -0.47244 -0.66396 -0.5817 -0.46988 -0.51114 -0.76277 -0.39613 -0.83223 -0.21196 -0.51232 -0.83582 -0.19343 -0.5138 -0.70118 -0.59897 -0.38675 -0.73169 -0.55039 -0.40213 -0.44352 -0.87533 -0.1926 -0.51931 -0.82309 -0.22989 -0.10733 -0.99365 0.03364 -0.23245 -0.97233 -0.02324 0.90611 -0.25883 0.33462 0.24279 -0.96593 0.08966 0.66332 -0.7071 0.24496 0.24279 -0.96593 0.08966 0.24362 -0.96593 0.08739 0.24363 -0.96592 0.08739 0.57301 -0.79336 0.20554 0.66406 -0.7071 0.24295 0.66333 -0.7071 0.24496 0.90612 -0.25881 0.33462 0.92319 -0.19509 0.33114 0.90807 -0.25883 0.32928 0.84423 -0.44224 0.30282 0.74677 -0.60875 0.26787 0.69524 -0.60287 0.3914 0.85515 -0.19223 0.48143 0.85515 -0.19223 0.48143 0.78385 -0.43685 0.44129 0.78388 -0.43678 0.44131 0.69524 -0.60287 0.3914 0.5356 -0.7888 0.30153 0.53558 -0.78882 0.30152 0.39019 -0.89415 0.21967 0.22638 -0.96459 0.13537 0.17253 -0.9802 0.09713 0.26179 -0.9644 0.03749 0.70802 -0.69888 0.1014 0.95762 -0.25328 0.13714 0.95762 -0.25328 0.13714 0.92798 -0.25328 -0.2733 0.92798 -0.25328 -0.27331 0.73043 -0.25328 -0.63429 0.73043 -0.25328 -0.63429 0.40069 -0.25328 -0.88051 0.40069 -0.25328 -0.88051 -0.00154 -0.25328 -0.96739 -0.00154 -0.25328 -0.96739 0.70802 -0.69888 0.1014 0.68611 -0.69887 -0.20207 0.6861 -0.69888 -0.20206 0.54003 -0.69889 -0.46895 0.54004 -0.69888 -0.46896 0.29625 -0.69888 -0.651 0.29625 -0.69888 -0.651 -0.00114 -0.69888 -0.71524 -0.00113 -0.69889 -0.71523 0.26179 -0.9644 0.03749 0.25368 -0.9644 -0.07471 0.25369 -0.9644 -0.07471 0.19968 -0.9644 -0.1734 0.19968 -0.9644 -0.1734 0.10954 -0.9644 -0.24071 0.10954 -0.9644 -0.24071 -0.00042 -0.9644 -0.26446 -0.00042 -0.96439 -0.26447 0.15382 -0.98077 0.12009 0.47995 -0.79326 0.37469 0.34872 -0.89681 0.27224 0.20505 -0.96592 0.158 0.21168 -0.96591 0.14906 0.21168 -0.96591 0.14906 0.49786 -0.79325 0.35057 0.57695 -0.70703 0.40895 0.55877 -0.70703 0.43345 0.62542 -0.60864 0.48826 0.70699 -0.44218 0.55194 0.7624 -0.25875 0.59312 0.7731 -0.19504 0.60355 0.80193 -0.19505 0.56469 0.78884 -0.25875 0.55748 0.73336 -0.44216 0.51641 0.64873 -0.60866 0.45681 0.20935 -0.79238 -0.57298 0.08909 -0.96571 -0.24384 0.08909 -0.96571 -0.24384 0.04866 -0.96571 -0.25501 0.04866 -0.96571 -0.25501 0.00694 -0.96571 -0.25952 0.00694 -0.96571 -0.25953 -0.03495 -0.96571 -0.25726 -0.03495 -0.96571 -0.25726 0.30798 -0.4412 -0.84291 0.2726 -0.60748 -0.74609 0.23459 -0.70629 -0.66793 0.13274 -0.70596 -0.69571 0.13274 -0.70593 -0.69573 0.01894 -0.70593 -0.70803 0.01894 -0.70595 -0.708 -0.09535 -0.70595 -0.70181 -0.09535 -0.70596 -0.7018 0.33663 -0.19445 -0.92134 0.32536 -0.25814 -0.90967 0.18106 -0.25801 -0.94902 0.18107 -0.25806 -0.94901 0.02584 -0.25806 -0.96578 0.02583 -0.25804 -0.96579 -0.13006 -0.25804 -0.95734 -0.13007 -0.25803 -0.95734 0.42313 -0.78545 0.4517 0.54763 -0.59862 0.5846 -0.90098 -0.43291 0.02851 -0.98126 -0.19017 0.03105 -0.98126 -0.19018 0.03105 -0.86623 -0.19015 0.46205 -0.86622 -0.19019 0.46204 -0.57234 -0.19019 0.79766 -0.57234 -0.19022 0.79765 -0.16031 -0.19023 0.96856 -0.16028 -0.19012 0.96859 0.28485 -0.19012 0.93953 0.28483 -0.19017 0.93952 0.67119 -0.19018 0.71648 0.67118 -0.1902 0.71648 -0.80065 -0.5986 0.02533 -0.83888 -0.54411 0.01479 -0.73954 -0.54541 0.39447 -0.73955 -0.54538 0.39449 -0.48865 -0.54537 0.68102 -0.48865 -0.54538 0.68102 -0.13685 -0.54537 0.82695 -0.13686 -0.54544 0.8269 0.24317 -0.54545 0.8021 0.2432 -0.54539 0.80213 0.57303 -0.54539 0.61171 0.6394 -0.4357 0.63351 -0.56547 -0.82457 0.01789 -0.49918 -0.82457 0.26627 -0.49917 -0.82458 0.26626 -0.32982 -0.82458 0.45965 -0.32982 -0.82457 0.45967 -0.09238 -0.82457 0.55817 -0.09238 -0.82455 0.55819 0.16416 -0.82455 0.54144 0.16416 -0.82456 0.54144 0.39568 -0.82336 0.40684 0.17234 -0.96312 0.20662 -0.26515 -0.96417 0.00839 0.13681 -0.97977 0.14605 0.05806 -0.97977 0.19151 0.05806 -0.97977 0.19151 -0.03268 -0.97977 0.19743 -0.03267 -0.97977 0.19743 -0.11667 -0.97977 0.16259 -0.11667 -0.97977 0.1626 -0.17658 -0.97977 0.09419 -0.17658 -0.97977 0.09419 -0.19454 -0.98051 0.02745 -0.61678 -0.78712 0.0041 -0.5724 -0.78541 -0.23554 -0.74086 -0.59849 -0.30486 0.17995 -0.43291 -0.8833 0.19596 -0.1901 -0.96201 0.19598 -0.1902 -0.96199 -0.2519 -0.1902 -0.94888 -0.25192 -0.19013 -0.94889 -0.64733 -0.19013 -0.73812 -0.64732 -0.19017 -0.73812 -0.90789 -0.19015 -0.3736 -0.90789 -0.19015 -0.3736 0.15992 -0.59848 -0.78502 0.17893 -0.54399 -0.81979 -0.21509 -0.54528 -0.81019 -0.21507 -0.54532 -0.81016 -0.55268 -0.54532 -0.63021 -0.55269 -0.54531 -0.63021 -0.77517 -0.54531 -0.31899 -0.84455 -0.4356 -0.31143 0.11295 -0.8245 -0.55447 -0.14519 -0.8245 -0.54691 -0.14519 -0.8245 -0.54692 -0.3731 -0.8245 -0.42543 -0.3731 -0.8245 -0.42544 -0.52884 -0.8233 -0.20618 -0.24259 -0.96311 -0.1165 0.05297 -0.96416 -0.26 -0.18511 -0.97976 -0.07617 -0.13197 -0.97976 -0.15049 -0.13199 -0.97976 -0.1505 -0.05137 -0.97976 -0.19347 -0.05136 -0.97976 -0.19346 0.01823 -0.98051 -0.19564 0.13813 -0.78704 -0.60124 -0.96543 -0.19507 -0.17287 -0.78098 -0.6087 -0.13984 -0.88003 -0.44228 -0.173 -0.59733 -0.79335 -0.11743 -0.25396 -0.96593 -0.04993 -0.25396 -0.96592 -0.04993 -0.25479 -0.96592 -0.04562 -0.2548 -0.96592 -0.04562 -0.59928 -0.79332 -0.10731 -0.69585 -0.70709 -0.12582 -0.69424 -0.70711 -0.13428 -0.77846 -0.60875 -0.15304 -0.88286 -0.44222 -0.15808 -0.95065 -0.25881 -0.17113 -0.94809 -0.25882 -0.18474 -0.96236 -0.1951 -0.18919 0.34872 0.89681 0.27224 0.21168 0.96591 0.14906 0.15382 0.98077 0.12009 0.20505 0.96592 0.158 0.21168 0.96591 0.14906 0.49786 0.79325 0.35057 0.47995 0.79326 0.37469 0.55877 0.70703 0.43345 0.57695 0.70703 0.40895 0.64873 0.60866 0.45681 0.73336 0.44216 0.51641 0.78884 0.25875 0.55748 0.80193 0.19505 0.56469 0.7731 0.19504 0.60355 0.7624 0.25875 0.59312 0.70699 0.44218 0.55194 0.62542 0.60864 0.48826 -0.61859 0.78547 0.01957 -0.80065 0.5986 0.02533 0.61628 0.43289 0.65788 0.67119 0.1902 0.71647 0.67118 0.19018 0.71648 0.28485 0.19017 0.93952 0.28484 0.19012 0.93953 -0.16031 0.19012 0.96858 -0.16028 0.19023 0.96857 -0.57233 0.19022 0.79765 -0.57234 0.19019 0.79765 -0.86622 0.19019 0.46205 -0.86623 0.19015 0.46205 -0.98126 0.19018 0.03105 -0.98126 0.19017 0.03105 0.54763 0.59862 0.5846 0.58212 0.5441 0.60423 0.24318 0.54539 0.80213 0.24319 0.54544 0.80209 -0.13684 0.54545 0.8269 -0.13687 0.54537 0.82694 -0.48865 0.54538 0.68102 -0.48866 0.54537 0.68102 -0.73956 0.54538 0.39448 -0.73954 0.54541 0.39448 -0.83775 0.54541 0.02651 -0.90007 0.43572 -0.00507 0.38679 0.82456 0.4129 0.16416 0.82456 0.54144 0.16416 0.82456 0.54144 -0.09239 0.82455 0.55819 -0.09238 0.82457 0.55817 -0.32983 0.82457 0.45967 -0.32981 0.82458 0.45966 -0.49917 0.82458 0.26626 -0.49919 0.82457 0.26627 -0.56746 0.82337 0.00732 -0.26799 0.96312 0.02397 0.18137 0.96417 0.19361 -0.20002 0.97977 0.00633 -0.17658 0.97977 0.09419 -0.17658 0.97977 0.09419 -0.11667 0.97977 0.1626 -0.11667 0.97977 0.16259 -0.03268 0.97977 0.19743 -0.03267 0.97977 0.19743 0.05806 0.97977 0.19151 0.05806 0.97977 0.19151 0.11799 0.98051 0.15708 0.43281 0.7871 0.43949 0.85515 0.19223 0.48143 0.85515 0.19223 0.48143 0.78388 0.43678 0.44131 0.78386 0.43684 0.44129 0.69524 0.60287 0.3914 0.69524 0.60287 0.3914 0.53558 0.78882 0.30152 0.5356 0.7888 0.30153 0.39019 0.89415 0.21967 0.39019 0.89415 0.21967 0.17253 0.9802 0.09713 0.17253 0.9802 0.09713 -0.59992 0.79334 -0.10346 -0.25507 0.96592 -0.04399 -0.88384 0.44225 -0.15243 -0.9516 0.25881 -0.16575 -0.96652 0.19509 -0.16668 -0.25507 0.96592 -0.04399 -0.25417 0.96592 -0.04892 -0.25416 0.96592 -0.04892 -0.5978 0.79335 -0.11506 -0.6946 0.7071 -0.13247 -0.69645 0.7071 -0.1223 -0.78183 0.60873 -0.13483 -0.96311 0.19509 -0.18538 -0.94869 0.25881 -0.18169 -0.88071 0.44228 -0.16952 -0.77907 0.60874 -0.14995 0.18364 0.98078 0.06587 0.24247 0.96592 0.09053 0.41633 0.89687 0.14934 0.57301 0.79336 0.20554 0.66406 0.7071 0.24295 0.74677 0.60875 0.26787 0.84423 0.44224 0.30282 0.90807 0.25883 0.32928 0.92319 0.19509 0.33114 0.90612 0.25881 0.33462 0.90611 0.25883 0.33462 0.66332 0.7071 0.24496 0.66333 0.7071 0.24496 0.24279 0.96593 0.08966 0.24279 0.96593 0.08966 -0.90789 0.19015 -0.3736 -0.90789 0.19015 -0.3736 -0.83367 0.43279 -0.34306 -0.78031 0.54402 -0.30846 -0.74086 0.59849 -0.30486 -0.52328 0.8245 -0.21533 -0.57612 0.78706 -0.2205 -0.17259 0.9805 -0.09393 -0.24538 0.96415 -0.10098 -0.64732 0.19017 -0.73811 -0.64732 0.19013 -0.73812 -0.55269 0.54531 -0.63021 -0.55269 0.54532 -0.63021 -0.3731 0.8245 -0.42544 -0.3731 0.8245 -0.42543 -0.13198 0.97976 -0.15049 -0.13198 0.97976 -0.1505 -0.2519 0.19013 -0.94889 -0.25191 0.1902 -0.94888 -0.21509 0.54532 -0.81016 -0.21508 0.54528 -0.81019 -0.14519 0.8245 -0.54692 -0.14519 0.8245 -0.54691 -0.05136 0.97976 -0.19347 -0.05136 0.97976 -0.19346 0.19595 0.1902 -0.96199 0.19598 0.1901 -0.962 0.16734 0.54528 -0.82138 0.16732 0.54532 -0.82136 0.11295 0.8245 -0.55447 0.11296 0.8245 -0.55448 0.03995 0.97976 -0.19613 0.03996 0.97976 -0.19613 -0.00156 0.1908 -0.98163 -0.00127 0.59991 -0.80007 -0.00143 0.43406 -0.90088 -0.02054 0.25222 -0.96745 0.40069 0.25328 -0.88051 0.73043 0.25328 -0.63429 0.73043 0.25328 -0.63429 0.92798 0.25328 -0.2733 0.92798 0.25328 -0.27331 0.95762 0.25328 0.13714 0.95762 0.25328 0.13714 -0.00042 0.96439 -0.26447 -0.00098 0.78648 -0.61762 -0.02508 0.69607 -0.71754 0.29625 0.69888 -0.651 0.29625 0.69888 -0.651 0.54004 0.69888 -0.46896 0.54003 0.69889 -0.46896 0.6861 0.69888 -0.20207 0.68611 0.69887 -0.20206 0.70802 0.69888 0.1014 0.70802 0.69888 0.1014 -0.00042 0.9644 -0.26446 0.10954 0.9644 -0.24071 0.10954 0.9644 -0.24071 0.19968 0.9644 -0.1734 0.19968 0.9644 -0.1734 0.25369 0.9644 -0.07471 0.25368 0.9644 -0.07471 0.26179 0.9644 0.03749 0.26179 0.9644 0.03749 0.05265 0.1948 -0.97943 -0.05679 0.83014 -0.55466 -0.03305 0.96567 -0.25766 -0.02116 0.98056 -0.19505 -0.08654 0.55351 -0.82833 -0.08575 0.60656 -0.7904 -0.0659 0.79164 -0.60743 -0.10581 0.19399 -0.97528 -0.10581 0.19401 -0.97528 -0.09685 0.44018 -0.89267 0.02108 0.98056 -0.19506 0.02107 0.98057 -0.19505 0.05992 0.82997 -0.55458 0.05992 0.82997 -0.55458 0.08948 0.55335 -0.82813 0.08948 0.55331 -0.82816 0.09364 0.49005 -0.86665 0.15778 0.19481 -0.96807 0.06234 0.98057 -0.18602 0.06233 0.98057 -0.18601 0.17724 0.82997 -0.52891 0.17724 0.82996 -0.52892 0.26467 0.55331 -0.78981 0.26466 0.55334 -0.78979 0.3117 0.19399 -0.93017 0.3117 0.19397 -0.93017 0.97731 0.2118 0.00054 0.97273 0.17045 0.15728 0.19277 0.94201 0.27468 0.19027 0.9438 0.27026 0.97202 0.19862 0.1254 0.88187 0.42636 0.2013 0.81417 0.49687 0.30043 0.77883 0.5868 0.22158 0.54926 0.79007 0.2722 0.58125 0.73403 0.35122 0.43203 0.86092 0.26863 0.94413 0.16726 -0.28396 0.96909 0.02407 -0.24551 0.86222 0.50457 -0.04461 0.8157 0.57724 -0.03776 0.59618 0.79788 0.08926 0.55183 0.82871 0.09341 0.21431 0.95349 0.21195 0.1955 0.95741 0.21247 0.16075 0.98064 0.11182 0.17354 0.97923 0.10485 0.4472 0.87393 -0.19042 0.47796 0.85335 -0.20819 0.64637 0.61487 -0.45183 0.68049 0.56231 -0.46982 -0.00393 0.22729 -0.97382 0.29853 0.21648 -0.92952 0.28546 0.61206 -0.73749 0.27291 0.6322 -0.72515 0.20137 0.895 -0.39804 0.19231 0.90228 -0.38588 0.0733 0.99667 0.03574 0.06993 0.99672 0.0407 0.23609 0.09435 -0.96714 0.49167 0.22748 -0.84054 0.72982 0.17899 -0.65979 0.66525 0.03352 -0.74586 0.84973 0.22035 -0.47897 -0.27104 0.24145 -0.93179 -0.20723 0.1373 -0.96861 -0.20012 0.63246 -0.7483 -0.19412 0.61929 -0.76079 -0.14014 0.90448 -0.40284 -0.13785 0.89994 -0.41365 -0.05077 0.99812 0.03441 -0.05037 0.99827 0.03019 -0.68979 0.25287 -0.67842 -0.66443 0.18583 -0.72388 -0.60855 0.61793 -0.49782 -0.60741 0.578 -0.54495 -0.41953 0.87961 -0.22425 -0.42882 0.8656 -0.25854 -0.1505 0.98362 0.09922 -0.15616 0.98389 0.08704 -0.84088 0.20782 -0.49973 -0.84079 0.20715 -0.50016 -0.73989 0.58514 -0.33194 -0.74001 0.58476 -0.33234 -0.50519 0.8567 -0.10414 -0.50535 0.85658 -0.10442 -0.1792 0.97344 0.14247 -0.17926 0.97344 0.14239 -0.84295 0.20769 -0.4963 -0.84285 0.20701 -0.49673 -0.74152 0.5848 -0.32886 -0.74164 0.58442 -0.32927 -0.50623 0.85634 -0.10203 -0.50639 0.85621 -0.10231 -0.17956 0.97327 0.14322 -0.17963 0.97327 0.14313 0.95513 0.16637 0.24506 0.95102 0.27346 0.14417 0.87339 0.40969 0.26333 0.76865 0.56659 0.29689 0.76018 0.58451 0.28369 0.58891 0.74824 0.30549 0.57917 0.7602 0.29437 0.42836 0.85364 0.29632 0.25729 0.94243 0.2136 0.19068 0.9446 0.26716 -0.14179 0.97544 -0.16853 -0.82197 0.18499 -0.53866 -0.82168 0.19273 -0.53637 -0.74786 0.42077 -0.51348 -0.68918 0.54939 -0.47244 -0.17838 0.96207 -0.20639 -0.38051 0.86909 -0.31607 -0.45087 0.82402 -0.34307 -0.51114 0.76277 -0.39613 -0.66396 0.5817 -0.46988 -0.11598 0.99216 0.04664 -0.22361 0.97394 -0.03794 -0.45016 0.87389 -0.18348 -0.51324 0.82379 -0.24073 -0.70524 0.59774 -0.38124 -0.72795 0.55045 -0.40876 -0.83348 0.21147 -0.51048 -0.83452 0.19337 -0.51594 0.17733 0.95933 0.21963 0.24401 0.93169 0.2691 0.52646 0.80938 0.26026 0.58046 0.76134 0.28883 0.79074 0.53626 0.29522 0.76333 0.58746 0.26874 0.93366 0.18182 0.30859 0.92861 0.24644 0.2774 0.16032 0.98642 0.03557 0.21591 0.9748 0.05604 0.5193 0.84552 0.12421 0.55294 0.82177 0.13767 0.7985 0.57009 0.19336 0.81182 0.54858 0.2 0.95167 0.20149 0.23179 0.95304 0.19308 0.23333 -0.36001 0.86506 -0.34937 -0.80673 0.24431 -0.53806 -0.81799 0.18406 -0.54499 -0.74202 0.41945 -0.52295 -0.57855 0.67488 -0.45806 -0.64389 0.57721 -0.50223 -0.49681 0.75978 -0.41943 -0.21794 0.94282 -0.2522 -0.20635 0.94017 -0.2711 -0.15885 0.95827 -0.23766 -0.82455 0.24481 -0.51009 -0.82364 0.24822 -0.5099 -0.6672 0.58268 -0.46403 -0.59415 0.67834 -0.43225 -0.508 0.76482 -0.39621 -0.21282 0.94476 -0.24927 0.96385 0.19789 0.1784 0.97357 0.19652 0.11635 0.97911 0.19559 0.05552 0.98078 0.19506 0.00457 0.98077 0.19511 0.00456 0.83148 0.55556 0.00071 0.83147 0.55557 0.0007 0.55558 0.83146 -0.00326 0.55557 0.83146 -0.00326 0.19508 0.98076 -0.00673 0.19509 0.98076 -0.00673 0.98056 0.1946 0.02505 0.98044 0.19523 0.02502 0.83146 0.55542 0.01309 0.83132 0.55565 0.01308 0.55547 0.83154 -0.00087 0.55555 0.83148 -0.00086 0.19469 0.98075 -0.01469 0.19515 0.98066 -0.01467 0.97815 0.19522 0.07156 0.954 0.29517 0.05254 0.83073 0.5557 0.03282 0.8305 0.55606 0.03278 0.55503 0.83183 0.00196 0.55533 0.83163 0.00199 0.19429 0.98051 -0.0292 0.1954 0.98029 -0.02909 0.97676 0.19448 0.09013 0.97643 0.1962 0.08995 0.8295 0.5562 0.05072 0.82918 0.55668 0.05064 0.5544 0.83224 0.00348 0.55489 0.83192 0.00356 0.19385 0.98003 -0.0443 0.19558 0.9797 -0.04405 0.97179 0.19565 0.13173 0.94281 0.31616 0.10556 0.82782 0.55688 0.06787 0.8274 0.55752 0.06774 0.55359 0.83278 0.00444 0.55426 0.83233 0.0046 0.19337 0.97931 -0.05968 0.1957 0.97887 -0.05926 0.96906 0.1946 0.15184 0.96853 0.1976 0.15135 0.82559 0.55776 0.08545 0.82503 0.55862 0.08524 0.55258 0.83344 0.00566 0.55336 0.83292 0.00588 0.19286 0.97835 -0.07503 0.19573 0.97783 -0.07439 0.96068 0.19635 0.19632 0.92277 0.35287 0.15483 0.82257 0.55888 0.10502 0.82177 0.56013 0.10464 0.55119 0.83434 0.00818 0.55202 0.83379 0.00846 0.19221 0.97722 -0.08995 0.19564 0.97663 -0.08904 -0.95165 0.19714 0.23558 -0.97866 0.19609 0.06145 -0.22244 0.94702 -0.23166 -0.5215 0.76804 -0.37169 -0.68666 0.5872 -0.4286 -0.89021 0.19213 -0.41305 -0.86245 0.18536 -0.47098 -0.84914 0.25044 -0.46501 -0.17027 0.96536 -0.19771 -0.17506 0.96644 -0.18799 -0.17286 0.96704 -0.18698 -0.18249 0.96976 -0.16205 -0.18074 0.97019 -0.16142 -0.18831 0.97281 -0.13486 -0.18715 0.97307 -0.13455 -0.19158 0.97516 -0.11117 -0.19118 0.97525 -0.11109 -0.47832 0.80658 -0.34732 -0.49605 0.81067 -0.31105 -0.49674 0.81014 -0.31133 -0.51728 0.81595 -0.25814 -0.51821 0.81527 -0.25843 -0.53417 0.82077 -0.20247 -0.53535 0.81994 -0.20274 -0.54471 0.82439 -0.15387 -0.54566 0.82373 -0.15404 -0.71995 0.53349 -0.44392 -0.74622 0.53967 -0.38977 -0.74845 0.53601 -0.39052 -0.77693 0.54408 -0.31678 -0.7792 0.5405 -0.31736 -0.80118 0.54808 -0.24025 -0.80343 0.54461 -0.24063 -0.81645 0.5507 -0.1736 -0.81795 0.5484 -0.17382 -0.97265 0.19399 -0.12775 -0.96724 0.19075 -0.16749 -0.96641 0.19499 -0.16744 -0.95165 0.18832 -0.24268 -0.9503 0.19504 -0.24269 -0.93536 0.18976 -0.29848 -0.94876 -0.02324 -0.31514 -0.92001 0.19251 -0.34137 -0.89175 0.18453 -0.41319 -0.19415 0.97709 -0.08724 -0.1942 0.97708 -0.08724 -0.55171 0.82746 -0.10448 -0.5533 0.82639 -0.10461 -0.82605 0.55354 -0.106 -0.82815 0.55038 -0.10609 -0.99637 0.0274 -0.08065 -0.97796 0.19179 -0.08249 -0.98131 0.19241 -0.00074 -0.98035 0.19725 -0.00085 -0.83286 0.55293 -0.02481 -0.83089 0.55588 -0.02486 -0.55712 0.82921 -0.04511 -0.5553 0.83042 -0.04512 -0.19597 0.97886 -0.05854 -0.19517 0.97902 -0.05852 -0.19432 0.98049 -0.0296 -0.19589 0.98018 -0.02949 -0.55371 0.83258 0.01485 -0.55574 0.83122 0.01502 -0.82819 0.55753 0.05701 -0.83003 0.55477 0.0572 -0.9932 -0.05065 0.10486 -0.97504 0.19434 0.10734 -0.96647 0.19466 0.16746 -0.966 0.19702 0.16743 -0.82128 0.55637 0.1263 -0.82012 0.55811 0.12615 -0.54986 0.83267 0.06571 -0.54834 0.83368 0.06551 -0.19378 0.98103 -0.00502 -0.19228 0.98133 -0.0052 -0.93997 0.19578 0.27951 -0.9663 0.05404 0.25169 -0.80795 0.55633 0.19419 -0.80644 0.55864 0.19385 -0.5414 0.83278 0.11562 -0.53914 0.83431 0.1151 -0.19138 0.98133 0.0192 -0.18871 0.98186 0.0186 -0.92371 0.19494 0.32978 -0.92333 0.19689 0.32969 -0.78512 0.5563 0.27224 -0.78381 0.55835 0.27183 -0.52614 0.83263 0.17294 -0.52381 0.83425 0.17219 -0.18624 0.98138 0.04702 -0.18304 0.98203 0.046 -0.88909 0.19495 0.41414 -0.88885 0.19622 0.41407 -0.75517 0.55564 0.34782 -0.75405 0.55744 0.34738 -0.50599 0.83175 0.22841 -0.50361 0.83346 0.22743 -0.1793 0.98101 0.074 -0.1757 0.98177 0.0725 -0.15928 0.98086 0.11201 -0.15992 0.98074 0.11213 -0.45258 0.82976 0.32661 -0.45329 0.82936 0.32665 -0.67442 0.5526 0.48967 -0.67511 0.55189 0.48953 -0.79289 0.19392 0.57769 -0.52245 0.06342 0.85031 -0.64686 0.19512 0.73722 -0.79339 0.193 0.5773 -0.05617 0.98077 0.18691 -0.0564 0.9807 0.18718 -0.15951 0.82887 0.53622 -0.15973 0.82869 0.53643 -0.23738 0.55113 0.79994 -0.23758 0.55088 0.80006 0.00977 0.98073 0.19512 0.00979 0.98074 0.19506 0.02772 0.82876 0.55891 0.02774 0.8288 0.55886 0.04125 0.55098 0.8335 0.04128 0.55104 0.83346 0.07473 0.9807 0.18067 0.07474 0.98078 0.18021 0.21192 0.82868 0.51805 0.21197 0.82892 0.51765 0.31527 0.55087 0.77275 0.31539 0.55123 0.77245 -0.11575 0.98079 0.15703 -0.1163 0.98067 0.15736 -0.3287 0.82895 0.45255 -0.32925 0.82859 0.45281 -0.48918 0.55129 0.67586 -0.48969 0.55072 0.67595 -0.5746 0.19256 0.79546 -0.27877 0.19302 0.94076 -0.27896 0.1927 0.94077 0.04845 0.19282 0.98004 0.04846 0.19285 0.98003 0.3702 0.19264 0.90876 0.70658 0.08186 0.70288 0.56954 0.19494 0.79851 0.3704 0.19306 0.90859 0.1732 0.98056 0.09219 0.17277 0.98069 0.09164 0.4907 0.82834 0.27031 0.49027 0.82882 0.2696 0.72991 0.55041 0.40532 0.72967 0.55132 0.40451 0.82281 0.551 0.13921 0.8234 0.54991 0.14002 0.55278 0.82836 0.09082 0.55344 0.82786 0.09136 0.19487 0.98043 0.0279 0.19527 0.98034 0.02815 0.13139 0.98066 0.14505 0.13117 0.98079 0.14438 0.37234 0.82857 0.41812 0.3722 0.82897 0.41746 0.55385 0.55072 0.62447 0.55387 0.55132 0.62391 0.65016 0.19329 0.7348 0.85702 0.19222 0.47808 0.85717 0.19347 0.47732 0.96707 0.19182 0.16724 0.96692 0.19351 0.1662 -0.19737 0.94284 0.26851 -0.98355 0.17927 0.02217 -0.97965 0.19593 0.04351 -0.19434 0.94289 0.27054 -0.44085 0.865 0.23965 -0.56293 0.78981 0.24351 -0.60687 0.76633 0.21081 -0.83796 0.5301 0.12971 -0.79038 0.57808 0.20277 -0.89491 0.43318 0.10723 -0.19921 0.9452 0.25866 -0.19683 0.94517 0.2606 -0.56613 0.80603 0.17266 -0.55915 0.80912 0.18075 -0.8415 0.53711 0.0583 -0.83413 0.54663 0.07356 -0.98106 0.18204 -0.06626 -0.97907 0.19872 -0.044 -0.19502 0.95273 0.23297 -0.255 0.93944 0.22895 -0.44104 0.86953 0.22227 -0.60692 0.7681 0.20412 -0.70192 0.68798 0.18435 -0.7912 0.58797 0.16823 -0.96277 0.25305 0.09513 -0.97947 0.18696 0.07535 -0.89484 0.42597 0.13343 -0.96124 0.2568 0.1004 -0.96254 0.25221 0.09953 -0.7 0.69912 0.14572 -0.70384 0.69538 0.14511 -0.25307 0.95538 0.15234 -0.25882 0.95387 0.15214 -0.9596 0.25881 0.11035 -0.96042 0.25589 0.11011 -0.69942 0.70698 0.10485 -0.70344 0.70299 0.10473 -0.25183 0.96514 0.07127 -0.25982 0.96301 0.07147 -0.47792 0.21178 -0.85249 0.36353 0.21973 -0.9053 0.3578 0.23125 -0.90471 0.33076 0.62498 -0.7071 0.32518 0.63193 -0.70351 0.23057 0.90264 -0.36343 0.22625 0.90525 -0.35962 0.08311 0.99497 0.05585 0.08088 0.99504 0.05793 0.13257 0.22629 -0.965 0.13037 0.23604 -0.96296 0.12123 0.63015 -0.76695 0.11914 0.63605 -0.7624 0.08508 0.90821 -0.40978 0.08348 0.91036 -0.40531 0.03083 0.99882 0.0375 0.02999 0.99875 0.03996 -0.21147 0.23844 -0.94786 -0.20763 0.22285 -0.95249 -0.19223 0.63626 -0.74714 -0.19053 0.62689 -0.75545 -0.13436 0.90925 -0.39397 -0.13394 0.90589 -0.40177 -0.04837 0.99783 0.04458 -0.04841 0.99801 0.04038 -0.62529 0.22704 -0.74664 -0.51555 0.04409 -0.85572 -0.48053 0.62871 -0.6114 -0.48168 0.60473 -0.63426 -0.33298 0.89559 -0.29502 -0.33804 0.88697 -0.31465 -0.11894 0.98941 0.08325 -0.12259 0.98974 0.07343 -0.79215 0.2427 -0.56 -0.78519 0.18297 -0.5916 -0.69638 0.60859 -0.38035 -0.7076 0.5727 -0.4139 -0.47681 0.86923 -0.13075 -0.49284 0.85602 -0.156 -0.16909 0.97474 0.14595 -0.17844 0.97465 0.13494 -0.94094 0.23405 -0.24466 -0.94401 0.16309 -0.2868 -0.80862 0.57986 -0.09946 -0.83283 0.53699 -0.1343 -0.54623 0.83519 0.064 -0.57251 0.81882 0.04214 -0.19276 0.95637 0.21953 -0.20563 0.9554 0.21197 -0.313 0.92067 0.23322 -0.70119 0.7071 0.09133 -0.95816 0.25881 0.12224 -0.96051 0.24855 0.1251 -0.95714 0.25882 0.13 -0.95189 0.25868 0.16427 -0.9519 0.25866 0.16427 -0.94042 0.25875 0.22057 -0.96826 0.06187 0.24218 -0.93079 0.25878 0.25819 -0.91848 0.25872 0.2991 -0.91848 0.25872 0.2991 -0.32595 0.92182 0.20978 -0.19088 0.97641 0.10094 -0.23128 0.9659 0.11641 -0.23972 0.96585 0.09829 -0.23969 0.96586 0.09828 -0.2462 0.9659 0.08018 -0.24619 0.9659 0.08017 -0.25128 0.96587 0.06285 -0.25126 0.96588 0.06285 -0.2552 0.96588 0.04404 -0.25518 0.96589 0.04404 -0.25666 0.96592 0.03343 -0.25666 0.96592 0.03343 -0.70119 0.7071 0.09133 -0.697 0.70691 0.12028 -0.69703 0.70688 0.12029 -0.68623 0.70685 0.17164 -0.68626 0.70681 0.17165 -0.67249 0.70697 0.219 -0.6725 0.70695 0.219 -0.65458 0.70676 0.26838 -0.65462 0.70671 0.26839 -0.62548 0.70666 0.33076 -0.62553 0.70661 0.33078 -0.22532 0.96227 0.15256 -0.50463 0.79285 0.34168 -0.58375 0.70643 0.40024 -0.65735 0.60811 0.44508 -0.74994 0.42399 0.50777 -0.89951 0.25872 0.35205 -0.92248 0.07734 0.37822 -0.88225 0.25878 0.39329 -0.85396 0.25851 0.45158 -0.85397 0.25848 0.45158 -0.79789 0.25839 0.54462 -0.8152 0.17551 0.55195 0.37562 0.22747 -0.89842 0.37571 0.22555 -0.89887 0.34315 0.63194 -0.69491 0.34286 0.63298 -0.6941 0.23996 0.9062 -0.34818 0.23831 0.90814 -0.34421 0.08731 0.99369 0.07037 0.08389 0.99344 0.07766 0.40713 0.22573 -0.88504 0.40723 0.22372 -0.8855 0.37036 0.62757 -0.68482 0.37001 0.62875 -0.68393 0.25841 0.9021 -0.3456 0.25652 0.90423 -0.34141 0.09401 0.99352 0.06384 0.0901 0.99336 0.07151 -0.2285 0.93789 0.26104 -0.03831 0.98399 0.17407 -0.47586 0.17576 0.86178 -0.2625 -0.00562 0.96492 0.57619 0.17255 0.79889 0.57619 0.17255 0.79889 0.49539 0.53179 0.68686 0.49539 0.5318 0.68686 0.31969 0.83746 0.44324 0.31969 0.83746 0.44324 0.10477 0.98383 0.14526 0.10477 0.98383 0.14526 -0.36105 0.83746 0.41025 -0.41639 0.78892 0.45192 -0.26051 0.91777 0.29973 -0.65075 0.17255 0.73942 -0.65075 0.17255 0.73942 -0.5595 0.53179 0.63573 -0.6165 0.41952 0.66628 -0.52784 0.60139 0.59976 0.39029 0.17576 0.90376 0.18931 0.01126 0.98185 0.16076 0.52814 0.8338 0.16076 0.52814 0.8338 0.10416 0.83505 0.54023 0.10416 0.83505 0.54023 0.03422 0.98353 0.1775 0.03422 0.98353 0.1775 0.16546 0.17179 0.97114 -0.27922 0.17095 0.94489 -0.24065 0.52814 0.81434 -0.24065 0.52814 0.81434 -0.15592 0.83505 0.52762 -0.15592 0.83505 0.52762 -0.03464 0.9925 0.11722 -0.12535 0.97098 0.20366 0.27367 0.22516 -0.9351 0.27394 0.21926 -0.93642 0.24569 0.62698 -0.73928 0.24771 0.6174 -0.74663 0.16836 0.90308 -0.39509 0.17318 0.89504 -0.411 0.05714 0.99796 0.02846 0.0649 0.99788 0.00503 0.32847 0.23071 -0.9159 0.32873 0.2209 -0.91823 0.29724 0.63776 -0.71057 0.30061 0.62262 -0.72248 0.20385 0.91167 -0.3568 0.21228 0.89956 -0.38175 0.06771 0.99513 0.07168 0.08144 0.99604 0.03579 0.71996 0.1758 0.67138 0.70601 0.25882 0.65922 0.61628 0.53914 0.57405 0.58022 0.60876 0.54106 0.3943 0.84222 0.36769 0.44574 0.79335 0.41462 0.12794 0.98443 0.12057 0.18929 0.96593 0.17651 0.69878 0.21641 -0.68182 0.08129 0.99667 0.00617 0.07943 0.9968 0.0087 0.22377 0.89125 -0.39447 0.22543 0.88985 -0.39668 0.32284 0.6167 -0.71795 0.32677 0.60954 -0.72228 0.55207 -0.04135 -0.83277 0.13549 0.99038 0.02805 0.13117 0.99084 0.03206 0.37161 0.87555 -0.30874 0.37668 0.8716 -0.31372 0.53852 0.60483 -0.58667 0.54781 0.58746 -0.59565 0.60974 0.19743 -0.76762 0.36041 0.22716 -0.90471 0.3647 0.21254 -0.90654 0.17751 0.98179 0.06762 0.17394 0.98232 0.06923 0.49251 0.85461 -0.16455 0.50195 0.84816 -0.1693 0.72228 0.5861 -0.36715 0.73661 0.563 -0.37475 0.83158 0.22454 -0.50799 0.83962 0.18167 -0.51189 0.23764 0.96394 -0.11982 0.5422 0.78443 0.30115 0.64077 0.69644 -0.32307 0.86418 0.25168 -0.43571 0.86418 0.25167 -0.43571 0.96762 0.25167 0.01936 0.96762 0.25167 0.01936 0.84607 0.25167 0.46992 0.84607 0.25167 0.46992 0.64077 0.69644 -0.32307 0.71747 0.69644 0.01435 0.71747 0.69644 0.01435 0.62734 0.69644 0.34844 0.68903 0.59966 0.40699 0.23764 0.96394 -0.11982 0.26608 0.96394 0.00532 0.26608 0.96394 0.00532 0.23266 0.96394 0.12922 0.23266 0.96394 0.12922 0.16873 0.98077 -0.09812 0.16409 0.98164 -0.09728 0.37857 0.89686 -0.22877 0.48124 0.83306 -0.2728 0.83539 0.19509 -0.51387 0.76433 0.44227 -0.46924 0.71666 0.55701 -0.41969 0.67679 0.60875 -0.41397 0.51974 0.79334 -0.317 0.85727 0.21323 -0.46864 0.83853 0.1957 -0.50849 0.83515 0.19575 -0.51402 0.76506 0.57661 -0.28672 0.77403 0.56184 -0.2919 0.5093 0.85078 -0.12958 0.52838 0.83757 -0.13892 0.16925 0.98436 0.04893 0.19828 0.97947 0.03641 0.18908 0.98036 -0.05599 0.15864 0.9865 -0.04071 0.50134 0.83171 -0.23857 0.48225 0.84566 -0.22868 0.73691 0.55598 -0.3845 0.72862 0.56975 -0.38012 0.85877 0.20263 -0.47059 0.89608 0.19614 -0.3982 0.89437 0.20692 -0.39659 0.36502 0.8967 -0.25036 0.75214 0.2587 -0.6061 0.20163 0.96589 -0.16248 0.16103 0.98075 -0.11045 0.21188 0.96589 -0.14888 0.20162 0.96589 -0.16247 0.55073 0.70692 -0.44379 0.50233 0.79307 -0.34454 0.58114 0.70682 -0.40333 0.55072 0.70693 -0.44379 0.75215 0.2587 -0.6061 0.80885 0.19491 -0.55478 0.79496 0.2586 -0.54879 0.73976 0.44194 -0.50739 0.65448 0.6084 -0.4489 -0.72795 -0.42454 0.53839 -0.20753 -0.97252 0.10549 -0.24648 -0.95782 0.14776 -0.22404 -0.96405 0.14286 -0.42227 -0.85746 0.29403 -0.62004 -0.60869 0.49502 -0.48949 -0.79331 0.36203 -0.31384 -0.92067 0.23212 -0.90657 -0.25858 0.33357 -0.88554 -0.25879 0.38581 -0.88554 -0.2588 0.3858 -0.86113 -0.25858 0.43771 -0.86113 -0.25855 0.43772 -0.81451 -0.25851 0.51937 -0.81451 -0.25849 0.51938 -0.77661 -0.25879 0.57438 -0.77992 -0.1758 0.60069 -0.23197 -0.96589 0.11514 -0.2373 -0.96592 0.10339 -0.2373 -0.96592 0.10339 -0.24312 -0.96586 0.08946 -0.24309 -0.96587 0.08945 -0.24935 -0.96588 0.07 -0.24933 -0.96589 0.07 -0.25347 -0.96589 0.05297 -0.25346 -0.9659 0.05296 -0.56855 -0.70706 0.4205 -0.59662 -0.70662 0.38044 -0.59659 -0.70666 0.38042 -0.63069 -0.70672 0.32059 -0.63066 -0.70675 0.32057 -0.64829 -0.70707 0.28244 -0.64829 -0.70707 0.28244 -0.66393 -0.70677 0.2443 -0.66389 -0.70681 0.24428 -0.68103 -0.70686 0.19119 -0.681 -0.70689 0.19118 -0.69233 -0.70692 0.14468 -0.69232 -0.70694 0.14467 -0.95459 -0.25876 0.14764 -0.94553 -0.25871 0.19759 -0.94554 -0.25869 0.19759 -0.93668 -0.2588 0.2359 -0.95315 -0.14109 0.26758 -0.92764 -0.25872 0.26935 -0.90656 -0.25861 0.33357 -0.95816 -0.25881 0.12224 -0.97383 -0.1751 0.14493 -0.69952 -0.70699 0.10411 -0.69954 -0.70697 0.10411 -0.25608 -0.9659 0.03811 -0.25609 -0.9659 0.03811 -0.27172 -0.90028 0.34009 0.57619 -0.17255 0.79889 0.10477 -0.98383 0.14526 0.10477 -0.98383 0.14526 0.49539 -0.5318 0.68686 0.54918 -0.41952 0.72278 0.46736 -0.60139 0.648 0.31969 -0.83746 0.44324 0.37073 -0.78892 0.49007 0.25231 -0.9022 0.34982 0.16795 0.00562 0.98578 0.39029 -0.17576 0.90376 0.57619 -0.17255 0.79889 -0.65075 -0.17255 0.73942 -0.65075 -0.17255 0.73942 -0.6002 -0.41792 0.68198 -0.5667 -0.53095 0.63003 -0.52784 -0.60139 0.59976 -0.36105 -0.83746 0.41025 -0.41639 -0.78892 0.45192 -0.18383 -0.95712 0.22391 -0.30058 -0.92058 0.24937 0.03422 -0.98353 0.1775 0.03422 -0.98353 0.1775 0.10416 -0.83505 0.54023 0.10416 -0.83505 0.54023 0.16076 -0.52814 0.8338 0.16076 -0.52814 0.8338 0.18654 -0.17095 0.96746 -0.2586 -0.17179 0.95059 -0.03831 -0.98399 0.17407 -0.03464 -0.9925 0.11722 -0.15592 -0.83505 0.52762 -0.15592 -0.83505 0.52762 -0.24065 -0.52814 0.81434 -0.24065 -0.52814 0.81434 -0.28338 -0.01126 0.95894 -0.47586 -0.17576 0.86178 -0.69956 -0.70699 0.10383 -0.9596 -0.25881 0.11036 -0.70337 -0.70311 0.1044 -0.70001 -0.6995 0.14381 -0.70379 -0.69568 0.14387 -0.25465 -0.93924 0.23018 -0.25881 -0.95429 0.14948 -0.25308 -0.95591 0.14895 -0.25973 -0.9631 0.0706 -0.25207 -0.96522 0.0694 -0.25844 -0.93817 0.23031 -0.60693 -0.76839 0.20301 -0.70178 -0.68832 0.18364 -0.7912 -0.58815 0.16756 -0.89485 -0.42606 0.13313 -0.96034 -0.25601 0.1105 -0.9612 -0.25693 0.10038 -0.96245 -0.25232 0.10013 -0.96286 -0.25383 0.092 -0.97936 -0.18566 0.0799 0.71996 -0.1758 0.67138 0.66086 -0.42459 0.61887 0.70643 -0.25882 0.65876 0.58022 -0.60876 0.54106 0.51666 -0.70711 0.48277 0.44522 -0.79335 0.41518 0.31053 -0.90538 0.28957 0.18886 -0.96593 0.17697 0.12857 -0.98443 0.11989 -0.19672 -0.94561 0.25907 -0.19945 -0.94475 0.26015 -0.55868 -0.81071 0.175 -0.56696 -0.80424 0.17819 -0.83313 -0.54945 0.06327 -0.84279 -0.5339 0.06822 -0.9839 -0.17499 0.03634 -0.97742 -0.20297 -0.05886 -0.98275 -0.17756 -0.05177 -0.25791 -0.9296 0.26329 -0.19381 -0.95612 0.21971 -0.60621 -0.75706 0.24367 -0.5619 -0.79689 0.22188 -0.79122 -0.59269 0.15064 -0.83886 -0.51932 0.16313 -0.89491 -0.43318 0.10723 -0.97938 -0.19995 0.02899 0.23764 -0.96394 -0.11982 0.23764 -0.96394 -0.11982 0.64077 -0.69644 -0.32307 0.64077 -0.69644 -0.32307 0.86418 -0.25168 -0.43571 0.86418 -0.25167 -0.43571 0.26608 -0.96394 0.00532 0.26608 -0.96394 0.00532 0.71747 -0.69644 0.01435 0.71747 -0.69644 0.01435 0.96762 -0.25167 0.01936 0.96762 -0.25167 0.01936 0.23266 -0.96394 0.12922 0.23266 -0.96394 0.12922 0.62734 -0.69644 0.34844 0.62734 -0.69644 0.34844 0.84607 -0.25167 0.46992 0.84607 -0.25167 0.46992 -0.19489 -0.95293 0.23226 -0.20347 -0.9512 0.23199 -0.55299 -0.82753 0.09689 -0.57192 -0.81482 0.09479 -0.82048 -0.56912 -0.05398 -0.84067 -0.53848 -0.05758 -0.95544 -0.22052 -0.19624 -0.82973 0.01926 -0.55783 -0.91678 -0.21251 -0.33815 -0.96503 -0.17083 -0.19882 -0.14567 -0.98314 0.11053 -0.15502 -0.98252 0.10308 -0.40998 -0.88437 -0.22316 -0.42702 -0.87224 -0.23845 -0.59429 -0.62045 -0.51172 -0.61139 -0.58913 -0.52833 -0.08839 -0.99416 0.06188 -0.09257 -0.99415 0.05564 -0.24733 -0.90361 -0.34973 -0.25482 -0.89691 -0.3614 -0.35499 -0.63379 -0.68724 -0.36316 -0.61586 -0.69916 -0.18194 -0.96755 0.17532 -0.19509 -0.96592 0.17013 -0.51438 -0.85594 -0.05277 -0.54028 -0.83891 -0.06575 -0.75478 -0.59793 -0.26979 -0.78067 -0.55553 -0.28626 -0.86866 -0.17555 -0.46325 -0.66704 -0.24444 -0.70378 -0.67516 -0.1931 -0.71195 -0.39192 -0.24226 -0.88753 0.00722 0.0778 -0.99694 -0.16253 -0.23077 -0.95934 -0.39762 -0.21272 -0.89255 0.2434 -0.63591 -0.73238 0.2416 -0.62438 -0.74281 0.16989 -0.90805 -0.38286 0.16979 -0.90393 -0.39253 0.06108 -0.99693 0.04902 0.06139 -0.99715 0.04386 -0.01588 -0.99916 0.03766 -0.01624 -0.99921 0.03634 -0.04414 -0.91064 -0.41083 -0.04486 -0.90951 -0.41324 -0.06294 -0.63538 -0.76963 -0.06395 -0.63229 -0.77209 -0.06875 -0.22892 -0.97101 0.26337 -0.22016 -0.93924 0.26823 -0.23938 -0.93314 0.80527 -0.25872 -0.53348 0.1627 -0.98077 -0.10778 0.21322 -0.96592 -0.14673 0.80527 -0.25872 -0.53348 0.66148 -0.60862 -0.43821 0.58617 -0.70704 -0.39561 0.50762 -0.79324 -0.33629 0.36883 -0.89681 -0.24434 0.76252 -0.25853 -0.59307 0.76251 -0.25855 -0.59306 0.5585 -0.70667 -0.43439 0.55847 -0.70671 -0.43436 0.20453 -0.96585 -0.15908 0.20452 -0.96585 -0.15906 0.40711 -0.22373 -0.88555 0.40725 -0.22572 -0.88499 0.3701 -0.62874 -0.68389 0.37027 -0.62758 -0.68486 0.25682 -0.90419 -0.34128 0.25812 -0.90214 -0.34573 0.09061 -0.9933 0.07172 0.09351 -0.99358 0.06361 0.37559 -0.22556 -0.89892 0.37574 -0.22746 -0.89838 0.34294 -0.63297 -0.69407 0.34307 -0.63195 -0.69494 0.2386 -0.90811 -0.34411 0.23968 -0.90623 -0.34829 0.08437 -0.99339 0.07784 0.08683 -0.99375 0.07017 0.85674 -0.20158 -0.47473 0.90866 -0.20029 -0.36637 0.90871 -0.2016 -0.36551 0.78385 -0.56877 -0.24914 0.78317 -0.57039 -0.24758 0.52961 -0.84336 -0.09084 0.52791 -0.84467 -0.08855 0.89201 -0.19616 -0.40723 0.89078 -0.2065 -0.40481 0.76968 -0.56154 -0.30375 0.76151 -0.57605 -0.29711 0.52496 -0.83744 -0.15205 0.50687 -0.8505 -0.14044 0.15793 -0.98619 -0.04993 0.19661 -0.98019 0.02383 0.1687 -0.98488 0.03951 0.1879 -0.97873 0.08238 0.18524 -0.97899 0.08525 0.82324 -0.25881 -0.50527 0.82012 -0.3441 -0.45717 0.70076 -0.60788 -0.37338 0.72396 -0.56847 -0.3908 0.54253 -0.79235 -0.279 0.4799 -0.84441 -0.23805 0.40036 -0.89583 -0.19286 0.18697 -0.97997 -0.06855 0.33591 -0.2223 -0.91529 0.33634 -0.22989 -0.91325 0.30688 -0.62542 -0.71741 0.30544 -0.63701 -0.70776 0.21566 -0.90191 -0.37424 0.21079 -0.91106 -0.35431 0.08063 -0.99574 0.04483 0.07217 -0.99469 0.07333 0.2812 -0.2188 -0.93437 0.28149 -0.2268 -0.93238 0.25456 -0.6169 -0.74474 0.2531 -0.6298 -0.73436 0.17819 -0.89466 -0.40969 0.17352 -0.90535 -0.3876 0.0669 -0.99774 0.00554 0.05883 -0.99755 0.03789 0.61035 -0.2069 -0.76463 0.17849 -0.98104 0.07558 0.18024 -0.98085 0.07383 0.50989 -0.84774 -0.14612 0.50466 -0.85198 -0.13942 0.75008 -0.56641 -0.3414 0.74401 -0.58206 -0.32811 0.71041 0.09045 -0.69795 0.14668 -0.98825 0.04291 0.14967 -0.988 0.03815 0.41821 -0.86546 -0.27583 0.41457 -0.86953 -0.26842 0.60845 -0.58164 -0.5399 0.60454 -0.59933 -0.52472 0.68333 -0.22891 -0.6933 0.85857 -0.18808 -0.47695 0.86015 -0.21746 -0.46135 0.09079 -0.9958 0.01157 0.09189 -0.99575 0.00685 0.25524 -0.88566 -0.3879 0.25456 -0.88782 -0.38337 0.36788 -0.60364 -0.7073 0.36812 -0.61465 -0.69763 0.40874 -0.20846 -0.88852 0.41338 -0.23086 -0.88081 -0.50859 0.69475 -0.50859 -0.50859 0.69475 -0.50859 -0.69475 0.69475 -0.18616 -0.69475 0.69475 -0.18616 -0.69475 0.69475 0.18616 -0.69475 0.69475 0.18616 -0.50859 0.69475 0.50859 -0.50859 0.69475 0.50859 -0.18616 0.69475 0.69475 -0.18616 0.69474 0.69475 0.18616 0.69474 0.69475 0.18616 0.69475 0.69475 0.50859 0.69475 0.50859 0.50859 0.69475 0.50859 0.69475 0.69475 0.18616 0.69475 0.69475 0.18616 0.69475 0.69475 -0.18616 0.69475 0.69475 -0.18616 0.50859 0.69475 -0.50859 0.50859 0.69475 -0.50859 0.18616 0.69475 -0.69475 0.18616 0.69475 -0.69474 -0.18616 0.69475 -0.69474 -0.18616 0.69475 -0.69475 -0.50859 -0.69475 0.50859 -0.50859 -0.69475 0.50859 -0.69475 -0.69475 0.18616 -0.69475 -0.69475 0.18616 -0.69475 -0.69475 -0.18616 -0.69475 -0.69475 -0.18616 -0.50859 -0.69475 -0.50859 -0.50859 -0.69475 -0.50859 -0.18616 -0.69475 -0.69475 -0.18616 -0.69475 -0.69474 0.18616 -0.69475 -0.69474 0.18616 -0.69475 -0.69475 0.50859 -0.69475 -0.50859 0.50859 -0.69475 -0.50859 0.69475 -0.69475 -0.18616 0.69475 -0.69475 -0.18616 0.69475 -0.69475 0.18616 0.69475 -0.69475 0.18616 0.50859 -0.69475 0.50859 0.50859 -0.69475 0.50859 0.18616 -0.69475 0.69475 0.18616 -0.69474 0.69475 -0.18616 -0.69474 0.69475 -0.18616 -0.69475 0.69475 -0.50859 0.69475 -0.50858 -0.50859 0.69474 -0.50859 -0.69475 0.69475 -0.18616 -0.69475 0.69475 -0.18616 -0.69475 0.69475 0.18616 -0.69475 0.69475 0.18616 -0.50859 0.69474 0.50859 -0.50859 0.69475 0.50858 -0.18616 0.69476 0.69474 -0.18616 0.69473 0.69476 0.18616 0.69473 0.69476 0.18615 0.69476 0.69474 0.50859 0.69475 0.50858 0.5086 0.69474 0.50859 0.69475 0.69474 0.18616 0.69475 0.69475 0.18616 0.69475 0.69475 -0.18616 0.69475 0.69474 -0.18616 0.50859 0.69474 -0.50859 0.50859 0.69475 -0.50858 0.18616 0.69476 -0.69474 0.18616 0.69473 -0.69476 -0.18616 0.69473 -0.69476 -0.18615 0.69476 -0.69474 0.52855 -0 -0.8489 0.18443 -0 -0.98285 0.18443 0 0.98285 0.52855 0 0.8489 -0.18443 -0 -0.98285 -0.52855 -0 -0.8489 -0.52855 0 0.8489 -0.18443 0 0.98285 -0.60876 0 0.79335 -0.65451 -0.37847 0.65451 -0.79335 0 0.60876 -0.89687 0 0.44229 -0.92359 -0.29281 0.24747 -0.98079 0 0.19509 -0.96593 -0 -0.25882 -0.90866 -0.37639 -0.18074 -0.89687 -0 -0.44229 -0.79335 -0 -0.60876 -0.65451 -0.37847 -0.65451 -0.60876 -0 -0.79335 -0.44229 -0 -0.89687 -0.24747 -0.29281 -0.92359 -0.19509 -0 -0.98079 0.25882 -0 -0.96593 0.18074 -0.37638 -0.90866 0.44229 -0 -0.89687 0.60876 -0 -0.79335 0.65451 -0.37847 -0.65451 0.79335 -0 -0.60876 0.89687 -0 -0.44229 0.92359 -0.29281 -0.24747 0.98079 -0 -0.19509 0.96593 0 0.25882 0.90866 -0.37639 0.18074 0.89687 0 0.44229 0.70711 0 0.70711 0.61625 -0.62979 0.47287 0.60876 0 0.79335 0.44229 0 0.89687 0.24747 -0.29281 0.92359 0.19509 0 0.98079 -0.25882 0 0.96593 -0.18074 -0.37638 0.90866 -0.44229 0 0.89687 0.90909 0 0.4166 -0.65451 0.37847 -0.65451 -0.92359 0.29281 -0.24747 -0.98079 -0 -0.19509 -0.96593 0 0.25882 -0.90866 0.37639 0.18074 -0.70711 0 0.70711 -0.61625 0.62979 0.47287 -0.24747 0.29281 0.92359 -0.19509 0 0.98079 0.25882 0 0.96593 0.18074 0.37638 0.90866 0.47287 0.62979 0.61625 0.79335 0 0.60876 0.92359 0.29281 0.24747 0.98079 0 0.19509 0.96593 -0 -0.25882 0.90866 0.37639 -0.18074 0.65451 0.37847 -0.65451 0.24747 0.29281 -0.92359 0.19509 -0 -0.98079 -0.25882 -0 -0.96593 -0.18074 0.37638 -0.90866 -0.09985 -0.96536 0.24105 -0.09984 -0.96537 0.24104 -0.15883 -0.96537 0.20698 -0.15882 -0.96537 0.20697 -0.20698 -0.96537 0.15882 -0.20701 -0.96536 0.15885 -0.24106 -0.96536 0.09985 -0.24103 -0.96537 0.09984 -0.25867 -0.96537 0.03405 -0.25867 -0.96537 0.03405 -0.25867 -0.96537 -0.03405 -0.25867 -0.96537 -0.03405 -0.24103 -0.96537 -0.09984 -0.24106 -0.96536 -0.09985 -0.20701 -0.96536 -0.15885 -0.20698 -0.96537 -0.15882 -0.15882 -0.96537 -0.20697 -0.15882 -0.96537 -0.20698 -0.09984 -0.96537 -0.24104 -0.09985 -0.96536 -0.24105 -0.03405 -0.96536 -0.25868 -0.03405 -0.96538 -0.25863 0.03405 -0.96538 -0.25863 0.03406 -0.96536 -0.25868 0.09985 -0.96536 -0.24105 0.09984 -0.96537 -0.24104 0.15882 -0.96537 -0.20698 0.15882 -0.96537 -0.20697 0.20697 -0.96537 -0.15882 0.20701 -0.96536 -0.15885 0.24106 -0.96536 -0.09985 0.24103 -0.96537 -0.09984 0.25867 -0.96537 -0.03405 0.25867 -0.96537 -0.03405 0.25867 -0.96537 0.03405 0.25867 -0.96537 0.03405 0.24103 -0.96537 0.09984 0.24106 -0.96536 0.09985 0.20701 -0.96536 0.15885 0.20698 -0.96537 0.15882 0.15882 -0.96537 0.20697 0.15882 -0.96537 0.20698 0.09984 -0.96537 0.24104 0.09985 -0.96536 0.24105 0.03405 -0.96536 0.25868 0.03405 -0.96538 0.25863 -0.03405 -0.96538 0.25863 -0.03406 -0.96536 0.25868 -0.27179 -0.70398 0.65616 -0.27177 -0.70403 0.65611 -0.43232 -0.70403 0.56341 -0.43229 -0.70408 0.56338 -0.56338 -0.70408 0.43229 -0.56333 -0.70414 0.43226 -0.65603 -0.70412 0.27174 -0.65606 -0.70408 0.27175 -0.70405 -0.70407 0.09269 -0.70406 -0.70407 0.09269 -0.70406 -0.70407 -0.09269 -0.70405 -0.70407 -0.09269 -0.65606 -0.70408 -0.27175 -0.65603 -0.70412 -0.27174 -0.56333 -0.70414 -0.43225 -0.56338 -0.70408 -0.4323 -0.4323 -0.70408 -0.56338 -0.43232 -0.70403 -0.56341 -0.27177 -0.70403 -0.65611 -0.27179 -0.70398 -0.65616 -0.0927 -0.70397 -0.70415 -0.0927 -0.70401 -0.70411 0.0927 -0.70401 -0.70411 0.09271 -0.70397 -0.70415 0.27179 -0.70398 -0.65616 0.27177 -0.70403 -0.65611 0.43232 -0.70403 -0.56341 0.4323 -0.70408 -0.56338 0.56338 -0.70407 -0.4323 0.56333 -0.70414 -0.43226 0.65604 -0.70411 -0.27174 0.65607 -0.70408 -0.27175 0.70406 -0.70407 -0.09269 0.70406 -0.70406 -0.09269 0.70406 -0.70406 0.09269 0.70406 -0.70407 0.09269 0.65607 -0.70408 0.27175 0.65604 -0.70411 0.27174 0.56333 -0.70414 0.43226 0.56338 -0.70407 0.4323 0.4323 -0.70408 0.56338 0.43232 -0.70403 0.56341 0.27177 -0.70403 0.65611 0.27179 -0.70398 0.65616 0.0927 -0.70397 0.70415 0.0927 -0.70401 0.70411 -0.0927 -0.70401 0.70411 -0.09271 -0.70397 0.70415 -0.36984 -0.25689 0.89288 -0.36985 -0.25684 0.89289 -0.58834 -0.25683 0.76674 -0.58834 -0.2568 0.76675 -0.76675 -0.25679 0.58835 -0.76678 -0.25666 0.58837 -0.89292 -0.25669 0.36986 -0.89293 -0.25668 0.36986 -0.95822 -0.25672 0.12615 -0.95821 -0.25674 0.12615 -0.95821 -0.25674 -0.12615 -0.95822 -0.25672 -0.12615 -0.89293 -0.25668 -0.36986 -0.89292 -0.25669 -0.36986 -0.76678 -0.25666 -0.58837 -0.76675 -0.25679 -0.58835 -0.58834 -0.2568 -0.76675 -0.58834 -0.25683 -0.76674 -0.36984 -0.25684 -0.89289 -0.36984 -0.25689 -0.89288 -0.12615 -0.2569 -0.95817 -0.12615 -0.25673 -0.95822 0.12615 -0.25673 -0.95821 0.12614 -0.2569 -0.95817 0.36984 -0.25689 -0.89288 0.36985 -0.25684 -0.89289 0.58834 -0.25683 -0.76674 0.58834 -0.2568 -0.76675 0.76675 -0.25679 -0.58835 0.76678 -0.25666 -0.58837 0.89292 -0.2567 -0.36986 0.89293 -0.25668 -0.36986 0.95822 -0.25673 -0.12615 0.95821 -0.25675 -0.12615 0.95821 -0.25675 0.12615 0.95822 -0.25673 0.12615 0.89293 -0.25668 0.36986 0.89292 -0.2567 0.36986 0.76678 -0.25666 0.58837 0.76675 -0.25679 0.58834 0.58834 -0.2568 0.76675 0.58834 -0.25683 0.76674 0.36984 -0.25684 0.89289 0.36984 -0.25689 0.89287 0.12615 -0.2569 0.95817 0.12615 -0.25673 0.95822 -0.12615 -0.25673 0.95821 -0.12614 -0.2569 0.95817 0.95721 -0.25881 0.12948 0.25664 -0.96592 0.03355 0.98553 -0.10508 0.13301 0.74208 -0.65965 0.11908 0.73128 -0.67998 0.05342 0.98808 0.03499 0.14991 0.95503 -0.25882 0.14469 0.95721 -0.25881 0.12948 0.704 -0.70378 0.09523 0.70081 -0.70709 0.09428 0.48658 -0.87118 0.06551 0.24623 -0.96875 0.02994 0.24931 -0.96584 0.07066 0.25515 -0.96584 0.0452 0.25515 -0.96584 0.0452 0.69671 -0.70666 0.12341 0.69671 -0.70666 0.12341 0.9512 -0.25852 0.16849 0.9512 -0.25851 0.16849 0.24931 -0.96584 0.07065 0.68074 -0.70666 0.19293 0.68075 -0.70665 0.19293 0.9294 -0.25851 0.2634 0.9294 -0.25852 0.2634 0.90381 -0.1076 0.41418 0.87692 -0.25881 0.405 0.85904 -0.32589 0.39477 0.80163 -0.47167 0.36732 0.66524 -0.68145 0.30509 0.6422 -0.70711 0.29594 0.48456 -0.84611 0.22204 0.23524 -0.96593 0.10794 0.23263 -0.9667 0.10661 0.10528 -0.96551 0.23811 0.10528 -0.96552 0.23811 0.1556 -0.96552 0.20873 0.1556 -0.96552 0.20873 0.19812 -0.96552 0.1689 0.19812 -0.96552 0.1689 0.23072 -0.96552 0.12061 0.23072 -0.96552 0.12061 0.28685 -0.70488 0.64874 0.28685 -0.70488 0.64874 0.42394 -0.70488 0.5687 0.42394 -0.70487 0.56872 0.5398 -0.70487 0.46019 0.5398 -0.70487 0.46018 0.62862 -0.70488 0.32862 0.62862 -0.70487 0.32862 0.39078 -0.25731 0.88379 0.39077 -0.25729 0.8838 0.57753 -0.25729 0.77476 0.57754 -0.25732 0.77475 0.73537 -0.25731 0.62691 0.73537 -0.2573 0.62692 0.85637 -0.2573 0.44768 0.85637 -0.25731 0.44768 0.24335 -0.96591 0.0883 0.24335 -0.96591 0.08831 0.66477 -0.70702 0.24125 0.66479 -0.70703 0.24115 0.90804 -0.25877 0.32939 0.90802 -0.25876 0.32947 0.74208 0.65965 0.11908 0.98838 -0.0249 0.14995 0.97021 0.19257 0.14699 0.70074 0.70709 0.09479 0.70433 0.70352 0.09475 0.73128 0.67998 0.05342 0.25664 0.96592 0.03355 0.24623 0.96875 0.02994 0.48658 0.87118 0.06551 0.95656 0.25882 0.13421 0.95721 0.25881 0.12948 0.95721 0.25881 0.12948 0.21208 -0.96447 0.15755 0.57384 -0.69927 0.42629 0.57384 -0.69927 0.4263 0.7765 -0.25354 0.57686 0.77651 -0.25354 0.57685 0.12975 -0.96447 0.23014 0.35108 -0.69926 0.62272 0.35109 -0.69927 0.6227 0.47509 -0.25355 0.84262 0.4751 -0.25355 0.84261 0.94003 0 0.34108 0.92941 0.25851 0.2634 0.9512 0.25852 0.16849 0.9512 0.25851 0.16849 0.69671 0.70666 0.12341 0.69671 0.70666 0.12341 0.25515 0.96584 0.0452 0.25515 0.96584 0.0452 0.9294 0.25852 0.2634 0.68074 0.70666 0.19293 0.68075 0.70665 0.19293 0.24931 0.96584 0.07066 0.24931 0.96584 0.07066 0.23529 0.96593 0.10783 0.58344 0.76648 0.26851 0.44018 0.87511 0.20106 0.16723 0.98267 0.07992 0.55336 0.79335 0.25376 0.72129 0.60878 0.33035 0.74304 0.57685 0.33932 0.87811 0.25882 0.40241 0.90083 0.10871 0.42034 0.86129 0.31834 0.39603 0.49115 0 0.87108 0.80274 0 0.59633 0.90802 0.25877 0.32947 0.90804 0.25876 0.32939 0.6648 0.70702 0.24116 0.66476 0.70703 0.24125 0.24335 0.96591 0.08831 0.24335 0.96591 0.0883 0.21208 0.96447 0.15755 0.12975 0.96447 0.23014 0.35107 0.69927 0.62271 0.3511 0.69926 0.6227 0.47509 0.25355 0.84261 0.4751 0.25355 0.84261 0.49546 0.7868 0.36806 0.4911 0.70675 0.50924 0.64199 0.60032 0.47693 0.7765 0.25355 0.57685 0.77651 0.25354 0.57685 0.39077 0.25731 0.88379 0.39078 0.25729 0.88379 0.57754 0.25729 0.77476 0.57753 0.25732 0.77476 0.73537 0.25731 0.62692 0.73537 0.2573 0.62691 0.85637 0.2573 0.44768 0.85637 0.25731 0.44768 0.28685 0.70488 0.64874 0.28684 0.70488 0.64874 0.42393 0.70488 0.5687 0.42394 0.70487 0.56871 0.5398 0.70487 0.46019 0.5398 0.70487 0.46019 0.62862 0.70488 0.32862 0.62862 0.70487 0.32862 0.10528 0.96551 0.23811 0.10528 0.96552 0.23811 0.1556 0.96552 0.20873 0.1556 0.96552 0.20873 0.19812 0.96552 0.1689 0.19812 0.96552 0.1689 0.23072 0.96552 0.12061 0.23072 0.96552 0.12061 -0.09985 0.96536 -0.24105 -0.09984 0.96537 -0.24104 -0.15882 0.96537 -0.20698 -0.15882 0.96537 -0.20697 -0.20698 0.96537 -0.15882 -0.20698 0.96537 -0.15882 -0.24104 0.96537 -0.09984 -0.24106 0.96536 -0.09985 -0.25868 0.96536 -0.03406 -0.25867 0.96537 -0.03405 -0.25867 0.96537 0.03405 -0.25867 0.96537 0.03405 -0.24103 0.96537 0.09984 -0.24106 0.96536 0.09985 -0.20701 0.96536 0.15885 -0.20701 0.96536 0.15885 -0.15885 0.96535 0.20702 -0.15882 0.96537 0.20698 -0.09984 0.96537 0.24104 -0.09985 0.96536 0.24105 -0.03406 0.96536 0.25868 -0.03405 0.96538 0.25863 0.03405 0.96538 0.25863 0.03406 0.96536 0.25868 0.09985 0.96536 0.24105 0.09984 0.96537 0.24104 0.15882 0.96537 0.20698 0.15885 0.96535 0.20702 0.20701 0.96536 0.15885 0.20701 0.96536 0.15885 0.24106 0.96536 0.09985 0.24103 0.96537 0.09984 0.25867 0.96537 0.03405 0.25867 0.96537 0.03405 0.25867 0.96537 -0.03405 0.25868 0.96536 -0.03406 0.24106 0.96536 -0.09985 0.24104 0.96537 -0.09984 0.20698 0.96537 -0.15882 0.20698 0.96537 -0.15882 0.15882 0.96537 -0.20697 0.15882 0.96537 -0.20698 0.09984 0.96537 -0.24104 0.09985 0.96536 -0.24105 0.03406 0.96536 -0.25868 0.03406 0.96536 -0.2587 -0.03406 0.96536 -0.2587 -0.03405 0.96536 -0.25868 -0.27179 0.70397 -0.65617 -0.27177 0.70402 -0.65612 -0.43232 0.70403 -0.56342 -0.4323 0.70407 -0.56339 -0.56339 0.70407 -0.4323 -0.5634 0.70405 -0.43231 -0.65609 0.70405 -0.27176 -0.65607 0.70407 -0.27175 -0.70406 0.70406 -0.09269 -0.70407 0.70406 -0.09269 -0.70407 0.70406 0.09269 -0.70406 0.70406 0.09269 -0.65607 0.70407 0.27175 -0.65609 0.70405 0.27176 -0.5634 0.70405 0.43231 -0.56339 0.70407 0.4323 -0.4323 0.70407 0.56338 -0.43226 0.70414 0.56332 -0.27172 0.70416 0.65599 -0.27174 0.70411 0.65604 -0.09269 0.70411 0.70402 -0.0927 0.70401 0.70412 0.0927 0.70401 0.70412 0.09268 0.70411 0.70402 0.27174 0.70411 0.65604 0.27172 0.70416 0.656 0.43226 0.70414 0.56333 0.4323 0.70407 0.56338 0.56339 0.70407 0.4323 0.5634 0.70405 0.43231 0.65609 0.70405 0.27176 0.65607 0.70407 0.27176 0.70406 0.70406 0.09269 0.70407 0.70406 0.09269 0.70407 0.70406 -0.09269 0.70406 0.70406 -0.09269 0.65607 0.70407 -0.27175 0.65609 0.70405 -0.27176 0.5634 0.70405 -0.43231 0.56339 0.70407 -0.4323 0.4323 0.70407 -0.56338 0.43232 0.70403 -0.56342 0.27177 0.70402 -0.65612 0.27179 0.70397 -0.65617 0.0927 0.70396 -0.70416 0.09269 0.70415 -0.70397 -0.09268 0.70415 -0.70397 -0.09271 0.70397 -0.70416 -0.36984 0.25689 -0.89288 -0.36984 0.25684 -0.89289 -0.58834 0.25683 -0.76674 -0.58838 0.25659 -0.76679 -0.76679 0.25663 -0.58837 -0.76678 0.25666 -0.58837 -0.89292 0.25669 -0.36986 -0.8929 0.25679 -0.36985 -0.95821 0.25677 -0.12615 -0.95821 0.25675 -0.12615 -0.95821 0.25675 0.12615 -0.95821 0.25673 0.12615 -0.89292 0.25668 0.36986 -0.8929 0.2568 0.36985 -0.76674 0.25682 0.58834 -0.76675 0.25679 0.58835 -0.58835 0.2568 0.76674 -0.58837 0.25662 0.76679 -0.36987 0.25659 0.89295 -0.36986 0.25664 0.89294 -0.12615 0.25663 0.95824 -0.12615 0.25673 0.95821 0.12615 0.25673 0.95822 0.12616 0.25663 0.95824 0.36986 0.25664 0.89294 0.36987 0.25659 0.89295 0.58838 0.25662 0.76678 0.58834 0.2568 0.76675 0.76675 0.25679 0.58835 0.76674 0.25682 0.58834 0.8929 0.2568 0.36985 0.89293 0.25668 0.36986 0.95821 0.25673 0.12615 0.95821 0.25675 0.12615 0.95821 0.25675 -0.12615 0.95821 0.25677 -0.12615 0.8929 0.25679 -0.36985 0.89292 0.25669 -0.36986 0.76678 0.25666 -0.58837 0.76678 0.25663 -0.58837 0.58838 0.25659 -0.76679 0.58835 0.25683 -0.76674 0.36984 0.25684 -0.89289 0.36984 0.25689 -0.89288 0.12615 0.2569 -0.95817 0.12615 0.25673 -0.95821 -0.12616 0.25673 -0.95821 -0.12615 0.2569 -0.95817 -0.09985 -0.96536 0.24105 -0.09984 -0.96537 0.24104 -0.15882 -0.96537 0.20698 -0.15885 -0.96535 0.20702 -0.20701 -0.96536 0.15885 -0.20701 -0.96536 0.15885 -0.24106 -0.96536 0.09985 -0.24103 -0.96537 0.09984 -0.25867 -0.96537 0.03405 -0.25867 -0.96537 0.03405 -0.25867 -0.96537 -0.03405 -0.25868 -0.96536 -0.03406 -0.24106 -0.96536 -0.09985 -0.24104 -0.96537 -0.09984 -0.20698 -0.96537 -0.15882 -0.20698 -0.96537 -0.15882 -0.15882 -0.96537 -0.20697 -0.15882 -0.96537 -0.20698 -0.09984 -0.96537 -0.24104 -0.09985 -0.96536 -0.24105 -0.03406 -0.96536 -0.25868 -0.03406 -0.96536 -0.2587 0.03406 -0.96536 -0.2587 0.03405 -0.96536 -0.25868 0.09985 -0.96536 -0.24105 0.09984 -0.96537 -0.24104 0.15882 -0.96537 -0.20698 0.15882 -0.96537 -0.20697 0.20698 -0.96537 -0.15882 0.20698 -0.96537 -0.15882 0.24104 -0.96537 -0.09984 0.24106 -0.96536 -0.09985 0.25868 -0.96536 -0.03406 0.25867 -0.96537 -0.03405 0.25867 -0.96537 0.03405 0.25867 -0.96537 0.03405 0.24103 -0.96537 0.09984 0.24106 -0.96536 0.09985 0.20701 -0.96536 0.15885 0.20701 -0.96536 0.15885 0.15885 -0.96535 0.20702 0.15882 -0.96537 0.20698 0.09984 -0.96537 0.24104 0.09985 -0.96536 0.24105 0.03406 -0.96536 0.25868 0.03405 -0.96538 0.25863 -0.03405 -0.96538 0.25863 -0.03406 -0.96536 0.25868 -0.27174 -0.70411 0.65604 -0.27172 -0.70416 0.656 -0.43226 -0.70414 0.56333 -0.4323 -0.70407 0.56338 -0.56339 -0.70407 0.4323 -0.5634 -0.70405 0.43231 -0.65609 -0.70405 0.27176 -0.65607 -0.70407 0.27176 -0.70406 -0.70406 0.09269 -0.70407 -0.70406 0.09269 -0.70407 -0.70406 -0.09269 -0.70406 -0.70406 -0.09269 -0.65607 -0.70407 -0.27175 -0.65609 -0.70405 -0.27176 -0.5634 -0.70405 -0.43231 -0.56339 -0.70407 -0.4323 -0.4323 -0.70407 -0.56338 -0.43232 -0.70403 -0.56342 -0.27177 -0.70402 -0.65612 -0.27179 -0.70397 -0.65617 -0.0927 -0.70396 -0.70416 -0.09269 -0.70415 -0.70397 0.09268 -0.70415 -0.70397 0.09271 -0.70397 -0.70416 0.27179 -0.70397 -0.65617 0.27177 -0.70402 -0.65612 0.43232 -0.70403 -0.56342 0.4323 -0.70407 -0.56339 0.56339 -0.70407 -0.4323 0.5634 -0.70405 -0.43231 0.65609 -0.70405 -0.27176 0.65607 -0.70407 -0.27175 0.70406 -0.70406 -0.09269 0.70407 -0.70406 -0.09269 0.70407 -0.70406 0.09269 0.70406 -0.70406 0.09269 0.65607 -0.70407 0.27175 0.65609 -0.70405 0.27176 0.5634 -0.70405 0.43231 0.56339 -0.70407 0.4323 0.4323 -0.70407 0.56338 0.43226 -0.70414 0.56332 0.27172 -0.70416 0.65599 0.27174 -0.70411 0.65604 0.09269 -0.70411 0.70402 0.0927 -0.70401 0.70412 -0.0927 -0.70401 0.70412 -0.09268 -0.70411 0.70402 -0.36986 -0.25664 0.89294 -0.36987 -0.25659 0.89295 -0.58838 -0.25662 0.76678 -0.58834 -0.2568 0.76675 -0.76675 -0.25679 0.58835 -0.76674 -0.25682 0.58834 -0.8929 -0.2568 0.36985 -0.89293 -0.25668 0.36986 -0.95821 -0.25673 0.12615 -0.95821 -0.25675 0.12615 -0.95821 -0.25675 -0.12615 -0.95821 -0.25677 -0.12615 -0.8929 -0.25679 -0.36985 -0.89292 -0.25669 -0.36986 -0.76678 -0.25666 -0.58837 -0.76678 -0.25663 -0.58837 -0.58838 -0.25659 -0.76679 -0.58835 -0.25683 -0.76674 -0.36984 -0.25684 -0.89289 -0.36984 -0.25689 -0.89288 -0.12615 -0.2569 -0.95817 -0.12615 -0.25673 -0.95821 0.12616 -0.25673 -0.95821 0.12615 -0.2569 -0.95817 0.36984 -0.25689 -0.89288 0.36984 -0.25684 -0.89289 0.58834 -0.25683 -0.76674 0.58838 -0.25659 -0.76679 0.76679 -0.25663 -0.58837 0.76678 -0.25666 -0.58837 0.89292 -0.25669 -0.36986 0.8929 -0.25679 -0.36985 0.95821 -0.25677 -0.12615 0.95821 -0.25675 -0.12615 0.95821 -0.25675 0.12615 0.95821 -0.25673 0.12615 0.89292 -0.25668 0.36986 0.8929 -0.2568 0.36985 0.76674 -0.25682 0.58834 0.76675 -0.25679 0.58835 0.58835 -0.2568 0.76674 0.58837 -0.25662 0.76679 0.36987 -0.25659 0.89295 0.36986 -0.25664 0.89294 0.12615 -0.25663 0.95824 0.12615 -0.25673 0.95821 -0.12615 -0.25673 0.95822 -0.12616 -0.25663 0.95824 -0.50858 -0.69475 0.50858 -0.50859 -0.69475 0.50859 -0.69474 -0.69475 0.18616 -0.69475 -0.69475 0.18616 -0.69475 -0.69475 -0.18616 -0.69474 -0.69475 -0.18616 -0.50859 -0.69475 -0.50858 -0.5086 -0.69474 -0.5086 -0.18616 -0.69474 -0.69476 -0.18616 -0.69474 -0.69475 0.18616 -0.69474 -0.69475 0.18616 -0.69474 -0.69476 0.5086 -0.69474 -0.50859 0.50859 -0.69475 -0.50859 0.69474 -0.69475 -0.18616 0.69475 -0.69475 -0.18616 0.69475 -0.69475 0.18616 0.69474 -0.69475 0.18616 0.50859 -0.69475 0.50859 0.50858 -0.69475 0.50858 0.18615 -0.69476 0.69474 0.18616 -0.69474 0.69475 -0.18616 -0.69474 0.69475 -0.18615 -0.69476 0.69474 -0.5086 0.69474 -0.50859 -0.50859 0.69475 -0.50859 -0.69474 0.69475 -0.18616 -0.69475 0.69475 -0.18616 -0.69475 0.69475 0.18616 -0.69474 0.69475 0.18616 -0.50859 0.69475 0.50859 -0.50858 0.69475 0.50858 -0.18615 0.69476 0.69474 -0.18616 0.69474 0.69475 0.18616 0.69474 0.69475 0.18615 0.69476 0.69474 0.50858 0.69475 0.50858 0.50859 0.69475 0.50859 0.69474 0.69475 0.18616 0.69475 0.69475 0.18616 0.69475 0.69475 -0.18616 0.69474 0.69475 -0.18616 0.50859 0.69475 -0.50858 0.5086 0.69474 -0.5086 0.18616 0.69474 -0.69476 0.18616 0.69474 -0.69475 -0.18616 0.69474 -0.69475 -0.18616 0.69474 -0.69476 0.02983 0.99927 0.02392 0.20038 0.97388 0.1068 0.67899 0.66745 0.30573 0.22769 0.95602 0.18491 0.58114 0.66515 0.46888 0.47404 0.79579 0.37683 0.78013 0.24274 0.5766 0.74762 0.27218 0.60579 0.74761 0.28543 0.59967 0.85292 0.25874 0.4534 0.85293 0.25874 0.4534 0.82955 0.25874 0.49488 0.82954 0.25876 0.49488 0.80415 0.25876 0.53516 0.80415 0.25874 0.53516 0.77714 0.25875 0.57368 0.72925 0.37355 0.57329 0.55558 0.7071 0.43743 0.56874 0.707 0.42035 0.56872 0.70701 0.42034 0.58875 0.70701 0.39181 0.58876 0.70699 0.39182 0.60735 0.70699 0.36233 0.60735 0.70699 0.36233 0.62447 0.70699 0.33196 0.60509 0.72778 0.32279 0.68477 0.66305 0.30243 0.42945 0.83646 0.34046 0.20264 0.96592 0.16102 0.20819 0.96591 0.15388 0.2082 0.96591 0.15388 0.21553 0.96591 0.14343 0.21553 0.96591 0.14343 0.22233 0.96591 0.13264 0.22233 0.96591 0.13264 0.22752 0.96592 0.12344 0.68478 0.66711 0.29332 0.93057 0.25752 0.26025 0.85943 0.45476 0.2336 0.8322 0.50626 0.22614 0.9312 0.22196 0.28914 0.89253 0.25057 0.37498 0.89104 0.25827 0.3733 0.85985 -0.19494 0.47186 0.69661 -0.4273 0.57632 0.44273 -0.83141 0.33578 0.52992 -0.74598 0.40337 0.44317 -0.83133 0.33539 0.65753 -0.56855 0.49437 0.66454 -0.5554 0.49992 0.7877 -0.18241 0.58844 0.2314 -0.95687 0.17563 0.15485 -0.98076 0.1189 0.03644 -0.99895 0.02787 0.1703 -0.98077 0.09535 0.1342 -0.98818 0.07411 0.48636 -0.83132 0.26899 0.42196 -0.87654 0.23156 0.61992 -0.73427 0.27666 0.5881 -0.75915 0.27898 0.79236 0.11931 0.59828 0.78794 -0.19508 0.58404 0.81544 -0.19505 0.54498 0.83553 -0.19508 0.51365 0.85985 -0.19496 0.47186 0.72908 -0.5553 0.4001 0.79727 -0.41892 0.43459 0.70917 -0.5879 0.38917 0.80396 0.2808 0.52421 0.69664 -0.5553 0.45424 0.69665 -0.55529 0.45424 0.4656 -0.83129 0.30359 0.46562 -0.83128 0.3036 0.16353 -0.98076 0.10663 0.16353 -0.98076 0.10663 0.74529 -0.5874 0.31545 0.59188 -0.75903 0.27121 0.8365 -0.41842 0.35381 0.90157 -0.19475 0.38633 0.89195 -0.25362 0.37432 0.83358 -0.50399 0.22615 0.86075 -0.45226 0.2336 0.9314 -0.25462 0.26013 0.93158 -0.22042 0.28908 0.34136 -0.93601 -0.08575 0.11842 -0.98651 -0.11299 0.71052 -0.12347 -0.69276 0.3215 -0.88957 -0.32451 0.1159 -0.98724 -0.10916 0.08534 -0.99245 -0.08806 0.71732 -0.10628 -0.68859 0.77287 -0.10563 -0.62571 0.78418 -0.14296 -0.60384 0.8058 -0.1077 -0.58231 0.84863 -0.1077 -0.51791 0.8295 -0.16299 -0.53419 0.13348 -0.98914 -0.06146 0.12867 -0.98899 -0.07312 0.12446 -0.98973 -0.07037 0.12942 -0.98838 -0.07966 0.17674 -0.9768 -0.12095 0.13811 -0.98511 -0.10243 0.23476 -0.95261 -0.19344 0.21224 -0.96072 -0.17879 0.11626 -0.98608 -0.11884 0.33402 -0.93548 -0.11537 0.37277 -0.91938 -0.12563 0.36135 -0.91854 -0.16033 0.19264 -0.98075 -0.032 0.16015 -0.98667 -0.02874 0.21743 -0.97473 -0.05131 0.11509 -0.99287 -0.03088 0.11297 -0.99281 -0.03968 0.54845 -0.83121 -0.091 0.57997 -0.80926 -0.09338 0.5701 -0.80847 -0.14614 0.63339 -0.75856 -0.15299 0.6177 -0.7571 -0.21271 0.66393 -0.71515 -0.21854 0.64185 -0.71322 -0.28167 0.67002 -0.68526 -0.28547 0.64107 -0.68309 -0.34988 0.65741 -0.66612 -0.35226 0.62138 -0.66401 -0.41591 0.63052 -0.65434 -0.41748 0.58764 -0.65261 -0.47831 0.59219 -0.64773 -0.47933 0.54811 -0.647 -0.53007 0.86509 -0.11115 -0.48915 0.87621 -0.11121 -0.46892 0.89045 -0.13617 -0.43422 0.91328 -0.04949 -0.40432 0.91867 -0.17212 -0.35555 0.92894 -0.13714 -0.3439 0.95413 -0.10963 -0.27861 0.9597 -0.07259 -0.27149 0.95535 -0.20556 -0.21227 0.94916 -0.22979 -0.21518 0.98465 -0.09357 -0.14735 0.96869 -0.19496 -0.15371 0.10419 -0.99386 -0.03716 0.15032 -0.98634 -0.0674 0.38662 -0.90666 -0.16881 0.37169 -0.90568 -0.20394 0.38528 -0.89792 -0.21284 0.36652 -0.89688 -0.24753 0.37357 -0.89232 -0.25342 0.35034 -0.89141 -0.28749 0.35346 -0.88911 -0.29078 0.32339 -0.88842 -0.32576 0.55349 -0.64097 -0.53181 0.6631 -0.37367 -0.64859 0.67925 -0.34391 -0.64834 0.73678 -0.34428 -0.58192 0.7343 -0.34869 -0.58243 0.78948 -0.3497 -0.50441 0.78484 -0.35833 -0.50559 0.83013 -0.35957 -0.42614 0.82231 -0.37486 -0.42812 0.85824 -0.37617 -0.34917 0.84506 -0.4026 -0.35183 0.87262 -0.40386 -0.27466 0.85008 -0.44772 -0.27732 0.87031 -0.44883 -0.20275 0.83552 -0.51018 -0.20403 0.84918 -0.51092 -0.13365 0.82091 -0.55525 -0.13346 0.98008 -0.19622 -0.03072 0.98209 -0.188 0.01234 0.9808 -0.19447 0.0144 0.83502 -0.54034 0.10381 0.83176 -0.54503 0.10545 0.55961 -0.80915 0.17919 0.5555 -0.81174 0.18028 0.19838 -0.95348 0.22697 0.19445 -0.95416 0.22752 0.97927 -0.19459 -0.05631 0.96365 -0.26592 -0.02577 0.83394 -0.55138 0.02303 0.83113 -0.55555 0.02417 0.5594 -0.82503 0.07999 0.55483 -0.828 0.08109 0.19917 -0.97201 0.12462 0.19336 -0.97306 0.12556 0.97669 -0.19501 -0.0897 0.9762 -0.19764 -0.08934 0.82977 -0.55509 -0.05797 0.82725 -0.55891 -0.05722 0.55681 -0.83046 -0.01747 0.55141 -0.83407 -0.0163 0.19936 -0.97959 0.02565 0.19111 -0.98119 0.02714 0.98165 -0.18538 0.0447 0.83323 -0.53338 0.14568 0.55706 -0.79961 0.2243 0.1955 -0.94323 0.26851 0.98069 -0.19 0.04645 0.98068 -0.18714 0.05698 0.96871 -0.23613 0.0765 0.97907 -0.19124 0.06961 0.97848 -0.18783 0.08536 0.97744 -0.19269 0.08645 0.97651 -0.19035 0.10095 0.9716 -0.21215 0.10478 0.83129 -0.53611 0.14678 0.83129 -0.53616 0.14658 0.82826 -0.5405 0.14782 0.82838 -0.54126 0.14432 0.82592 -0.54481 0.14505 0.82637 -0.54593 0.13811 0.82433 -0.54891 0.13851 0.82523 -0.54998 0.12851 0.82348 -0.55256 0.12867 0.97523 -0.19292 0.10817 0.97461 -0.19219 0.11489 0.97415 -0.19435 0.11512 0.97311 -0.19385 0.1244 0.97286 -0.19509 0.12446 0.8887 -0.4423 0.12075 0.82511 -0.55334 0.11407 0.78534 -0.60873 0.11264 0.60143 -0.79326 0.09498 0.55539 -0.80064 0.22478 0.55539 -0.80547 0.20677 0.55235 -0.80741 0.20735 0.55328 -0.81299 0.18147 0.55021 -0.81498 0.18186 0.55207 -0.81957 0.15337 0.54888 -0.82167 0.15357 0.55167 -0.82498 0.12277 0.54832 -0.8272 0.12278 0.55221 -0.82904 0.08812 0.4358 -0.8967 0.07757 0.19499 -0.94332 0.26858 0.19502 -0.95212 0.23546 0.19319 -0.95246 0.23559 0.19479 -0.96202 0.19124 0.19188 -0.96259 0.19133 0.19487 -0.96997 0.14557 0.19095 -0.97075 0.14554 0.19521 -0.9758 0.09855 0.19039 -0.97677 0.09835 0.1958 -0.97935 0.05025 0.19015 -0.98049 0.04984 0.95596 -0.25882 0.13836 0.97192 -0.19509 0.1316 0.95628 -0.25882 0.13618 0.88876 -0.4423 0.12034 0.78618 -0.60876 0.10645 0.69948 -0.70709 0.10366 0.60326 -0.79335 0.08168 0.43829 -0.89687 0.05934 0.25556 -0.96591 0.04131 0.19333 -0.98078 0.02618 0.25624 -0.96593 0.03648 0.25624 -0.96593 0.03648 0.60269 -0.79335 0.08579 0.70126 -0.70709 0.09087 0.78544 -0.60875 0.11181 0.95629 -0.25882 0.13613 0.95466 -0.26535 0.13498 0.96557 -0.19621 0.17081 0.1919 -0.98118 0.02131 0.25739 -0.96589 0.02846 0.54863 -0.83233 0.07896 0.60272 -0.79335 0.08557 0.82212 -0.55629 0.12109 0.78457 -0.60875 0.11778 0.9703 -0.19524 0.14285 0.95515 -0.25882 0.14385 0.19084 -0.98162 0.00223 0.19484 -0.98083 0.00283 0.54811 -0.83368 0.06744 0.5504 -0.83214 0.06781 0.82111 -0.55752 0.1223 0.8219 -0.55631 0.12244 0.96781 -0.1956 0.15835 0.96784 -0.1955 0.15835 0.19081 -0.98136 -0.023 0.19522 -0.98051 -0.02224 0.54822 -0.83469 0.05242 0.55071 -0.83302 0.05291 0.82071 -0.55866 0.11974 0.82153 -0.55741 0.11993 0.95996 -0.22594 0.16559 0.96625 -0.196 0.16715 0.19104 -0.98032 -0.04967 0.19578 -0.97943 -0.04877 0.54894 -0.83517 0.03412 0.55163 -0.83336 0.03473 0.82112 -0.55955 0.11258 0.82204 -0.55814 0.11285 0.96504 -0.1965 0.17347 0.96505 -0.19641 0.17348 0.19264 -0.97972 -0.05502 0.19214 -0.97982 -0.05505 0.54834 -0.83477 0.04992 0.54562 -0.83656 0.04974 0.81693 -0.55773 0.14686 0.81355 -0.56267 0.14675 0.95617 -0.19274 0.22042 0.95431 -0.20124 0.2209 0.18651 -0.98187 -0.03384 0.1862 -0.98193 -0.03392 0.53132 -0.83873 0.11934 0.52717 -0.84152 0.11806 0.78911 -0.55983 0.25278 0.78376 -0.56806 0.25104 0.91892 -0.1912 0.34501 0.91608 -0.20568 0.34423 0.85275 -0.20403 0.48081 0.85327 -0.20032 0.48145 0.73607 -0.5734 0.35973 0.73629 -0.57303 0.35989 0.49808 -0.84838 0.17936 0.49601 -0.84987 0.17806 0.17796 -0.98356 -0.03061 0.17262 -0.98441 -0.0336 0.87424 -0.20258 0.44121 0.87479 -0.19891 0.44179 0.75203 -0.56993 0.33111 0.75219 -0.56964 0.33122 0.50791 -0.845 0.16734 0.50561 -0.84663 0.16605 0.18141 -0.98313 -0.0236 0.17564 -0.9841 -0.02651 0.80875 -0.18226 0.5592 0.1821 -0.9376 0.2962 0.12572 -0.94783 0.29295 0.36705 -0.83663 0.4066 0.43782 -0.7932 0.42326 0.8121 -0.17638 0.55622 0.72964 -0.39941 0.55507 0.67267 -0.5245 0.52194 0.64502 -0.5543 0.52602 0.49264 -0.72926 0.47485 0.82563 -0.20668 0.525 0.83097 -0.18754 0.52375 0.6827 -0.58317 0.44026 0.71737 -0.534 0.44746 0.42563 -0.85945 0.28317 0.50667 -0.80498 0.30869 0.09861 -0.99176 0.08184 0.22983 -0.96494 0.12672 0.79434 -0.16904 0.58348 0.77346 -0.23277 0.58956 0.70972 -0.39117 0.58591 0.61975 -0.54395 0.56571 0.54386 -0.63923 0.54369 0.4695 -0.71991 0.51117 0.33897 -0.82567 0.45097 0.19498 -0.90524 0.37752 0.14876 -0.92533 0.34877 0.18947 -0.90415 0.3829 0.19069 -0.90361 0.38356 0.52712 -0.6373 0.56213 0.53004 -0.634 0.56312 0.75018 -0.23201 0.61919 0.75273 -0.22494 0.61871 0.73159 -0.3363 0.59302 0.66675 -0.42631 0.61131 0.5006 -0.68722 0.52643 0.4445 -0.72627 0.52436 0.17936 -0.91403 0.36383 0.24388 -0.89456 0.37455 0.07039 -0.94968 0.30522 0.75744 -0.23453 0.60933 0.69982 -0.32481 0.6362 0.53281 -0.63918 0.55458 0.4791 -0.67951 0.55564 0.19335 -0.90545 0.37786 0.17163 -0.91128 0.37432 0.12829 0.99081 -0.04289 0.11842 0.98651 -0.11299 0.15525 0.9733 -0.16909 0.1701 0.96967 -0.17552 0.71716 0.10574 -0.68884 0.7174 0.10698 -0.6884 0.10487 0.98321 -0.1493 0.13417 0.98269 -0.12775 0.23478 0.9526 -0.19346 0.18775 0.97083 -0.14911 0.15107 0.98325 -0.10196 0.10058 0.99342 -0.05481 0.12446 0.98972 -0.07038 0.13743 0.98597 -0.0947 0.84817 0.11098 -0.51798 0.84696 0.17331 -0.50261 0.82564 0.07762 -0.55884 0.78426 0.14248 -0.60385 0.78554 0.14776 -0.60092 0.77291 0.10592 -0.62561 0.65852 0.39649 -0.63964 0.6524 0.34292 -0.67585 0.73577 0.3443 -0.58319 0.73539 0.34874 -0.58102 0.78806 0.34972 -0.50662 0.78648 0.35844 -0.50297 0.82847 0.35958 -0.42935 0.82434 0.375 -0.42408 0.85652 0.37617 -0.35337 0.84729 0.40279 -0.34621 0.87105 0.40386 -0.2796 0.85222 0.44794 -0.27031 0.86914 0.44884 -0.20768 0.83708 0.51037 -0.19704 0.8487 0.51094 -0.13658 0.82144 0.55531 -0.12986 0.19272 0.98075 -0.03132 0.20347 0.9785 -0.03372 0.20086 0.97842 -0.04849 0.36135 0.91854 -0.16033 0.37649 0.91938 -0.11396 0.19613 0.97795 -0.07178 0.24992 0.96611 -0.06453 0.37239 0.85284 -0.36604 0.33035 0.88875 -0.3178 0.35347 0.88911 -0.29078 0.35034 0.89141 -0.28748 0.37357 0.89232 -0.25341 0.36651 0.89689 -0.24751 0.38527 0.89792 -0.21284 0.37169 0.90568 -0.20394 0.38662 0.90666 -0.16881 0.15752 0.985 -0.0705 0.12499 0.99073 -0.05323 0.96966 0.195 -0.1474 0.98282 0.10386 -0.15257 0.95113 0.22415 -0.21241 0.9573 0.19363 -0.21466 0.95796 0.07532 -0.27684 0.95507 0.10841 -0.27585 0.92426 0.14165 -0.35451 0.92208 0.16056 -0.35212 0.90119 0.05279 -0.4302 0.89545 0.14577 -0.42061 0.87622 0.11121 -0.46891 0.52333 0.70835 -0.47367 0.54503 0.64684 -0.53342 0.59102 0.64775 -0.48074 0.58884 0.65271 -0.47669 0.62882 0.65434 -0.42003 0.6232 0.66422 -0.41282 0.65539 0.66611 -0.35604 0.64335 0.68337 -0.34512 0.66794 0.68521 -0.29041 0.64429 0.71358 -0.27514 0.66207 0.71511 -0.22425 0.61991 0.75745 -0.20489 0.63206 0.75855 -0.15845 0.57157 0.80872 -0.13883 0.57961 0.80928 -0.09553 0.54879 0.83127 -0.08845 0.97412 0.19529 -0.11377 0.97418 0.19509 -0.11366 0.82582 0.55602 -0.09418 0.82615 0.55556 -0.09393 0.55157 0.83195 -0.06025 0.55237 0.83145 -0.05986 0.1932 0.98101 -0.01716 0.19449 0.98076 -0.01664 0.1994 0.97916 0.03854 0.19143 0.98074 0.03882 0.5573 0.83029 -0.00481 0.55197 0.83385 -0.00454 0.83051 0.55499 -0.0474 0.8279 0.55888 -0.04725 0.97734 0.19484 -0.08277 0.97087 0.23871 -0.02066 0.97942 0.19469 -0.05322 0.97676 0.19774 -0.08275 0.83196 0.54398 0.10923 0.83491 0.5396 0.10842 0.55573 0.81049 0.18513 0.55939 0.80806 0.18472 0.1946 0.95289 0.23265 0.19802 0.9522 0.23262 0.19909 0.97045 0.13637 0.19353 0.97155 0.13648 0.55953 0.82375 0.09146 0.55504 0.82674 0.09181 0.83421 0.55049 0.03251 0.83136 0.55476 0.03298 0.97991 0.19706 -0.03067 0.98209 0.18779 0.01539 0.98089 0.19385 0.01649 0.60283 0.79334 0.08486 0.88901 0.4423 0.11848 0.97253 0.19509 0.12695 0.78721 0.60875 0.09865 0.43758 0.89685 0.06464 0.19233 0.98075 0.03371 0.9726 0.19475 0.127 0.9733 0.19486 0.12135 0.97361 0.19324 0.12138 0.9746 0.19394 0.11198 0.96963 0.21722 0.11238 0.98169 0.18405 0.04907 0.97342 0.22072 0.0612 0.97984 0.18942 0.06357 0.97954 0.18639 0.07594 0.97828 0.19248 0.07693 0.97733 0.18904 0.09536 0.97647 0.19322 0.09578 0.97573 0.19198 0.1053 0.8245 0.5548 0.11131 0.82331 0.55462 0.1207 0.82495 0.55212 0.1209 0.82371 0.55124 0.13284 0.82561 0.54838 0.13287 0.82491 0.54723 0.14165 0.82719 0.54384 0.14144 0.82691 0.54286 0.14669 0.82973 0.53871 0.14612 0.8297 0.53842 0.1473 0.83324 0.53323 0.14618 0.55191 0.83068 0.07323 0.54829 0.83008 0.10171 0.55185 0.82766 0.10219 0.5484 0.82521 0.13523 0.55178 0.82291 0.13548 0.54931 0.81892 0.1662 0.55254 0.81674 0.16624 0.55107 0.81151 0.19434 0.55423 0.8094 0.19417 0.55374 0.80331 0.21925 0.55693 0.8012 0.21886 0.19431 0.98034 0.03422 0.19011 0.97946 0.06727 0.19562 0.97831 0.0681 0.19048 0.97467 0.11722 0.19509 0.97369 0.11775 0.19123 0.96745 0.16575 0.19484 0.96668 0.16603 0.19239 0.95798 0.21273 0.19488 0.95746 0.21282 0.19399 0.94648 0.25797 0.19526 0.94622 0.25796 0.88876 0.4423 0.12034 0.78544 0.60875 0.11181 0.25624 0.96593 0.03648 0.25624 0.96593 0.03648 0.97192 0.19509 0.1316 0.95628 0.25882 0.13618 0.95641 0.25882 0.13522 0.95504 0.26347 0.13595 0.95596 0.25882 0.13836 0.78618 0.60876 0.10645 0.69948 0.70709 0.10366 0.70126 0.70709 0.09087 0.60269 0.79335 0.08579 0.19333 0.98078 0.02618 0.25556 0.96591 0.04131 0.43829 0.89687 0.05934 0.60326 0.79335 0.08168 0.96586 0.19612 0.16929 0.19458 0.97923 -0.05706 0.19266 0.97957 -0.0576 0.55123 0.83386 0.02869 0.55013 0.8346 0.02831 0.82206 0.55868 0.10997 0.82169 0.55926 0.1098 0.96491 0.1965 0.17414 0.9649 0.19657 0.17413 0.19564 0.97998 -0.03682 0.19076 0.9809 -0.03796 0.55122 0.83324 0.04318 0.54847 0.83509 0.04243 0.82173 0.55784 0.11654 0.82082 0.55925 0.11621 0.96338 0.20675 0.17072 0.9653 0.19632 0.17219 0.1951 0.98074 -0.00933 0.19067 0.9816 -0.01027 0.55053 0.83259 0.06089 0.54803 0.83428 0.06029 0.82163 0.55685 0.12179 0.82079 0.55815 0.12154 0.96683 0.19579 0.16403 0.96683 0.1958 0.16403 0.25768 0.96587 0.02643 0.19125 0.98145 0.01342 0.60278 0.79335 0.08515 0.54827 0.833 0.07425 0.78497 0.60876 0.11506 0.82149 0.55688 0.12266 0.9549 0.25881 0.14552 0.96914 0.19538 0.15032 0.18374 0.98256 -0.0285 0.18382 0.98255 -0.02844 0.52087 0.84281 0.13553 0.5228 0.84134 0.13721 0.77446 0.56838 0.27777 0.77675 0.56387 0.28056 0.90423 0.20339 0.37549 0.90476 0.19535 0.37849 0.19098 0.98035 -0.04938 0.19165 0.98024 -0.04908 0.54165 0.83788 0.06761 0.54577 0.83502 0.06979 0.80682 0.56466 0.17377 0.81173 0.55648 0.17729 0.9458 0.20416 0.25256 0.94772 0.18993 0.25641 0.87583 0.19906 0.43965 0.87546 0.20233 0.4389 0.75299 0.56953 0.32961 0.75286 0.56976 0.3295 0.50629 0.84637 0.16535 0.50823 0.84493 0.16669 0.17625 0.984 -0.02615 0.18118 0.98318 -0.02315 0.85446 0.20002 0.47946 0.85406 0.20407 0.47848 0.73722 0.57279 0.35835 0.737 0.5732 0.35815 0.49652 0.84974 0.17723 0.49871 0.84811 0.17889 0.17263 0.98441 -0.03362 0.1783 0.98352 -0.02982 0.13769 0.95159 0.2748 0.81042 0.17568 0.5589 0.81044 0.18266 0.55661 0.72964 0.39941 0.55507 0.67267 0.5245 0.52194 0.17015 0.93361 0.31532 0.36705 0.83663 0.4066 0.43782 0.7932 0.42326 0.49264 0.72926 0.47485 0.64502 0.5543 0.52602 0.11109 0.99183 0.06268 0.21696 0.96484 0.14834 0.4353 0.85898 0.26957 0.49782 0.80423 0.32465 0.68873 0.58235 0.43187 0.71188 0.53299 0.45733 0.82759 0.20627 0.52207 0.82898 0.18707 0.52707 0.70972 0.39117 0.58591 0.19064 0.9036 0.38363 0.75041 0.23209 0.61889 0.79434 0.16904 0.58348 0.77346 0.23277 0.58956 0.75251 0.22486 0.61901 0.52726 0.63735 0.56194 0.61975 0.54395 0.56571 0.54386 0.63923 0.54369 0.52991 0.63395 0.5633 0.18951 0.90417 0.38284 0.14876 0.92533 0.34877 0.19498 0.90524 0.37752 0.33897 0.82567 0.45097 0.4695 0.71991 0.51117 0.69271 0.43624 0.57433 0.7077 0.32768 0.62593 0.46001 0.73221 0.50226 0.48627 0.68216 0.54608 0.22885 0.88915 0.39629 0.18722 0.91667 0.35308 0.07039 0.94968 0.30522 0.18805 0.90367 0.38473 0.17727 0.9133 0.36667 0.51694 0.63383 0.57536 0.49614 0.68568 0.53262 0.73097 0.22538 0.64412 0.72833 0.33513 0.59768 -0.14033 0.98662 0.08296 -0.70011 0.30628 0.64501 -0.67768 0.32846 0.65792 -0.69971 0.10533 0.70662 -0.39027 0.9019 0.18509 -0.32034 0.9344 0.15582 -0.16233 0.98225 0.09399 -0.69616 0.60779 0.38203 -0.7159 0.56109 0.41553 -0.78483 0.44654 0.42971 -0.77708 0.44728 0.44282 -0.80788 0.37177 0.4573 -0.77871 0.37452 0.50333 -0.12373 0.98718 0.10081 -0.17881 0.97484 0.13309 -0.34327 0.89229 0.29325 -0.38946 0.86243 0.32332 -0.57543 0.65425 0.49075 -0.52895 0.69752 0.48341 -0.64977 0.51535 0.55875 -0.5398 0.79222 0.28462 -0.57362 0.75649 0.31414 -0.60058 0.75226 0.27094 -0.651 0.67803 0.34128 -0.82154 0.25877 0.50804 -0.81728 0.17023 0.55053 -0.83573 0.17009 0.52213 -0.83092 0.14338 0.5376 -0.83246 0.1441 0.53502 -0.81806 0.13262 0.55963 -0.81312 0.19278 0.54924 -0.78016 0.11121 0.61561 -0.73692 0.10553 0.66769 -0.70034 0.106 0.7059 -0.73724 0.10586 0.66729 -0.72941 0.34917 0.58825 -0.77547 0.34632 0.52793 -0.66025 0.64504 0.38469 -0.62593 0.68198 0.37831 -0.40321 0.88693 0.22533 -0.37032 0.90456 0.21125 -0.12683 0.98973 0.06598 -0.17293 0.9817 0.0798 -0.1017 0.99359 0.04927 -0.29545 0.93606 0.19106 -0.22607 0.96711 0.11662 -0.382 0.89991 0.21034 -0.87322 0.24788 0.41957 -0.63503 0.65922 0.40271 -0.62969 0.65575 0.4165 -0.63818 0.64818 0.41543 -0.23787 0.94351 0.23066 -0.21311 0.93459 0.28482 -0.24002 0.92601 0.29135 -0.22241 0.91482 0.3371 -0.23612 0.91088 0.33843 -0.60934 0.69173 0.38758 -0.85902 0.2428 0.4507 -0.86657 0.20608 0.45451 -0.84532 0.25248 0.47084 -0.14382 0.98198 0.12258 -0.23095 0.95605 0.18061 -0.2091 0.95261 0.22091 -0.62446 0.67623 0.39085 -0.61954 0.67446 0.4016 -0.87804 0.23434 0.41729 -0.88674 0.23996 0.39512 -0.89029 0.22625 0.39521 -0.89098 0.23348 0.38941 -0.82716 0.25871 0.49888 -0.82969 0.25013 0.49904 -0.67211 0.60873 0.42156 -0.6066 0.69131 0.39259 -0.51017 0.79335 0.33214 -0.35804 0.90023 0.24777 -0.89304 0.23523 0.3836 -0.63769 0.64777 0.41683 -0.23151 0.9071 0.35153 -0.89395 0.23358 0.38247 -0.90589 0.24411 0.34607 -0.90955 0.23379 0.34359 -0.92382 0.24646 0.29295 -0.9601 0.11287 0.25588 -0.93441 0.24527 0.25832 -0.94291 0.25341 0.2161 -0.94448 0.24833 0.21516 -0.95147 0.25463 0.17281 -0.97536 0.16005 0.15184 -0.95593 0.25464 0.14615 -0.95989 0.25819 0.10933 -0.96033 0.25662 0.10915 -0.96365 0.25877 0.06639 -0.97852 0.19716 0.06022 -0.96497 0.25881 0.04305 -0.63801 0.64754 0.41669 -0.65043 0.6581 0.37927 -0.65169 0.65689 0.37921 -0.67041 0.67379 0.31073 -0.67093 0.67328 0.3107 -0.68525 0.68665 0.24279 -0.68517 0.68673 0.24279 -0.69519 0.69602 0.1796 -0.69478 0.69643 0.17963 -0.70184 0.70252 0.11783 -0.70124 0.70311 0.11787 -0.70577 0.70611 0.05735 -0.70509 0.70679 0.05739 -0.2302 0.90735 0.35173 -0.24019 0.91565 0.32233 -0.23291 0.91791 0.32124 -0.24808 0.93153 0.2659 -0.24093 0.93364 0.26509 -0.25297 0.94493 0.20764 -0.24758 0.94644 0.20727 -0.25639 0.95461 0.15164 -0.25208 0.95578 0.15148 -0.2585 0.96131 0.09522 -0.25529 0.96217 0.0952 -0.25953 0.96497 0.03849 -0.25741 0.96554 0.03852 -0.2587 0.96592 0.00814 -0.2587 0.96592 0.00814 -0.70677 0.7071 0.02224 -0.70677 0.7071 0.02224 -0.96545 0.25881 0.03038 -0.96545 0.25881 0.03038 -0.25879 0.96592 0.00432 -0.25879 0.96592 0.00432 -0.70702 0.7071 0.0118 -0.70702 0.7071 0.0118 -0.96579 0.25881 0.01612 -0.96579 0.25881 0.01612 -0.18902 0.96669 -0.17254 -0.58566 0.776 -0.23416 -0.93675 0.25389 -0.24091 -0.96593 0.2588 -0.00255 -0.70714 0.70706 -0.00469 -0.25888 0.96589 -0.00558 -0.9659 0.25889 -0.00254 -0.96567 0.25867 -0.02387 -0.98922 0.14228 -0.03459 -0.96484 0.25879 -0.04592 -0.963 0.25766 -0.07905 -0.96271 0.25872 -0.07903 -0.96027 0.25713 -0.1085 -0.98225 0.14833 -0.11481 -0.95774 0.25734 -0.1285 -0.95376 0.2549 -0.15925 -0.95322 0.25692 -0.15927 -0.94893 0.25419 -0.18688 -0.97102 0.14356 -0.1911 -0.9446 0.25459 -0.20717 -0.93772 0.25038 -0.24081 -0.7071 0.7071 -0.00469 -0.70659 0.70661 -0.03802 -0.70652 0.70667 -0.03802 -0.70434 0.70527 -0.08066 -0.70431 0.7053 -0.08066 -0.70067 0.70302 -0.12176 -0.70067 0.70302 -0.12176 -0.69564 0.69988 -0.16206 -0.69565 0.69986 -0.16206 -0.68915 0.69579 -0.20234 -0.68912 0.69582 -0.20234 -0.68086 0.6907 -0.24365 -0.76345 0.59377 -0.25415 -0.25887 0.9659 -0.00558 -0.25856 0.96555 -0.02945 -0.25898 0.96543 -0.02948 -0.25737 0.9644 -0.06071 -0.25836 0.96413 -0.06081 -0.25564 0.96243 -0.09148 -0.25716 0.96201 -0.09168 -0.25337 0.95965 -0.12198 -0.2554 0.95907 -0.12231 -0.25054 0.95603 -0.15244 -0.25304 0.95529 -0.15292 -0.247 0.95155 -0.18317 -0.42385 0.87847 -0.22056 -0.96011 0.19595 -0.19946 -0.96008 0.1984 -0.19718 -0.82564 0.55646 -0.09311 -0.82181 0.56336 -0.08515 -0.55988 0.8281 0.02794 -0.54848 0.83515 0.04122 -0.15997 0.98658 -0.03283 -0.20531 0.96804 0.14406 -0.18543 0.9693 0.16149 -0.93896 0.25533 -0.23055 -0.94716 0.20305 -0.2483 -0.77805 0.60205 -0.17938 -0.79886 0.56988 -0.19251 -0.60258 0.7839 -0.14967 -0.52106 0.84546 -0.11706 -0.44755 0.88783 -0.10701 -0.21507 0.97495 -0.05676 -0.9575 0.19259 -0.21472 -0.1961 0.9608 0.19598 -0.19551 0.96087 0.19624 -0.52306 0.84991 0.06374 -0.55317 0.83176 0.04676 -0.94897 0.20034 -0.24355 -0.94942 0.19613 -0.2452 -0.81985 0.56268 -0.10604 -0.82136 0.56019 -0.10746 -0.6762 0.73657 -0.01457 -0.96159 0.19683 -0.1913 -0.96348 0.13997 -0.22829 -0.82413 0.56119 -0.07664 -0.82774 0.55546 -0.07945 -0.55586 0.82842 0.06885 -0.55929 0.82625 0.06716 -0.19605 0.95934 0.20306 -0.19743 0.95916 0.20258 -0.12893 0.88314 0.45105 0.26973 0.72323 0.63575 0.16526 0.86006 0.48268 -0.02738 0.89832 0.43849 0.60591 0.4018 0.6866 -0.19386 0.73429 0.65056 0.22479 0.65093 0.7251 0.24065 0.65953 0.71212 0.51855 0.51447 0.68296 0.52409 0.75167 0.4004 -0.97329 0.1686 -0.15583 -0.87214 0.45741 0.17365 -0.86843 0.46559 0.17045 -0.59608 0.65738 0.46103 -0.58871 0.6662 0.45782 -0.40592 0.71325 0.5714 -0.20063 0.7294 0.654 -0.22791 0.92743 0.29653 -0.576 0.77243 0.26755 -0.51147 0.83036 0.22112 -0.70689 0.70062 0.09715 -0.83447 0.54826 0.05536 -0.83176 0.55034 -0.07274 -0.97131 0.17341 -0.16272 -0.38516 0.76376 0.518 -0.11611 0.99119 -0.06369 -0.35656 0.92376 -0.13979 -0.57205 0.7933 -0.20843 -0.74795 0.60874 -0.26459 -0.87238 0.38268 -0.30415 -0.93697 0.13053 -0.32412 -0.0807 0.99661 0.0158 -0.07733 0.99699 0.00594 0.27402 0.9204 0.27889 0.29107 0.91846 0.26778 0.28661 0.91563 0.28191 0.32088 0.86339 0.38935 0.32975 0.87145 0.36309 0.52503 0.65068 0.5486 0.52075 0.64235 0.56231 0.59964 0.37347 0.70778 -0.3299 0.94084 -0.07737 -0.33524 0.94013 -0.06144 -0.03687 0.98581 0.16374 -0.0482 0.97905 0.19785 -0.0169 0.9566 0.29091 -0.01984 0.95382 0.29972 0.16465 0.85638 0.48939 0.14411 0.81881 0.55568 0.21817 0.62113 0.75273 -0.55541 0.81547 -0.1629 -0.56442 0.81429 -0.1355 -0.35698 0.93359 0.03116 -0.37569 0.92287 0.08471 -0.35404 0.92173 0.15834 -0.36423 0.91178 0.18975 -0.2255 0.9064 0.35719 -0.25455 0.85915 0.44392 -0.20143 0.72695 0.65648 -0.74041 0.6298 -0.23483 -0.75022 0.62867 -0.2048 -0.63549 0.76578 -0.0986 -0.65562 0.75387 -0.04288 -0.64554 0.76368 0.0085 -0.65837 0.7511 0.04894 -0.57933 0.79629 0.17406 -0.61578 0.73812 0.27567 -0.58684 0.6798 0.43987 -0.87114 0.39753 -0.28823 -0.87918 0.39678 -0.26382 -0.8382 0.5027 -0.21144 -0.85367 0.49278 -0.16858 -0.85254 0.50367 -0.13958 -0.86353 0.49325 -0.10496 -0.8375 0.54547 -0.03241 -0.87093 0.48742 0.06244 -0.86339 0.47994 0.15559 -0.9378 0.13591 -0.31948 -0.94181 0.13559 -0.30759 -0.93921 0.17615 -0.29472 -0.94564 0.17164 -0.27623 -0.94735 0.17644 -0.26721 -0.9522 0.17208 -0.2524 -0.95319 0.19595 -0.23027 -0.96704 0.17026 -0.18931 -0.97123 0.1756 -0.16088 -0.90712 0.25882 -0.33189 -0.24269 0.96593 -0.08994 -0.90573 0.25882 -0.33566 -0.90573 0.25881 -0.33566 -0.66305 0.7071 -0.24572 -0.12265 0.99144 -0.04472 -0.24383 0.96592 -0.08688 -0.24269 0.96593 -0.08994 -0.66304 0.7071 -0.24572 -0.35959 0.92386 -0.1311 -0.572 0.7933 -0.20855 -0.665 0.70708 -0.24044 -0.74541 0.60869 -0.27178 -0.9156 0.22414 -0.33383 -0.89175 0.382 -0.2426 -0.9372 0.13053 -0.32344 -0.88421 0.25833 -0.38914 -0.88421 0.25834 -0.38914 -0.64784 0.7064 -0.28512 -0.64785 0.7064 -0.28512 -0.23733 0.9658 -0.10445 -0.23733 0.9658 -0.10445 -0.7594 0.25751 0.5975 -0.55723 0.70518 0.43842 -0.20444 0.96557 0.16085 -0.20444 0.96557 0.16085 -0.23325 0.96557 0.11516 -0.23325 0.96557 0.11516 -0.25201 0.96557 0.0645 -0.25201 0.96557 0.0645 -0.25989 0.96557 0.01106 -0.2599 0.96557 0.01106 -0.25658 0.96557 -0.04286 -0.25658 0.96557 -0.04286 -0.24219 0.96557 -0.09493 -0.24219 0.96557 -0.09493 -0.55722 0.70519 0.43842 -0.63576 0.70519 0.31388 -0.63576 0.70518 0.31388 -0.68688 0.70519 0.1758 -0.68688 0.70519 0.1758 -0.70838 0.70519 0.03014 -0.70838 0.70519 0.03014 -0.69933 0.70519 -0.11682 -0.69933 0.70519 -0.11682 -0.66012 0.70519 -0.25874 -0.66013 0.70518 -0.25874 -0.7594 0.25752 0.5975 -0.86643 0.25752 0.42777 -0.86643 0.25751 0.42777 -0.9361 0.25751 0.23959 -0.9361 0.25752 0.23959 -0.9654 0.25751 0.04108 -0.9654 0.25751 0.04108 -0.95307 0.25751 -0.1592 -0.95307 0.25752 -0.1592 -0.89964 0.25752 -0.35262 -0.89964 0.25751 -0.35262 -0.73822 0.25823 0.62318 -0.73822 0.25823 0.62318 -0.54098 0.70624 0.45668 -0.54098 0.70624 0.45668 -0.19822 0.96577 0.16733 -0.19822 0.96577 0.16733 -0.8175 0.25823 0.51479 -0.8175 0.25824 0.51479 -0.59908 0.70624 0.37725 -0.59908 0.70625 0.37725 -0.21951 0.96577 0.13822 -0.21951 0.96577 0.13823 -0.17191 0.98079 0.09223 -0.22896 0.96592 0.1207 -0.38973 0.89688 0.20909 -0.53644 0.79335 0.28779 -0.62429 0.7071 0.33208 -0.6991 0.60875 0.37506 -0.79031 0.44231 0.42399 -0.85206 0.25882 0.45499 -0.86426 0.19508 0.46367 0.6849 0.19243 0.70277 0.98009 0.19443 0.04029 0.58285 0.55011 0.59805 0.39157 0.82779 0.40179 -0.15616 0.98025 0.12136 0.13804 0.98025 0.14164 0.13804 0.98025 0.14164 0.08353 0.98025 0.17928 0.08352 0.98025 0.17927 0.01964 0.98025 0.1968 0.01964 0.98025 0.19679 -0.04645 0.98025 0.19224 -0.04645 0.98025 0.19224 0.19338 0.98025 -0.04148 0.19338 0.98025 -0.04148 0.43741 0.89435 -0.09383 0.54906 0.8282 -0.11232 0.39156 0.8278 0.40178 0.23693 0.8278 0.50854 0.23693 0.82779 0.50855 0.05571 0.82779 0.55826 0.05571 0.82779 0.55827 -0.13176 0.82779 0.54535 -0.13176 0.82778 0.54536 -0.15616 0.98025 0.12137 -0.35321 0.89436 0.27451 -0.43921 0.82819 0.34812 0.81732 0.55051 -0.17009 0.77978 0.6033 -0.16727 0.60054 0.78915 -0.12882 0.58285 0.5501 0.59806 0.35267 0.55009 0.75698 0.35268 0.55008 0.75699 0.08293 0.55008 0.83098 0.08293 0.55012 0.83096 -0.19612 0.55012 0.81173 -0.19612 0.55013 0.81172 0.95948 0.19244 -0.20582 0.95948 0.19244 -0.20582 0.87934 0.43725 -0.18863 0.19623 0.98025 0.0247 0.19623 0.98025 0.0247 0.55664 0.82779 0.07007 0.55664 0.82779 0.07007 0.82855 0.55011 0.10429 0.82855 0.55011 0.10429 0.86377 0.49202 0.10873 0.9595 0.19443 0.20386 0.17707 0.98025 0.08811 0.17706 0.98025 0.08811 0.50228 0.82779 0.24995 0.50228 0.82779 0.24995 0.74764 0.55011 0.37204 0.74764 0.55011 0.37204 0.87854 0.19245 0.43718 0.87854 0.19243 0.43719 -0.46118 0.19443 0.86574 -0.23046 0.19245 0.95386 -0.23046 0.19243 0.95387 0.09745 0.19243 0.97646 0.09745 0.19245 0.97646 0.33806 0.19444 0.92082 0.36765 0.49204 0.78913 0.48751 0.19443 0.85119 0.6849 0.19244 0.70277 -0.59966 0.19441 0.77628 -0.47242 0.49202 0.73125 -0.45316 0.55013 0.70143 -0.45316 0.55013 0.70143 -0.30446 0.82778 0.47126 -0.30445 0.82778 0.47126 -0.10732 0.98025 0.16612 -0.10732 0.98025 0.16612 -0.48496 0.78914 0.37691 -0.6297 0.6033 0.4894 -0.656 0.55052 0.51632 -0.71009 0.43727 0.55188 -0.77482 0.19242 0.60218 -0.77482 0.19243 0.60218 0.18121 0.98078 -0.07229 0.23901 0.96592 -0.09937 0.4108 0.89688 -0.16388 0.56542 0.79336 -0.22556 0.65491 0.7071 -0.26664 0.91097 0.1951 -0.36341 0.89578 0.25881 -0.36137 0.83303 0.44229 -0.33231 0.73689 0.60875 -0.29396 0.24792 0.96572 -0.07691 0.6764 0.70601 -0.20983 0.92275 0.25807 -0.28625 0.92275 0.25807 -0.28625 0.95623 0.25807 -0.13793 0.95623 0.25807 -0.13793 0.96603 0.25807 0.01381 0.96603 0.25807 0.01381 0.9519 0.25806 0.16521 0.9519 0.25807 0.16521 0.67641 0.70601 -0.20983 0.70095 0.70601 -0.10111 0.70095 0.70601 -0.10111 0.70813 0.70601 0.01012 0.70813 0.70601 0.01012 0.69777 0.70601 0.1211 0.69777 0.70601 0.1211 0.24791 0.96572 -0.07691 0.25691 0.96572 -0.03706 0.25691 0.96572 -0.03706 0.25954 0.96572 0.00371 0.25954 0.96572 0.00371 0.25575 0.96572 0.04439 0.25575 0.96572 0.04439 0.90104 0.25787 -0.34876 0.66073 0.70571 -0.25574 0.24226 0.96567 -0.09377 0.24226 0.96567 -0.09377 0.25499 0.96567 -0.04962 0.25499 0.96567 -0.04962 0.25974 0.96567 -0.00391 0.25974 0.96567 -0.00391 0.25636 0.96567 0.04191 0.25637 0.96567 0.04191 0.66072 0.70572 -0.25574 0.69545 0.70572 -0.13532 0.69545 0.70572 -0.13532 0.70841 0.70572 -0.01067 0.70841 0.70572 -0.01067 0.69921 0.70571 0.11432 0.69921 0.70572 0.11432 0.90104 0.25787 -0.34876 0.94839 0.25787 -0.18454 0.94839 0.25787 -0.18454 0.96607 0.25787 -0.01455 0.96607 0.25787 -0.01455 0.95352 0.25787 0.15589 0.95352 0.25787 0.15589 0.92234 0.25597 -0.28943 0.92234 0.25596 -0.28943 0.67867 0.70289 -0.21296 0.67866 0.7029 -0.21296 0.2497 0.96515 -0.07835 0.2497 0.96515 -0.07835 0.96668 0.25597 0.00342 0.96668 0.25597 0.00342 0.71129 0.7029 0.00252 0.71129 0.7029 0.00252 0.2617 0.96515 0.00093 0.2617 0.96515 0.00093 0.94922 0.25882 0.17886 0.94637 0.25882 0.19337 0.94637 0.25882 0.19337 0.69279 0.70711 0.14156 0.6928 0.7071 0.14156 0.25358 0.96593 0.05181 0.25358 0.96593 0.05181 0.9472 0.25881 0.1893 0.9472 0.25882 0.1893 0.69341 0.70709 0.13858 0.6934 0.7071 0.13857 0.25381 0.96592 0.05072 0.2538 0.96593 0.05072 0.25492 0.96592 0.04488 0.25493 0.96592 0.04488 0.69643 0.70708 0.12261 0.69645 0.70706 0.12261 0.96027 0.22205 0.16906 0.95152 0.25879 0.16626 0.23879 0.9635 0.12104 0.95971 0.16738 0.22568 0.64801 0.70142 0.29682 0.62176 0.74617 0.238 0.80797 0.52245 0.27245 0.82757 0.47529 0.2987 0.88908 0.38562 0.24666 0.95966 0.15551 0.23423 0.94223 0.25877 0.2127 0.9601 0.1677 0.2238 0.68517 0.70664 0.17661 0.83858 0.48426 0.24953 0.57944 0.79598 0.17513 0.61285 0.73864 0.28078 0.98013 0.00212 0.19834 0.97842 -0.00038 0.20661 0.97428 0.07154 0.2137 0.96703 0.06144 0.24715 0.92157 0.29242 0.25534 0.91416 0.2823 0.29088 0.6505 0.70383 0.28543 0.90549 0.32294 0.27532 0.80825 0.52271 0.27112 0.88482 0.38157 0.26739 0.98018 0.00092 0.1981 0.97975 0.00029 0.2002 0.97856 0.02351 0.20463 0.97677 0.02091 0.21328 0.96955 0.09744 0.22466 0.96908 0.09679 0.22699 0.95993 0.15576 0.23298 0.98018 -0.00092 0.1981 0.98017 -0.00091 0.19816 0.97854 -0.02348 0.20471 0.97852 -0.02346 0.20479 0.96913 -0.09686 0.22672 0.91416 -0.2823 0.29088 0.92039 -0.29071 0.26147 0.97261 -0.06907 0.22195 0.97423 -0.07147 0.21395 0.97971 -0.00149 0.20044 0.98013 -0.00212 0.19834 0.9673 -0.11706 0.225 0.96999 -0.09806 0.22249 0.90047 -0.34458 0.26537 0.89932 -0.34744 0.26554 0.78144 -0.55197 0.29099 0.6219 -0.73186 0.2786 0.58286 -0.76823 0.26477 0.58029 -0.766 0.2766 0.62799 -0.73766 0.24797 0.76161 -0.58592 0.27687 0.7894 -0.55956 0.25247 0.89315 -0.36746 0.25933 0.9052 -0.34907 0.24241 0.96978 -0.12782 0.20783 0.96633 -0.12491 0.22494 0.96863 -0.11832 0.21855 0.95672 -0.19505 0.21595 0.87262 -0.44212 0.20755 0.90194 -0.37497 0.21423 0.76709 -0.60809 0.20445 0.77506 -0.59724 0.20637 0.58314 -0.79187 0.18137 0.42225 -0.89564 0.13975 0.37965 -0.91644 0.12649 0.18018 -0.97938 0.09139 0.7773 -0.60876 0.15882 0.87871 -0.4423 0.17954 0.43332 -0.89688 0.08854 0.59644 -0.79335 0.12187 0.19114 -0.98078 0.03906 0.69146 -0.70709 0.14802 0.6934 -0.7071 0.13857 0.69341 -0.70709 0.13858 0.96615 -0.19507 0.16882 0.94922 -0.25882 0.17886 0.9472 -0.25881 0.1893 0.9472 -0.25882 0.1893 0.94537 -0.25882 0.19821 0.96093 -0.19509 0.19634 0.96184 -0.21635 0.16752 0.88332 -0.44223 0.15551 0.69643 -0.70708 0.12261 0.78202 -0.60873 0.13374 0.59959 -0.79331 0.10556 0.25259 -0.96591 0.05666 0.2538 -0.96593 0.05072 0.25381 -0.96592 0.05072 0.25492 -0.96592 0.04488 0.25493 -0.96592 0.04488 0.93621 -0.19287 -0.29378 0.93621 -0.19288 -0.29378 0.79621 -0.55102 -0.24985 0.85368 -0.43877 -0.28056 0.76028 -0.6042 -0.23857 0.53444 -0.8284 -0.16771 0.98122 -0.19287 0.00347 0.98122 -0.19288 0.00347 0.89893 -0.43808 0.00318 0.83466 -0.55071 0.00705 0.79682 -0.60421 0.00282 0.56013 -0.8284 0.00198 0.6127 -0.79028 0.00811 0.19616 -0.98054 -0.00729 0.2617 -0.96515 0.00093 0.58283 -0.79028 -0.18912 0.42604 -0.89477 -0.13369 0.18828 -0.98034 -0.05908 0.18828 -0.98034 -0.05908 0.60227 -0.7922 0.09847 0.18263 -0.98064 -0.07069 0.24516 -0.96585 -0.08388 0.25499 -0.96567 -0.04962 0.25499 -0.96567 -0.04962 0.25974 -0.96567 -0.00391 0.25974 -0.96567 -0.00391 0.25636 -0.96567 0.04191 0.25637 -0.96567 0.04191 0.8858 -0.44089 0.14482 0.78409 -0.60726 0.12819 0.70073 -0.70624 0.101 0.70841 -0.70572 -0.01067 0.70841 -0.70572 -0.01067 0.69545 -0.70572 -0.13532 0.69545 -0.70572 -0.13532 0.96808 -0.19435 0.15827 0.41377 -0.89618 -0.16016 0.56912 -0.7922 -0.22028 0.66494 -0.70625 -0.24302 0.74095 -0.60725 -0.28679 0.83705 -0.44088 -0.32399 0.95501 -0.25808 0.14615 0.96607 -0.25787 -0.01455 0.96607 -0.25787 -0.01455 0.94839 -0.25787 -0.18454 0.94839 -0.25787 -0.18454 0.9045 -0.25807 -0.33953 0.91479 -0.19436 -0.35408 0.42763 -0.89589 -0.12044 0.7652 -0.60665 -0.21552 0.88834 -0.44032 0.13025 0.97061 -0.19405 0.14231 0.97061 -0.19406 0.14232 0.97895 -0.19405 -0.06321 0.97895 -0.19405 -0.06321 0.94425 -0.19405 -0.26595 0.94425 -0.19406 -0.26595 0.78656 -0.60665 0.11533 0.82338 -0.55314 0.12681 0.83115 -0.55345 -0.05367 0.83115 -0.55345 -0.05366 0.80169 -0.55345 -0.2258 0.85892 -0.44097 -0.26039 0.60256 -0.79214 0.09715 0.55179 -0.83005 0.08091 0.55653 -0.83005 -0.03593 0.55653 -0.83005 -0.03593 0.53681 -0.83004 -0.1512 0.58506 -0.79214 -0.17383 0.2574 -0.96557 0.03774 0.19456 -0.98075 0.01673 0.19572 -0.98058 -0.01264 0.19572 -0.98058 -0.01264 0.18878 -0.98058 -0.05317 0.18878 -0.98058 -0.05317 0.18121 -0.98078 -0.07229 0.1812 -0.98079 -0.07229 0.4108 -0.89688 -0.16388 0.41082 -0.89686 -0.16389 0.56542 -0.79336 -0.22556 0.73689 -0.60875 -0.29396 0.73688 -0.60877 -0.29396 0.83303 -0.44229 -0.33231 0.83305 -0.44225 -0.33232 0.91097 -0.1951 -0.36341 0.09745 -0.19243 0.97646 -0.59966 -0.19441 0.77628 0.08292 -0.55012 0.83096 0.05571 -0.82779 0.55827 0.19338 -0.98025 -0.04148 0.01964 -0.98025 0.19679 0.01964 -0.98025 0.1968 0.08352 -0.98025 0.17927 0.08353 -0.98025 0.17928 0.13804 -0.98025 0.14164 0.13804 -0.98025 0.14164 0.17706 -0.98025 0.08811 0.17707 -0.98025 0.08811 -0.15616 -0.98025 0.12137 -0.15616 -0.98025 0.12136 -0.35321 -0.89436 0.27451 -0.43921 -0.82819 0.34812 0.05571 -0.82779 0.55826 0.23693 -0.82779 0.50855 0.23693 -0.8278 0.50854 0.39156 -0.8278 0.40178 0.39157 -0.82779 0.40179 0.50228 -0.82779 0.24995 0.50228 -0.82779 0.24995 0.19338 -0.98025 -0.04148 0.43741 -0.89435 -0.09383 0.54906 -0.8282 -0.11232 -0.656 -0.55052 0.51632 -0.6297 -0.6033 0.4894 -0.48496 -0.78914 0.37691 0.08293 -0.55008 0.83098 0.35268 -0.55008 0.75699 0.35267 -0.55009 0.75698 0.58285 -0.5501 0.59806 0.58285 -0.55011 0.59805 0.74764 -0.55011 0.37204 0.74764 -0.55011 0.37204 -0.77482 -0.19242 0.60219 -0.77482 -0.19243 0.60218 -0.71009 -0.43727 0.55188 -0.46118 -0.19443 0.86574 -0.47242 -0.49202 0.73125 -0.45316 -0.55013 0.70143 -0.45316 -0.55013 0.70143 -0.30445 -0.82778 0.47126 -0.30446 -0.82778 0.47126 -0.10732 -0.98025 0.16612 -0.10732 -0.98025 0.16612 -0.04645 -0.98025 0.19224 -0.04645 -0.98025 0.19224 -0.13176 -0.82778 0.54536 -0.13176 -0.82779 0.54535 -0.19612 -0.55013 0.81172 -0.19612 -0.55012 0.81173 -0.23046 -0.19245 0.95386 -0.23046 -0.19243 0.95387 0.9595 -0.19443 0.20386 0.87854 -0.19245 0.43718 0.87854 -0.19243 0.43718 0.6849 -0.19243 0.70277 0.6849 -0.19244 0.70277 0.48751 -0.19443 0.85119 0.36765 -0.49204 0.78913 0.33806 -0.19444 0.92082 0.09745 -0.19245 0.97646 0.98009 -0.19443 0.04029 0.86377 -0.49202 0.10873 0.82855 -0.55011 0.10429 0.82855 -0.55011 0.10429 0.55664 -0.82779 0.07007 0.55664 -0.82779 0.07007 0.19623 -0.98025 0.0247 0.19623 -0.98025 0.0247 0.60054 -0.78915 -0.12882 0.77978 -0.6033 -0.16727 0.81732 -0.55051 -0.17009 0.87934 -0.43725 -0.18863 0.95948 -0.19244 -0.20582 0.95948 -0.19244 -0.20582 -0.86426 -0.19508 0.46367 -0.85206 -0.25882 0.45499 -0.79031 -0.44231 0.42399 -0.6991 -0.60875 0.37506 -0.62429 -0.7071 0.33208 -0.53644 -0.79335 0.28779 -0.38973 -0.89688 0.20909 -0.22896 -0.96592 0.1207 -0.17191 -0.98079 0.09223 -0.79463 -0.13495 0.59191 -0.81346 -0.1121 0.57072 -0.81939 -0.09894 0.56464 -0.81795 -0.13111 0.56014 -0.83436 -0.14589 0.53156 -0.83044 -0.16939 0.53074 -0.83208 -0.16965 0.52807 -0.60058 -0.75226 0.27094 -0.651 -0.67803 0.34128 -0.32607 -0.93376 0.14755 -0.38654 -0.90248 0.19005 -0.40005 -0.88741 0.22905 -0.18221 -0.96946 0.16415 -0.15446 -0.9831 0.09823 -0.39287 -0.85194 0.34619 -0.37442 -0.9041 0.20594 -0.62592 -0.68198 0.37831 -0.66025 -0.64504 0.38469 -0.77547 -0.34632 0.52793 -0.72941 -0.34917 0.58825 -0.34888 -0.8921 0.28711 -0.57543 -0.65425 0.49075 -0.51598 -0.70875 0.48108 -0.72827 -0.34741 0.59071 -0.66027 -0.39644 0.63787 -0.1318 -0.98698 0.09216 -0.14519 -0.98635 0.07772 -0.13896 -0.98759 0.0732 -0.13609 -0.98869 0.0631 -0.11182 -0.99255 0.04837 -0.10534 -0.99278 0.05732 -0.30129 -0.93583 0.18291 -0.22665 -0.96579 0.12604 -0.57362 -0.75649 0.31414 -0.5398 -0.79222 0.28462 -0.6888 -0.60823 0.39448 -0.70036 -0.1071 0.70571 -0.7014 -0.106 0.70484 -0.7413 -0.10583 0.66278 -0.73763 -0.11204 0.66584 -0.77919 -0.10297 0.61827 -0.77871 -0.37452 0.50333 -0.80788 -0.37177 0.4573 -0.77708 -0.44728 0.44282 -0.78483 -0.44654 0.4297 -0.72993 -0.54021 0.41878 -0.8089 -0.25881 0.52792 -0.8175 -0.25824 0.51479 -0.8175 -0.25823 0.51479 -0.59908 -0.70625 0.37725 -0.59908 -0.70624 0.37725 -0.21951 -0.96577 0.13823 -0.21951 -0.96577 0.13822 -0.73822 -0.25823 0.62318 -0.73822 -0.25823 0.62318 -0.54098 -0.70624 0.45668 -0.54098 -0.70624 0.45668 -0.19822 -0.96577 0.16733 -0.19822 -0.96577 0.16733 -0.51125 -0.79335 0.33048 -0.21191 -0.96588 0.14893 -0.6589 -0.6087 0.44196 -0.82094 -0.25878 0.50901 -0.22595 -0.96072 0.16111 -0.20876 -0.95925 0.19041 -0.235 -0.94972 0.20692 -0.21263 -0.94402 0.25221 -0.23804 -0.9344 0.26501 -0.60237 -0.69872 0.38592 -0.60477 -0.6989 0.38182 -0.61748 -0.68336 0.38954 -0.61603 -0.68299 0.39247 -0.62967 -0.66708 0.39814 -0.88134 -0.24421 0.40448 -0.86853 -0.23782 0.43484 -0.86522 -0.25079 0.43416 -0.85281 -0.24768 0.45975 -0.85891 -0.18901 0.47598 -0.83873 -0.25574 0.48076 -0.82156 -0.25447 0.51019 -0.89098 -0.23348 0.38941 -0.88976 -0.22124 0.39923 -0.63893 -0.64882 0.41329 -0.62476 -0.66462 0.40983 -0.24004 -0.91399 0.32711 -0.21598 -0.92328 0.31765 -0.89964 -0.25751 -0.35262 -0.66013 -0.70518 -0.25874 -0.24219 -0.96557 -0.09493 -0.24219 -0.96557 -0.09493 -0.25658 -0.96557 -0.04286 -0.25658 -0.96557 -0.04286 -0.2599 -0.96557 0.01106 -0.25989 -0.96557 0.01106 -0.25201 -0.96557 0.0645 -0.25201 -0.96557 0.0645 -0.23325 -0.96557 0.11516 -0.23325 -0.96557 0.11516 -0.20444 -0.96557 0.16085 -0.20444 -0.96557 0.16085 -0.66012 -0.70519 -0.25874 -0.69933 -0.70519 -0.11682 -0.69933 -0.70519 -0.11682 -0.70838 -0.70519 0.03014 -0.70838 -0.70519 0.03014 -0.68688 -0.70519 0.1758 -0.68688 -0.70519 0.1758 -0.63576 -0.70518 0.31388 -0.63576 -0.70519 0.31388 -0.55722 -0.70519 0.43842 -0.55723 -0.70518 0.43843 -0.89964 -0.25752 -0.35262 -0.95307 -0.25752 -0.1592 -0.95307 -0.25751 -0.1592 -0.9654 -0.25751 0.04108 -0.9654 -0.25751 0.04108 -0.9361 -0.25752 0.23959 -0.9361 -0.25751 0.23959 -0.86643 -0.25751 0.42777 -0.86643 -0.25752 0.42776 -0.7594 -0.25752 0.59749 -0.7594 -0.25751 0.5975 -0.90303 -0.24407 0.35351 -0.96497 -0.25881 0.04305 -0.97927 -0.19304 0.06134 -0.705 -0.70676 0.05892 -0.25734 -0.9655 0.03988 -0.96356 -0.2588 0.06766 -0.95999 -0.25643 0.11251 -0.95953 -0.25815 0.11249 -0.95563 -0.25458 0.14816 -0.97492 -0.15813 0.15659 -0.25959 -0.96488 0.04013 -0.25512 -0.96186 0.09867 -0.25843 -0.96093 0.09913 -0.25167 -0.95504 0.1567 -0.25619 -0.95371 0.15746 -0.95085 -0.25473 0.17609 -0.9428 -0.24743 0.22339 -0.94121 -0.25314 0.22373 -0.93307 -0.24529 0.26309 -0.95285 -0.1416 0.26837 -0.92283 -0.24668 0.29585 -0.90663 -0.23233 0.3522 -0.70571 -0.70604 0.059 -0.7009 -0.70278 0.12181 -0.7015 -0.70217 0.12188 -0.69398 -0.69562 0.18576 -0.69437 -0.69522 0.1858 -0.68356 -0.68515 0.25163 -0.68357 -0.68513 0.25163 -0.66893 -0.6715 0.31879 -0.66838 -0.67207 0.31873 -0.64911 -0.65475 0.38725 -0.64774 -0.65621 0.38708 -0.24722 -0.94543 0.21225 -0.21411 -0.95399 0.20992 -0.24697 -0.93847 0.24139 -0.24031 -0.93198 0.27142 -0.24694 -0.92977 0.27304 -0.23178 -0.91614 0.32704 -0.23931 -0.91342 0.32924 -0.88421 -0.25834 -0.38914 -0.88421 -0.25833 -0.38914 -0.64785 -0.7064 -0.28512 -0.64784 -0.7064 -0.28512 -0.23733 -0.9658 -0.10445 -0.23733 -0.9658 -0.10445 -0.25879 -0.96592 0.00432 -0.25879 -0.96592 0.00432 -0.70702 -0.7071 0.0118 -0.70702 -0.7071 0.0118 -0.96579 -0.25881 0.01612 -0.96579 -0.25881 0.01612 -0.2587 -0.96592 0.00814 -0.2587 -0.96592 0.00814 -0.70677 -0.7071 0.02224 -0.70677 -0.7071 0.02224 -0.96545 -0.25881 0.03038 -0.96545 -0.25881 0.03038 -0.24269 -0.96593 -0.08994 -0.90573 -0.25881 -0.33566 -0.90573 -0.25882 -0.33566 -0.66304 -0.7071 -0.24572 -0.89175 -0.382 -0.2426 -0.9372 -0.13053 -0.32344 -0.24269 -0.96593 -0.08994 -0.66305 -0.7071 -0.24572 -0.66434 -0.70709 -0.24222 -0.90749 -0.25881 -0.33087 -0.91571 -0.22185 -0.33504 -0.74667 -0.60872 -0.26823 -0.572 -0.7933 -0.20855 -0.24317 -0.96592 -0.08866 -0.36081 -0.92387 -0.12755 -0.12265 -0.99144 -0.04472 -0.76114 -0.59238 -0.2641 -0.93334 -0.25175 -0.25594 -0.58242 -0.77412 -0.24805 -0.24747 -0.94923 -0.19422 -0.93372 -0.25057 -0.25569 -0.93986 -0.25439 -0.22793 -0.94079 -0.25124 -0.22757 -0.94599 -0.25441 -0.20093 -0.9711 -0.15663 -0.18009 -0.95015 -0.25416 -0.18061 -0.95517 -0.25733 -0.14637 -0.95571 -0.25545 -0.1462 -0.95866 -0.25722 -0.12168 -0.97861 -0.17863 -0.10207 -0.96586 -0.25876 -0.01249 -0.97935 -0.20163 -0.01482 -0.96528 -0.25869 -0.03629 -0.96417 -0.25803 -0.06168 -0.96392 -0.25895 -0.06173 -0.96111 -0.25715 -0.10071 -0.67547 -0.6876 -0.26638 -0.68352 -0.69249 -0.23078 -0.68363 -0.69238 -0.23078 -0.69132 -0.69716 -0.18984 -0.69132 -0.69716 -0.18984 -0.69746 -0.70099 -0.14887 -0.69744 -0.70101 -0.14887 -0.70215 -0.70395 -0.10694 -0.70216 -0.70394 -0.10694 -0.70541 -0.70597 -0.06324 -0.70546 -0.70593 -0.06324 -0.70702 -0.70699 -0.01724 -0.7071 -0.7069 -0.01723 -0.24647 -0.9495 -0.19417 -0.25101 -0.95219 -0.17417 -0.24816 -0.953 -0.17381 -0.25387 -0.95656 -0.14334 -0.25146 -0.95723 -0.14311 -0.25609 -0.96012 -0.11219 -0.25415 -0.96065 -0.11206 -0.25771 -0.96287 -0.08044 -0.25631 -0.96325 -0.08039 -0.25873 -0.96476 -0.04789 -0.25794 -0.96497 -0.04789 -0.25908 -0.96575 -0.01452 -0.25893 -0.96579 -0.01453 -0.93846 -0.13053 -0.31978 -0.87688 -0.38267 -0.29095 -0.75554 -0.60868 -0.24222 -0.58281 -0.79316 -0.17672 -0.37056 -0.92355 -0.09872 -0.06415 -0.99741 -0.03248 -0.13334 -0.99098 -0.01339 -0.93635 -0.13601 -0.32364 -0.94382 -0.13542 -0.30143 -0.93755 -0.17726 -0.2993 -0.94798 -0.16991 -0.26918 -0.94507 -0.1784 -0.27391 -0.95532 -0.16913 -0.24241 -0.95031 -0.20075 -0.23794 -0.86674 -0.39782 -0.30083 -0.8849 -0.39603 -0.24519 -0.8329 -0.50563 -0.22499 -0.86057 -0.48753 -0.14745 -0.84561 -0.50939 -0.15959 -0.87217 -0.48351 -0.07442 -0.82762 -0.55854 -0.05552 -0.73294 -0.63022 -0.25617 -0.75963 -0.62683 -0.17334 -0.62654 -0.76987 -0.12141 -0.66736 -0.7447 -0.00679 -0.63369 -0.77316 -0.02575 -0.67305 -0.73265 0.10111 -0.56252 -0.81598 0.13319 -0.97151 -0.16072 -0.17415 -0.96702 -0.18913 -0.17062 -0.88515 -0.45009 0.11799 -0.84351 -0.52376 0.11899 -0.64557 -0.65993 0.38437 -0.54788 -0.7558 0.35861 -0.38516 -0.76376 0.518 -0.54485 -0.81598 -0.19317 -0.57785 -0.811 -0.0915 -0.34508 -0.93857 -0.00128 -0.39251 -0.90964 0.13596 -0.33744 -0.93497 0.10936 -0.38614 -0.88458 0.26157 -0.20477 -0.93263 0.29712 -0.29989 -0.75137 0.5878 -0.15958 -0.83537 0.52602 -0.31632 -0.94145 -0.11666 -0.35305 -0.93558 -0.00587 -0.02287 -0.99233 0.12149 -0.07011 -0.96208 0.26362 0.00402 -0.97377 0.2275 -0.04939 -0.9207 0.38712 0.18647 -0.89219 0.41137 0.09335 -0.71273 0.6952 0.24649 -0.7542 0.60863 -0.07378 -0.99726 -0.00445 0.22224 -0.9417 0.25262 0.29457 -0.92056 0.25651 0.26008 -0.89563 0.36085 0.34574 -0.88469 0.31271 0.29427 -0.83661 0.46205 0.54903 -0.6998 0.457 0.47013 -0.5495 0.69067 0.62483 -0.52746 0.57565 -0.94903 -0.1938 -0.24856 -0.92681 -0.24786 -0.2821 -0.80334 -0.55279 -0.22151 -0.76716 -0.59596 -0.23727 -0.52502 -0.82604 -0.20498 -0.59795 -0.78213 -0.1753 -0.16242 -0.9704 -0.17875 -0.26038 -0.9555 -0.13863 -0.95564 -0.20276 -0.21362 -0.95741 -0.19483 -0.2131 -0.80664 -0.57528 -0.13558 -0.8216 -0.55365 -0.13579 -0.52541 -0.85009 -0.03599 -0.56238 -0.82602 -0.03783 -0.16056 -0.98468 0.06807 -0.22134 -0.97296 0.06609 0.26973 -0.72323 0.63575 0.52409 -0.75167 0.4004 0.48427 -0.34896 0.80232 -0.53207 -0.80114 0.27402 -0.22791 -0.92743 0.29653 -0.12893 -0.88314 0.45105 -0.02738 -0.89832 0.43849 0.16526 -0.86006 0.48268 0.61389 -0.4435 0.65303 0.22775 -0.66446 0.71178 0.23507 -0.64715 0.72522 -0.19897 -0.73447 0.64882 -0.19551 -0.72935 0.65561 -0.40592 -0.71325 0.5714 -0.58871 -0.6662 0.45782 -0.97131 -0.17341 -0.16272 -0.83176 -0.55034 -0.07274 -0.83447 -0.54826 0.05536 -0.70689 -0.70062 0.09715 -0.55985 -0.8056 0.19386 -0.59608 -0.65738 0.46103 -0.86967 -0.46401 0.16841 -0.8699 -0.46026 0.17732 -0.97329 -0.1686 -0.15583 -0.96159 -0.19683 -0.1913 -0.81977 -0.56274 -0.10628 -0.82144 -0.56013 -0.10723 -0.94887 -0.20043 -0.24388 -0.94953 -0.19605 -0.24488 -0.1955 -0.96088 0.19619 -0.19612 -0.96079 0.19603 -0.55386 -0.83116 0.04905 -0.52215 -0.85067 0.06092 -0.6762 -0.73657 -0.01457 -0.19604 -0.95935 0.20302 -0.19744 -0.95914 0.20263 -0.55582 -0.82846 0.06871 -0.55933 -0.82621 0.0673 -0.82407 -0.56125 -0.07688 -0.8278 -0.5554 -0.07921 -0.96348 -0.13997 -0.22829 -0.9575 -0.19259 -0.21472 0.44892 -0.89132 -0.06344 0.99591 -0.02668 0.08638 0.92246 -0.34689 0.16953 0.92035 -0.38849 0.04512 0.69558 -0.70744 0.12524 0.99579 -0.02852 0.08708 0.99438 -0.08121 -0.06791 0.99355 -0.09428 -0.06296 0.97522 -0.12418 -0.18311 0.97504 -0.13247 -0.17821 0.94429 -0.15423 -0.29074 0.94067 -0.19415 -0.2783 0.86537 -0.43982 -0.24019 0.98341 -0.13486 0.12133 0.9814 -0.18843 -0.03675 0.94767 -0.31916 0.00772 0.92651 -0.35393 -0.1277 0.91184 -0.39812 -0.10025 0.87255 -0.42432 -0.24208 0.77561 -0.60408 -0.18309 0.98766 -0.0013 0.1566 0.99542 -0.02572 0.09204 0.95892 -0.24139 0.14902 0.95666 -0.29121 0.00106 0.84659 -0.52738 0.07174 0.82438 -0.56252 -0.063 0.77493 -0.63185 -0.01576 0.73234 -0.65912 -0.17101 0.60819 -0.78653 -0.10715 0.98768 -0.001 0.15651 0.68547 -0.72558 0.06051 0.58761 -0.80877 0.02473 0.5724 -0.81811 0.05529 0.53598 -0.84046 -0.07966 0.22271 -0.97434 0.03266 0.23615 -0.96589 -0.10628 0.19118 -0.9804 -0.04768 0.40354 -0.89676 -0.18161 0.55534 -0.79318 -0.24993 0.55535 -0.79317 -0.24993 0.72363 -0.60852 -0.32567 0.72362 -0.60854 -0.32566 0.81797 -0.44206 -0.36812 0.81797 -0.44204 -0.36812 0.8944 -0.19498 -0.40252 0.8944 -0.19497 -0.40253 0.97244 -0.19378 0.12965 0.97988 -0.19476 -0.04372 0.97244 -0.19378 0.12965 0.89022 -0.4398 0.11868 0.82642 -0.55315 0.10517 0.92495 -0.19379 -0.32697 0.92495 -0.19379 -0.32697 0.84675 -0.4398 -0.29932 0.78709 -0.55315 -0.27297 0.74993 -0.60607 -0.2651 0.52634 -0.82967 -0.18606 0.57956 -0.79083 -0.19672 0.18288 -0.98024 -0.0754 0.24562 -0.96547 -0.08682 0.9679 -0.19477 -0.15885 0.9021 -0.4212 -0.09382 0.82879 -0.55288 -0.08619 0.82879 -0.55289 -0.08619 0.55526 -0.82967 -0.05775 0.55526 -0.82967 -0.05774 0.19535 -0.98052 -0.02032 0.19535 -0.98052 -0.02032 0.78842 -0.60609 0.10511 0.60608 -0.79129 0.0808 0.55361 -0.82994 0.06866 0.44088 -0.89564 0.05878 0.19468 -0.98052 0.02596 0.19468 -0.98052 0.02596 0.24791 -0.96572 -0.07691 0.4071 -0.89682 -0.17316 0.18689 -0.98067 -0.05798 0.19279 -0.98067 0.03346 0.25458 -0.96543 0.05598 0.25691 -0.96572 -0.03706 0.25691 -0.96572 -0.03706 0.70095 -0.70601 -0.10111 0.70095 -0.70601 -0.10111 0.25954 -0.96572 0.00371 0.25954 -0.96572 0.00371 0.70813 -0.70601 0.01012 0.70813 -0.70601 0.01012 0.93197 -0.19473 -0.3058 0.85714 -0.44116 -0.2659 0.6764 -0.70601 -0.20983 0.74818 -0.60846 -0.26457 0.58256 -0.79244 -0.18072 0.43687 -0.89632 0.07582 0.60097 -0.79244 0.1043 0.69559 -0.70529 0.13681 0.78256 -0.60757 0.13582 0.8842 -0.44118 0.15346 0.92275 -0.25807 -0.28625 0.95623 -0.25807 -0.13793 0.95623 -0.25807 -0.13793 0.96603 -0.25807 0.01381 0.96603 -0.25807 0.01381 0.94983 -0.25781 0.17707 0.96645 -0.19451 0.16774 0.1812 -0.98079 -0.07229 0.18121 -0.98078 -0.07229 0.4108 -0.89687 -0.16388 0.41083 -0.89686 -0.16389 0.56542 -0.79336 -0.22556 0.73689 -0.60875 -0.29396 0.73688 -0.60877 -0.29396 0.83303 -0.44229 -0.33231 0.83305 -0.44225 -0.33232 0.94976 -0.1936 -0.24593 0.77029 -0.60569 -0.19946 0.86958 -0.43945 -0.22517 0.938 -0.2572 -0.2324 0.96644 -0.2569 -0.00095 0.96644 -0.2569 -0.00095 0.93606 -0.2569 0.24043 0.93606 -0.2569 0.24043 0.84636 -0.25689 0.46656 0.84636 -0.2569 0.46657 0.70303 -0.2569 0.66314 0.70303 -0.25691 0.66314 0.51515 -0.25691 0.81769 0.51515 -0.25692 0.81769 0.29463 -0.25692 0.92043 0.29464 -0.25687 0.92044 0.05545 -0.25687 0.96485 0.05544 -0.25689 0.96485 -0.18726 -0.25689 0.94812 -0.18726 -0.25689 0.94813 -0.41809 -0.25689 0.87132 -0.41809 -0.2569 0.87132 -0.62244 -0.2569 0.7393 -0.62244 -0.2569 0.7393 -0.78734 -0.2569 0.56044 -0.78734 -0.2569 0.56044 0.43092 -0.89546 -0.11158 0.59228 -0.791 -0.15337 0.68983 -0.70509 -0.16426 0.70992 -0.70428 -0.0007 0.70992 -0.70428 -0.0007 0.6876 -0.70428 0.17661 0.68761 -0.70428 0.17661 0.62172 -0.70427 0.34273 0.62172 -0.70427 0.34273 0.51644 -0.70427 0.48713 0.51643 -0.70427 0.48713 0.37842 -0.70427 0.60066 0.37842 -0.70427 0.60066 0.21644 -0.70427 0.67613 0.21642 -0.7043 0.67611 0.04073 -0.7043 0.70874 0.04073 -0.70428 0.70876 -0.13756 -0.70428 0.69647 -0.13756 -0.70427 0.69648 -0.30713 -0.70427 0.64006 -0.30713 -0.70427 0.64006 -0.45723 -0.70427 0.54308 -0.45724 -0.70427 0.54308 -0.57837 -0.70427 0.41169 -0.57837 -0.70427 0.41169 0.19032 -0.98048 -0.04928 0.25388 -0.96569 -0.05458 0.26075 -0.96541 -0.00026 0.26075 -0.96541 -0.00026 0.25256 -0.96541 0.06487 0.25255 -0.96541 0.06487 0.22835 -0.96541 0.12588 0.22835 -0.96541 0.12588 0.18968 -0.96541 0.17892 0.18968 -0.96541 0.17892 0.13899 -0.96541 0.22062 0.13899 -0.96541 0.22062 0.07949 -0.96541 0.24834 0.0795 -0.9654 0.24835 0.01496 -0.9654 0.26033 0.01496 -0.96541 0.26032 -0.05052 -0.96541 0.2558 -0.05052 -0.96541 0.25581 -0.11281 -0.96541 0.23509 -0.1128 -0.96541 0.23508 -0.16794 -0.96541 0.19947 -0.16794 -0.96541 0.19947 -0.21243 -0.96541 0.15121 -0.21243 -0.96541 0.15121 -0.13785 -0.98769 0.07395 -0.22501 -0.96591 0.12805 -0.73901 -0.54467 0.39648 -0.62106 -0.7071 0.33808 -0.62106 -0.7071 0.33808 -0.47993 -0.83868 0.25748 -0.35842 -0.91354 0.19229 -0.80502 -0.40673 0.43188 -0.84809 -0.25882 0.46233 -0.87034 -0.15645 0.46693 0.40587 -0.81046 0.4224 -0.09134 -0.98303 0.15909 -0.84447 -0.19579 0.49853 -0.85125 -0.15633 0.50094 -0.40439 -0.81037 0.42399 -0.52634 -0.69523 0.48951 -0.67204 -0.54829 0.49773 -0.67651 -0.54069 0.49999 -0.75133 -0.40451 0.52143 0.32333 -0.90741 0.26846 0.31577 -0.92698 0.2025 -0.08579 -0.95172 0.29474 -0.24339 -0.89032 0.38483 -0.38075 -0.82323 0.4211 0.66161 -0.56812 0.48939 0.64937 -0.62332 0.43565 0.249 -0.75988 0.60049 0.12976 -0.70358 0.69867 -0.13007 -0.67458 0.72666 -0.22159 -0.59807 0.7702 -0.4997 -0.4683 0.7287 -0.54879 -0.40343 0.73217 -0.78994 -0.17005 0.58913 -0.8004 -0.14373 0.58197 0.73706 -0.40472 0.54124 0.72075 -0.33747 0.6055 0.39954 -0.43715 0.80577 0.37882 -0.37057 0.84804 -0.0123 -0.38541 0.92266 -0.03162 -0.3357 0.94144 -0.42687 -0.26202 0.86552 -0.43862 -0.23428 0.8676 -0.76449 -0.09388 0.63776 -0.76734 -0.08522 0.63555 0.78721 -0.1403 0.60051 0.77988 -0.10773 0.61659 0.45217 -0.15306 0.8787 0.44336 -0.1231 0.88785 0.03108 -0.13474 0.99039 0.0231 -0.11433 0.99317 -0.39931 -0.09074 0.91232 -0.40408 -0.0809 0.91114 -0.75511 -0.03237 0.6548 -0.75635 -0.02964 0.65349 0.79508 0 0.60651 0.45756 0 0.88918 0.03136 0 0.99951 -0.40096 0 0.91609 -0.7555 0 0.65514 0.77878 0.14209 0.611 0.79065 0.10539 0.60313 0.44121 0.15399 0.88409 0.45412 0.12243 0.88249 0.02054 0.13472 0.99067 0.03116 0.11458 0.99293 -0.40559 0.09022 0.90959 -0.39963 0.08136 0.91306 0.71141 0.40968 0.57102 0.75898 0.31154 0.57175 0.36817 0.43385 0.82233 0.41558 0.35732 0.83643 -0.04089 0.37578 0.92581 -0.0049 0.33066 0.94374 -0.44354 0.25158 0.86022 -0.4242 0.23323 0.87502 -0.4894 0.43502 0.7558 -0.5617 0.42 0.7128 -0.10898 0.62025 0.7768 -0.2455 0.63531 0.7322 0.2877 0.6853 0.66903 0.10159 0.76089 0.64088 -0.84002 0.19275 0.50717 -0.80364 0.14772 0.57649 -0.78635 0.159 0.59697 -0.76854 0.0893 0.63353 -0.76361 0.08537 0.64001 -0.75672 0.03207 0.65295 -0.75517 0.02988 0.65485 -0.8561 0.15638 0.49259 -0.78149 0.34479 0.51999 -0.66276 0.54507 0.51347 -0.71777 0.48617 0.49843 -0.37979 0.79622 0.47094 -0.56051 0.70178 0.43969 -0.04596 0.93146 0.36093 -0.33196 0.88271 0.33262 -0.01727 0.95732 0.28852 0.40448 0.91384 0.03584 0.31435 0.91994 0.2343 0.47372 0.69633 0.53917 0.69556 0.686 0.21352 0.6213 0.65947 0.42318 -0.13785 0.98769 0.07395 -0.17076 0.98078 0.09437 -0.40092 0.891 0.21302 -0.48783 0.83147 0.26586 -0.62425 0.7071 0.33214 -0.73096 0.55557 0.39629 -0.87034 0.15645 0.46693 -0.86311 0.19508 0.46581 -0.82672 0.34615 0.44353 -0.76884 0.48862 0.41248 0.58285 0.55011 0.59805 0.13804 0.98025 0.14164 0.13804 0.98025 0.14164 0.08353 0.98025 0.17928 0.08352 0.98025 0.17927 0.01964 0.98025 0.1968 0.01964 0.98025 0.19679 -0.04645 0.98025 0.19224 -0.04645 0.98025 0.19224 0.19338 0.98025 -0.04148 0.19338 0.98025 -0.04148 0.43741 0.89435 -0.09383 0.54906 0.8282 -0.11232 0.81732 0.55051 -0.17009 0.77977 0.6033 -0.16727 0.60054 0.78915 -0.12882 0.58285 0.5501 0.59806 0.35267 0.55009 0.75698 0.35268 0.55008 0.75699 0.08293 0.55008 0.83098 0.08293 0.55012 0.83096 -0.19612 0.55012 0.81173 -0.19612 0.55013 0.81172 0.87934 0.43724 -0.18863 0.19623 0.98025 0.0247 0.19623 0.98025 0.0247 0.82855 0.55011 0.10429 0.82855 0.55011 0.10429 0.17706 0.98025 0.08811 0.17706 0.98025 0.08811 0.74764 0.55011 0.37204 0.74764 0.55011 0.37204 -0.45316 0.55013 0.70143 -0.45316 0.55013 0.70143 -0.10732 0.98025 0.16612 -0.10732 0.98025 0.16612 -0.15616 0.98025 0.12136 -0.15616 0.98025 0.12136 -0.44299 0.82778 0.34429 -0.44297 0.8278 0.34428 -0.65936 0.55012 0.51245 -0.65937 0.55011 0.51246 0.18121 0.98078 -0.07229 0.23901 0.96592 -0.09937 0.4108 0.89687 -0.16388 0.56542 0.79336 -0.22556 0.65491 0.7071 -0.26664 0.89578 0.25881 -0.36137 0.83303 0.44229 -0.33231 0.73689 0.60875 -0.29396 0.6764 0.70601 -0.20983 0.92275 0.25807 -0.28625 0.92275 0.25807 -0.28625 0.95623 0.25807 -0.13793 0.95623 0.25807 -0.13793 0.96603 0.25807 0.01381 0.96603 0.25807 0.01381 0.9519 0.25806 0.16521 0.9519 0.25807 0.16521 0.6764 0.70601 -0.20983 0.70095 0.70601 -0.10111 0.70095 0.70601 -0.10111 0.70813 0.70601 0.01012 0.70813 0.70601 0.01012 0.69777 0.70601 0.1211 0.69777 0.70601 0.1211 0.90104 0.25787 -0.34876 0.66073 0.70571 -0.25574 0.66072 0.70572 -0.25574 0.69545 0.70572 -0.13532 0.69545 0.70572 -0.13532 0.70841 0.70572 -0.01067 0.70841 0.70572 -0.01067 0.69921 0.70571 0.11432 0.69921 0.70572 0.11432 0.90104 0.25787 -0.34876 0.94839 0.25787 -0.18454 0.94839 0.25787 -0.18454 0.96607 0.25787 -0.01455 0.96607 0.25787 -0.01455 0.95352 0.25787 0.15589 0.95352 0.25787 0.15589 0.88087 0.25867 -0.39643 0.88087 0.25866 -0.39643 0.64502 0.70689 -0.29028 0.64501 0.70689 -0.29029 0.23615 0.96589 -0.10628 0.23615 0.96589 -0.10628 0.26282 0.96403 -0.0397 0.92935 0.3293 0.16697 0.92973 0.35991 0.07788 0.7217 0.68486 0.10056 0.71471 0.69717 0.05607 0.62431 0.78113 0.00869 0.61135 0.78977 0.05021 0.59554 0.80318 -0.01507 0.98772 0.00037 0.15626 0.99493 0.02203 0.09808 0.97264 0.18808 0.13635 0.97248 0.23294 0.00474 0.90293 0.42857 0.03227 0.88857 0.4542 -0.06444 0.84727 0.52502 -0.0806 0.82644 0.53988 -0.15975 0.68991 0.70338 -0.17112 0.99453 0.046 0.09373 0.99355 0.09755 -0.05781 0.98988 0.13243 -0.05098 0.97292 0.1612 -0.16565 0.96932 0.17866 -0.16881 0.94297 0.19778 -0.26775 0.92694 0.25756 -0.27285 -0.73135 -0 -0.682 -0.73135 -0 -0.682 -0.73135 -0 -0.682 -0.73135 -0 -0.682 -0.73135 -0 -0.682 -0.73135 0 -0.682 -0.73135 0 -0.682 -0.73135 -0 -0.682 -0.73135 0 -0.682 -0.73135 -0 -0.682 -0.73135 -0 -0.682 -0.73135 0 -0.682 -0.65876 0.25882 0.70643 -0.65876 0.25882 0.70643 -0.48225 0.70711 0.51715 -0.48225 0.70711 0.51715 -0.17651 0.96593 0.18929 -0.17651 0.96593 0.18929 0.17651 0.96593 -0.18929 0.17651 0.96593 -0.18929 0.48225 0.70711 -0.51714 0.48225 0.70711 -0.51715 0.65876 0.25882 -0.70643 0.65876 0.25882 -0.70643 0.682 -0 -0.73135 0.65876 -0.25882 -0.70643 0.65876 -0.25882 -0.70643 0.48225 -0.70711 -0.51715 0.48225 -0.70711 -0.51715 0.17651 -0.96593 -0.18929 0.17651 -0.96593 -0.18929 -0.17651 -0.96593 0.18929 -0.17651 -0.96593 0.18929 -0.48225 -0.70711 0.51715 -0.48225 -0.70711 0.51715 -0.65876 -0.25882 0.70643 -0.65876 -0.25882 0.70643 -0.682 0 0.73135 -0.66889 -0.19509 0.7173 -0.66889 -0.19509 0.7173 -0.56706 -0.55557 0.6081 -0.56706 -0.55557 0.6081 -0.3789 -0.83147 0.40632 -0.13305 -0.98079 0.14268 -0.13305 -0.98079 0.14268 -0.682 0 0.73135 -0.17651 0.96593 0.18929 -0.48225 0.70711 0.51715 -0.65876 0.25882 0.70643 -0.65876 0.25882 0.70643 0.66889 0.19509 -0.7173 0.66889 0.19509 -0.7173 0.56706 0.55557 -0.6081 0.56706 0.55557 -0.6081 0.3789 0.83147 -0.40632 0.3789 0.83147 -0.40632 0.13305 0.98079 -0.14268 0.13305 0.98079 -0.14268 0.682 -0 -0.73135 0.17651 -0.96593 -0.18929 0.17651 -0.96593 -0.18929 0.48225 -0.70711 -0.51715 0.48225 -0.70711 -0.51715 0.65876 -0.25882 -0.70643 0.65876 -0.25882 -0.70643 -0.73136 -0 -0.682 -0.73135 0 -0.682 -0.73135 -0 -0.682 -0.73135 0 -0.682 -0.73135 0 -0.682 -0.73135 -0 -0.682 -0.73135 -0 -0.682 -0.73135 0 -0.682 -0.73135 0 -0.682 -0.52595 -0.32215 0.78714 -0.59726 0.19348 0.77836 -0.77836 0.19348 0.59726 -0.78714 -0.32217 0.52595 -0.87971 0.19467 0.43383 -0.96264 0.19147 0.19148 -0.96264 0.19148 0.19148 -0.96264 0.19148 -0.19148 -0.96264 0.19147 -0.19148 -0.87971 0.19467 -0.43383 -0.78714 -0.32217 -0.52595 -0.77836 0.19348 -0.59726 -0.59726 0.19348 -0.77836 -0.52595 -0.32215 -0.78714 -0.43382 0.1947 -0.87971 -0.19148 0.1915 -0.96263 -0.19148 0.19147 -0.96264 0.19148 0.19147 -0.96264 0.19148 0.1915 -0.96263 0.43382 0.1947 -0.87971 0.52595 -0.32215 -0.78714 0.59726 0.19348 -0.77836 0.77836 0.19348 -0.59726 0.78714 -0.32217 -0.52595 0.87971 0.19467 -0.43383 0.96264 0.19147 -0.19148 0.96264 0.19148 -0.19148 0.96264 0.19148 0.19148 0.96264 0.19147 0.19148 0.87971 0.19467 0.43383 0.78714 -0.32217 0.52595 0.77836 0.19348 0.59726 0.59726 0.19348 0.77836 0.52595 -0.32215 0.78714 0.43382 0.1947 0.87971 0.19148 0.1915 0.96263 0.19148 0.19147 0.96264 -0.19148 0.19147 0.96264 -0.19148 0.1915 0.96263 -0.43382 0.1947 0.87971 0.46468 0.54812 0.69544 0.46468 0.54811 0.69544 0.69544 0.54812 0.46468 0.69543 0.54814 0.46467 0.82032 0.54813 0.16317 0.82033 0.54812 0.16317 0.82033 0.54812 -0.16317 0.82032 0.54813 -0.16317 0.69543 0.54814 -0.46467 0.69544 0.54812 -0.46468 0.46468 0.54811 -0.69544 0.46468 0.54812 -0.69544 0.16317 0.54812 -0.82033 0.16317 0.54814 -0.82032 -0.16317 0.54814 -0.82032 -0.16317 0.54812 -0.82033 -0.46468 0.54812 -0.69544 -0.46468 0.54811 -0.69544 -0.69544 0.54812 -0.46468 -0.69543 0.54814 -0.46467 -0.82032 0.54813 -0.16317 -0.82033 0.54812 -0.16317 -0.82033 0.54812 0.16317 -0.82032 0.54813 0.16317 -0.69543 0.54814 0.46467 -0.69544 0.54812 0.46468 -0.46468 0.54811 0.69545 -0.46468 0.54812 0.69544 -0.16317 0.54812 0.82033 -0.16317 0.54814 0.82032 0.16317 0.54814 0.82032 0.16317 0.54812 0.82033 0.31281 0.82643 0.46814 0.31279 0.82645 0.46813 0.46813 0.82645 0.3128 0.46814 0.82644 0.3128 0.55221 0.82644 0.10984 0.55221 0.82644 0.10984 0.55221 0.82644 -0.10984 0.55221 0.82643 -0.10984 0.46815 0.82643 -0.31281 0.46813 0.82645 -0.31279 0.31279 0.82645 -0.46813 0.3128 0.82643 -0.46815 0.10984 0.82643 -0.55222 0.10984 0.82644 -0.5522 -0.10984 0.82644 -0.5522 -0.10984 0.82643 -0.55222 -0.31281 0.82643 -0.46814 -0.31279 0.82645 -0.46813 -0.46813 0.82645 -0.3128 -0.46815 0.82643 -0.31281 -0.55221 0.82643 -0.10984 -0.55221 0.82644 -0.10984 -0.55221 0.82644 0.10984 -0.55221 0.82644 0.10984 -0.46814 0.82644 0.3128 -0.46813 0.82645 0.3128 -0.31279 0.82645 0.46813 -0.3128 0.82643 0.46815 -0.10984 0.82643 0.55222 -0.10984 0.82644 0.5522 0.10984 0.82644 0.5522 0.10984 0.82643 0.55222 0.11043 0.98005 0.16527 0.11043 0.98005 0.16527 0.16527 0.98005 0.11043 0.16527 0.98005 0.11043 0.19494 0.98005 0.03878 0.19494 0.98005 0.03878 0.19494 0.98005 -0.03878 0.19494 0.98005 -0.03878 0.16526 0.98005 -0.11042 0.16527 0.98005 -0.11043 0.11043 0.98005 -0.16527 0.11043 0.98005 -0.16527 0.03878 0.98005 -0.19495 0.03878 0.98005 -0.19494 -0.03878 0.98005 -0.19494 -0.03878 0.98005 -0.19495 -0.11043 0.98005 -0.16527 -0.11043 0.98005 -0.16527 -0.16527 0.98005 -0.11043 -0.16526 0.98005 -0.11043 -0.19494 0.98005 -0.03878 -0.19494 0.98005 -0.03878 -0.19494 0.98005 0.03878 -0.19494 0.98005 0.03878 -0.16527 0.98005 0.11043 -0.16527 0.98005 0.11043 -0.11043 0.98005 0.16527 -0.11043 0.98005 0.16527 -0.03878 0.98005 0.19495 -0.03878 0.98005 0.19494 0.03878 0.98005 0.19494 0.03878 0.98005 0.19495 -0.52595 0.32215 -0.78714 -0.59726 -0.19348 -0.77836 -0.77836 -0.19348 -0.59726 -0.78714 0.32217 -0.52595 -0.87971 -0.19467 -0.43383 -0.96264 -0.19147 -0.19148 -0.96264 -0.19148 -0.19148 -0.96264 -0.19148 0.19148 -0.96264 -0.19147 0.19148 -0.87971 -0.19467 0.43383 -0.78714 0.32217 0.52595 -0.77836 -0.19348 0.59726 -0.59726 -0.19348 0.77836 -0.52595 0.32215 0.78714 -0.43382 -0.1947 0.87971 -0.19148 -0.1915 0.96263 -0.19148 -0.19147 0.96264 0.19148 -0.19147 0.96264 0.19148 -0.1915 0.96263 0.43382 -0.1947 0.87971 0.52595 0.32215 0.78714 0.59726 -0.19348 0.77836 0.77836 -0.19348 0.59726 0.78714 0.32217 0.52595 0.87971 -0.19467 0.43383 0.96264 -0.19147 0.19148 0.96264 -0.19148 0.19148 0.96264 -0.19148 -0.19148 0.96264 -0.19147 -0.19148 0.87971 -0.19467 -0.43383 0.78714 0.32217 -0.52595 0.77836 -0.19348 -0.59726 0.59726 -0.19348 -0.77836 0.52595 0.32215 -0.78714 0.43382 -0.1947 -0.87971 0.19148 -0.1915 -0.96263 0.19148 -0.19147 -0.96264 -0.19148 -0.19147 -0.96264 -0.19148 -0.1915 -0.96263 -0.43382 -0.1947 -0.87971 0.46468 -0.54812 -0.69544 0.46468 -0.54811 -0.69544 0.69544 -0.54812 -0.46468 0.69543 -0.54814 -0.46467 0.82032 -0.54813 -0.16317 0.82033 -0.54812 -0.16317 0.82033 -0.54812 0.16317 0.82032 -0.54813 0.16317 0.69543 -0.54814 0.46467 0.69544 -0.54812 0.46468 0.46468 -0.54811 0.69544 0.46468 -0.54812 0.69544 0.16317 -0.54812 0.82033 0.16317 -0.54814 0.82032 -0.16317 -0.54814 0.82032 -0.16317 -0.54812 0.82033 -0.46468 -0.54812 0.69544 -0.46468 -0.54811 0.69544 -0.69544 -0.54812 0.46468 -0.69543 -0.54814 0.46467 -0.82032 -0.54813 0.16317 -0.82033 -0.54812 0.16317 -0.82033 -0.54812 -0.16317 -0.82032 -0.54813 -0.16317 -0.69543 -0.54814 -0.46467 -0.69544 -0.54812 -0.46468 -0.46468 -0.54811 -0.69545 -0.46468 -0.54812 -0.69544 -0.16317 -0.54812 -0.82033 -0.16317 -0.54814 -0.82032 0.16317 -0.54814 -0.82032 0.16317 -0.54812 -0.82033 0.31281 -0.82643 -0.46814 0.31279 -0.82645 -0.46813 0.46813 -0.82645 -0.3128 0.46815 -0.82643 -0.31281 0.55222 -0.82643 -0.10984 0.55221 -0.82644 -0.10984 0.55221 -0.82644 0.10984 0.55221 -0.82644 0.10984 0.46814 -0.82644 0.3128 0.46813 -0.82645 0.3128 0.31279 -0.82645 0.46813 0.3128 -0.82643 0.46815 0.10984 -0.82643 0.55222 0.10984 -0.82644 0.5522 -0.10984 -0.82644 0.5522 -0.10984 -0.82643 0.55222 -0.31281 -0.82643 0.46814 -0.31279 -0.82645 0.46813 -0.46813 -0.82645 0.3128 -0.46814 -0.82644 0.3128 -0.55221 -0.82644 0.10984 -0.55221 -0.82644 0.10984 -0.55221 -0.82644 -0.10984 -0.55221 -0.82643 -0.10984 -0.46815 -0.82643 -0.31281 -0.46813 -0.82645 -0.31279 -0.31279 -0.82645 -0.46813 -0.3128 -0.82643 -0.46815 -0.10984 -0.82643 -0.55222 -0.10984 -0.82644 -0.5522 0.10984 -0.82644 -0.5522 0.10984 -0.82643 -0.55222 0.11043 -0.98005 -0.16527 0.11043 -0.98005 -0.16527 0.16527 -0.98005 -0.11043 0.16526 -0.98005 -0.11043 0.19494 -0.98005 -0.03878 0.19494 -0.98005 -0.03878 0.19494 -0.98005 0.03878 0.19494 -0.98005 0.03878 0.16527 -0.98005 0.11043 0.16527 -0.98005 0.11043 0.11043 -0.98005 0.16527 0.11043 -0.98005 0.16527 0.03878 -0.98005 0.19495 0.03878 -0.98005 0.19494 -0.03878 -0.98005 0.19494 -0.03878 -0.98005 0.19495 -0.11043 -0.98005 0.16527 -0.11043 -0.98005 0.16527 -0.16527 -0.98005 0.11043 -0.16527 -0.98005 0.11043 -0.19494 -0.98005 0.03878 -0.19494 -0.98005 0.03878 -0.19494 -0.98005 -0.03878 -0.19494 -0.98005 -0.03878 -0.16526 -0.98005 -0.11042 -0.16527 -0.98005 -0.11043 -0.11043 -0.98005 -0.16527 -0.11043 -0.98005 -0.16527 -0.03878 -0.98005 -0.19495 -0.03878 -0.98005 -0.19494 0.03878 -0.98005 -0.19494 0.03878 -0.98005 -0.19495 0.18615 -0.69476 0.69474 0.50858 -0.69475 0.50858 0.50859 -0.69475 0.50859 0.69475 -0.69475 0.18616 0.69475 -0.69475 0.18616 0.69475 -0.69475 -0.18616 0.69475 -0.69475 -0.18616 0.50859 -0.69475 -0.50859 0.50858 -0.69475 -0.50858 0.18616 -0.69476 -0.69474 0.18616 -0.69474 -0.69475 -0.18616 -0.69474 -0.69475 -0.18615 -0.69476 -0.69474 -0.50858 -0.69475 -0.50859 -0.50859 -0.69475 -0.50859 -0.69474 -0.69475 -0.18616 -0.69475 -0.69475 -0.18616 -0.69475 -0.69475 0.18616 -0.69474 -0.69475 0.18616 -0.50858 -0.69475 0.50859 -0.50858 -0.69475 0.50858 -0.18616 -0.69476 0.69474 -0.18616 -0.69474 0.69475 0.18616 -0.69474 0.69475 0.18615 0.69476 -0.69474 0.50858 0.69475 -0.50858 0.50859 0.69475 -0.50859 0.69475 0.69475 -0.18616 0.69475 0.69475 -0.18616 0.69475 0.69475 0.18616 0.69475 0.69475 0.18616 0.50859 0.69475 0.50859 0.50858 0.69475 0.50858 0.18616 0.69476 0.69474 0.18616 0.69474 0.69475 -0.18616 0.69474 0.69475 -0.18615 0.69476 0.69474 -0.50858 0.69475 0.50859 -0.50859 0.69475 0.50859 -0.69474 0.69475 0.18616 -0.69475 0.69475 0.18616 -0.69475 0.69475 -0.18616 -0.69474 0.69475 -0.18616 -0.50858 0.69475 -0.50859 -0.50858 0.69475 -0.50858 -0.18616 0.69476 -0.69474 -0.18616 0.69474 -0.69475 0.18616 0.69474 -0.69475 -0.50859 -0.69475 0.50858 -0.50859 -0.69474 0.50859 -0.69475 -0.69475 0.18616 -0.69475 -0.69475 0.18616 -0.69475 -0.69475 -0.18616 -0.69475 -0.69475 -0.18616 -0.50859 -0.69474 -0.50859 -0.50859 -0.69475 -0.50858 -0.18616 -0.69476 -0.69474 -0.18616 -0.69473 -0.69476 0.18616 -0.69473 -0.69476 0.18615 -0.69476 -0.69474 0.50859 -0.69475 -0.50858 0.5086 -0.69474 -0.50859 0.69475 -0.69474 -0.18616 0.69475 -0.69475 -0.18616 0.69475 -0.69475 0.18616 0.69475 -0.69474 0.18616 0.50859 -0.69474 0.50859 0.50859 -0.69475 0.50858 0.18616 -0.69476 0.69474 0.18616 -0.69473 0.69476 -0.18616 -0.69473 0.69476 -0.18615 -0.69476 0.69474</float_array>
          <technique_common>
            <accessor source="#norm_0-array" count="34248" stride="3">
              <param name="X" type="float"/>
              <param name="Y" type="float"/>
              <param name="Z" type="float"/>
            </accessor>
          </technique_common>
        </source>
        <vertices id="vert_0">
          <input semantic="POSITION" source="#pos_0"/>
        </vertices>
        <triangles count="13108" material="mat_0">
          <input semantic="VERTEX" source="#vert_0" offset="0"/>
          <input semantic="NORMAL" source="#norm_0" offset="1"/>
          <p>0 0 1 0 2 0 2 1 1 1 3 1 2 2 3 2 4 2 4 3 3 3 5 3 4 4 5 4 6 4 6 5 5 5 7 5 6 6 7 6 8 6 8 7 7 7 9 7 8 8 9 8 10 8 10 9 9 9 11 9 10 10 11 10 12 10 12 11 11 11 13 11 12 12 13 12 14 12 14 13 13 13 15 13 14 14 15 14 16 14 16 15 15 15 17 15 16 16 17 16 18 16 18 17 17 17 19 17 18 17 19 17 20 17 20 18 19 18 21 18 20 19 21 19 22 19 22 20 21 20 23 20 22 21 23 21 24 21 24 22 23 22 25 22 24 23 25 23 26 23 26 24 25 24 27 24 26 25 27 25 28 25 28 26 27 26 29 26 28 27 29 27 30 27 30 28 29 28 31 28 30 29 31 29 32 29 32 30 31 30 33 30 32 31 33 31 34 31 34 32 33 32 35 32 34 33 35 33 36 33 36 34 35 34 37 34 36 35 37 35 38 35 38 36 37 36 39 36 38 37 39 37 40 37 40 38 39 38 41 38 40 39 41 39 42 39 42 40 41 40 43 40 42 41 43 41 44 41 44 42 43 42 45 42 44 43 45 43 46 43 46 44 45 44 47 44 46 45 47 45 48 45 48 46 47 46 49 46 48 47 49 47 50 47 50 48 49 48 51 48 50 49 51 49 52 49 52 50 51 50 53 50 52 51 53 51 54 51 54 52 53 52 55 52 54 53 55 53 56 53 56 54 55 54 57 54 56 54 57 54 58 54 58 55 57 55 59 55 58 56 59 56 60 56 60 57 59 57 61 57 60 58 61 58 62 58 62 59 61 59 63 59 62 60 63 60 64 60 64 61 63 61 65 61 64 62 65 62 66 62 66 63 65 63 67 63 66 64 67 64 68 64 68 65 67 65 69 65 68 66 69 66 70 66 70 67 69 67 71 67 70 68 71 68 72 68 72 69 71 69 73 69 72 70 73 70 74 70 74 71 73 71 75 71 74 72 75 72 0 72 0 73 75 73 1 73 76 74 2 74 77 74 77 75 2 75 4 75 77 75 4 75 78 75 78 76 4 76 6 76 78 76 6 76 79 76 79 77 6 77 8 77 79 77 8 77 80 77 80 78 8 78 10 78 80 78 10 78 81 78 81 79 10 79 12 79 81 79 12 79 82 79 82 80 12 80 14 80 82 80 14 80 83 80 83 81 14 81 16 81 83 81 16 81 84 81 84 82 16 82 18 82 84 82 18 82 85 82 85 83 18 83 20 83 85 83 20 83 86 83 86 84 20 84 22 84 86 84 22 84 87 84 87 85 22 85 24 85 87 85 24 85 88 85 88 86 24 86 26 86 88 86 26 86 89 86 89 87 26 87 28 87 89 87 28 87 90 87 90 88 28 88 30 88 90 88 30 88 91 88 91 89 30 89 32 89 91 89 32 89 92 89 92 90 32 90 34 90 92 90 34 90 93 90 93 91 34 91 36 91 93 91 36 91 94 91 94 92 36 92 38 92 94 92 38 92 95 92 95 93 38 93 40 93 95 93 40 93 96 93 96 94 40 94 42 94 96 94 42 94 97 94 97 95 42 95 44 95 97 95 44 95 98 95 98 96 44 96 46 96 98 96 46 96 99 96 99 97 46 97 48 97 99 97 48 97 100 97 100 98 48 98 50 98 100 98 50 98 101 98 101 99 50 99 52 99 101 99 52 99 102 99 102 100 52 100 54 100 102 100 54 100 103 100 103 101 54 101 56 101 103 101 56 101 104 101 104 102 56 102 58 102 104 102 58 102 105 102 105 103 58 103 60 103 105 103 60 103 106 103 106 104 60 104 62 104 106 104 62 104 107 104 107 105 62 105 64 105 107 105 64 105 108 105 108 106 64 106 66 106 108 106 66 106 109 106 109 107 66 107 68 107 109 107 68 107 110 107 110 108 68 108 70 108 110 108 70 108 111 108 111 109 70 109 72 109 111 109 72 109 112 109 112 110 72 110 74 110 112 110 74 110 113 110 113 111 74 111 0 111 113 111 0 111 76 111 76 74 0 74 2 74 103 112 114 112 102 112 102 112 114 112 115 112 102 112 115 112 101 112 101 112 115 112 116 112 101 112 116 112 100 112 100 112 116 112 117 112 100 112 117 112 99 112 112 112 118 112 111 112 111 112 118 112 119 112 111 112 119 112 110 112 110 112 119 112 120 112 110 112 120 112 109 112 109 112 120 112 121 112 109 112 121 112 108 112 121 112 122 112 108 112 108 112 122 112 123 112 108 112 123 112 107 112 107 112 123 112 124 112 107 112 124 112 106 112 106 112 124 112 125 112 106 112 125 112 105 112 105 112 125 112 126 112 105 112 126 112 104 112 104 112 126 112 127 112 104 112 127 112 103 112 103 112 127 112 128 112 103 112 128 112 114 112 117 112 129 112 99 112 99 112 129 112 130 112 99 112 130 112 98 112 98 112 130 112 131 112 98 112 131 112 97 112 97 112 131 112 132 112 97 112 132 112 96 112 96 112 132 112 133 112 96 112 133 112 95 112 133 112 134 112 95 112 95 112 134 112 135 112 95 112 135 112 94 112 94 112 135 112 136 112 94 112 136 112 93 112 93 112 136 112 137 112 93 112 137 112 92 112 92 112 137 112 138 112 92 112 138 112 91 112 138 112 139 112 91 112 91 112 139 112 140 112 91 112 140 112 90 112 90 112 140 112 141 112 90 112 141 112 89 112 89 112 141 112 142 112 89 112 142 112 88 112 88 112 142 112 143 112 88 112 143 112 87 112 143 112 144 112 87 112 87 112 144 112 145 112 87 112 145 112 86 112 86 112 145 112 146 112 86 112 146 112 85 112 85 112 146 112 147 112 85 112 147 112 84 112 84 112 147 112 148 112 84 112 148 112 83 112 83 112 148 112 149 112 83 112 149 112 82 112 78 112 150 112 77 112 77 112 150 112 151 112 77 112 151 112 76 112 76 112 151 112 152 112 76 112 152 112 113 112 113 112 152 112 153 112 113 112 153 112 112 112 112 112 153 112 154 112 112 112 154 112 118 112 149 112 155 112 82 112 82 112 155 112 156 112 82 112 156 112 81 112 81 112 156 112 157 112 81 112 157 112 80 112 80 112 157 112 158 112 80 112 158 112 79 112 79 112 158 112 159 112 79 112 159 112 78 112 78 112 159 112 160 112 78 112 160 112 150 112 161 113 162 113 163 113 163 114 162 114 164 114 163 115 164 115 165 115 164 116 166 116 165 116 165 117 166 117 167 117 165 118 167 118 168 118 167 119 169 119 168 119 168 120 169 120 170 120 168 121 170 121 171 121 171 122 170 122 172 122 171 123 172 123 173 123 172 124 174 124 173 124 173 125 174 125 175 125 173 126 175 126 176 126 175 127 177 127 176 127 176 128 177 128 178 128 176 129 178 129 179 129 179 130 178 130 180 130 179 131 180 131 181 131 180 132 182 132 181 132 181 133 182 133 183 133 181 134 183 134 184 134 183 135 185 135 184 135 184 136 185 136 186 136 184 137 186 137 187 137 187 138 186 138 188 138 187 139 188 139 189 139 188 140 190 140 189 140 189 141 190 141 191 141 189 142 191 142 192 142 191 143 193 143 192 143 192 144 193 144 194 144 192 145 194 145 195 145 195 146 194 146 196 146 195 147 196 147 197 147 196 148 198 148 197 148 197 149 198 149 199 149 197 150 199 150 200 150 199 151 201 151 200 151 200 152 201 152 202 152 200 153 202 153 203 153 203 154 202 154 204 154 203 155 204 155 205 155 204 156 206 156 205 156 205 157 206 157 207 157 205 158 207 158 208 158 207 159 209 159 208 159 208 160 209 160 210 160 208 161 210 161 211 161 211 162 210 162 212 162 211 163 212 163 213 163 212 164 214 164 213 164 213 165 214 165 215 165 213 166 215 166 216 166 215 167 217 167 216 167 216 168 217 168 218 168 216 169 218 169 219 169 218 170 220 170 219 170 219 171 220 171 221 171 219 172 221 172 222 172 222 173 221 173 223 173 222 174 223 174 224 174 223 175 225 175 224 175 224 176 225 176 226 176 224 177 226 177 227 177 226 178 228 178 227 178 227 179 228 179 229 179 227 180 229 180 230 180 230 181 229 181 231 181 230 182 231 182 232 182 231 183 233 183 232 183 232 184 233 184 234 184 232 185 234 185 235 185 234 186 236 186 235 186 235 187 236 187 237 187 235 188 237 188 238 188 238 189 237 189 239 189 238 190 239 190 240 190 239 191 241 191 240 191 240 192 241 192 242 192 240 193 242 193 243 193 242 194 244 194 243 194 243 195 244 195 245 195 243 196 245 196 246 196 246 197 245 197 247 197 246 198 247 198 248 198 247 199 249 199 248 199 248 200 249 200 250 200 248 201 250 201 251 201 250 202 252 202 251 202 251 203 252 203 253 203 251 204 253 204 254 204 254 205 253 205 255 205 254 206 255 206 256 206 255 207 257 207 256 207 256 208 257 208 258 208 256 209 258 209 259 209 258 210 260 210 259 210 259 211 260 211 261 211 259 212 261 212 262 212 262 213 261 213 263 213 262 214 263 214 264 214 263 215 265 215 264 215 264 216 265 216 266 216 264 217 266 217 267 217 266 218 268 218 267 218 267 219 268 219 269 219 267 220 269 220 270 220 270 221 269 221 271 221 270 222 271 222 272 222 271 223 273 223 272 223 272 224 273 224 274 224 272 225 274 225 275 225 274 226 276 226 275 226 275 227 276 227 277 227 275 228 277 228 278 228 278 229 277 229 279 229 278 230 279 230 280 230 279 231 281 231 280 231 280 232 281 232 282 232 280 233 282 233 283 233 283 234 282 234 284 234 283 235 284 235 161 235 161 236 284 236 285 236 161 237 285 237 162 237 280 238 286 238 278 238 278 239 286 239 287 239 278 240 287 240 275 240 275 241 287 241 288 241 275 242 288 242 272 242 272 243 288 243 289 243 272 244 289 244 270 244 270 245 289 245 290 245 270 246 290 246 267 246 267 247 290 247 291 247 267 248 291 248 264 248 264 249 291 249 292 249 264 250 292 250 262 250 262 251 292 251 293 251 262 252 293 252 259 252 259 253 293 253 294 253 259 254 294 254 256 254 256 255 294 255 295 255 256 256 295 256 254 256 254 257 295 257 296 257 254 258 296 258 251 258 251 259 296 259 297 259 251 260 297 260 248 260 248 261 297 261 298 261 248 262 298 262 246 262 246 263 298 263 299 263 246 264 299 264 243 264 243 265 299 265 300 265 243 266 300 266 240 266 240 267 300 267 301 267 240 268 301 268 238 268 238 269 301 269 302 269 238 270 302 270 235 270 235 271 302 271 303 271 235 272 303 272 232 272 232 273 303 273 304 273 232 274 304 274 230 274 230 275 304 275 305 275 230 276 305 276 227 276 227 277 305 277 306 277 227 278 306 278 224 278 224 279 306 279 307 279 224 280 307 280 222 280 222 281 307 281 308 281 222 282 308 282 219 282 219 282 308 282 309 282 219 283 309 283 216 283 216 284 309 284 310 284 216 285 310 285 213 285 213 286 310 286 311 286 213 287 311 287 211 287 211 288 311 288 312 288 211 289 312 289 208 289 208 290 312 290 313 290 208 291 313 291 205 291 205 292 313 292 314 292 205 293 314 293 203 293 203 294 314 294 315 294 203 295 315 295 200 295 200 296 315 296 316 296 200 297 316 297 197 297 197 298 316 298 317 298 197 299 317 299 195 299 195 300 317 300 318 300 195 301 318 301 192 301 192 302 318 302 319 302 192 303 319 303 189 303 189 304 319 304 320 304 189 305 320 305 187 305 187 306 320 306 321 306 187 307 321 307 184 307 184 308 321 308 322 308 184 309 322 309 181 309 181 310 322 310 323 310 181 311 323 311 179 311 179 312 323 312 324 312 179 313 324 313 176 313 176 314 324 314 325 314 176 315 325 315 173 315 173 316 325 316 326 316 173 317 326 317 171 317 171 318 326 318 327 318 171 319 327 319 168 319 168 320 327 320 328 320 168 321 328 321 165 321 165 322 328 322 329 322 165 323 329 323 163 323 163 324 329 324 330 324 163 325 330 325 161 325 161 326 330 326 331 326 161 327 331 327 283 327 283 328 331 328 332 328 283 329 332 329 280 329 280 330 332 330 286 330 286 331 151 331 287 331 287 332 151 332 150 332 287 333 150 333 288 333 288 334 150 334 160 334 288 335 160 335 289 335 289 336 160 336 159 336 289 337 159 337 290 337 290 338 159 338 158 338 290 339 158 339 291 339 291 340 158 340 157 340 291 341 157 341 292 341 292 342 157 342 156 342 292 343 156 343 293 343 293 344 156 344 155 344 293 345 155 345 294 345 294 346 155 346 149 346 294 347 149 347 295 347 295 348 149 348 148 348 295 349 148 349 296 349 296 350 148 350 147 350 296 351 147 351 297 351 297 352 147 352 146 352 297 353 146 353 298 353 298 354 146 354 145 354 298 355 145 355 299 355 299 356 145 356 144 356 299 357 144 357 300 357 300 358 144 358 143 358 300 359 143 359 301 359 301 360 143 360 142 360 301 361 142 361 302 361 302 362 142 362 141 362 302 363 141 363 303 363 303 364 141 364 140 364 303 365 140 365 304 365 304 366 140 366 139 366 304 367 139 367 305 367 305 368 139 368 138 368 305 369 138 369 306 369 306 370 138 370 137 370 306 371 137 371 307 371 307 372 137 372 136 372 307 373 136 373 308 373 308 374 136 374 135 374 308 375 135 375 309 375 309 375 135 375 134 375 309 376 134 376 310 376 310 377 134 377 133 377 310 378 133 378 311 378 311 378 133 378 132 378 311 379 132 379 312 379 312 380 132 380 131 380 312 381 131 381 313 381 313 382 131 382 130 382 313 383 130 383 314 383 314 384 130 384 129 384 314 385 129 385 315 385 315 386 129 386 117 386 315 387 117 387 316 387 316 388 117 388 116 388 316 389 116 389 317 389 317 390 116 390 115 390 317 391 115 391 318 391 318 392 115 392 114 392 318 393 114 393 319 393 319 394 114 394 128 394 319 395 128 395 320 395 320 396 128 396 127 396 320 397 127 397 321 397 321 398 127 398 126 398 321 399 126 399 322 399 322 400 126 400 125 400 322 401 125 401 323 401 323 402 125 402 124 402 323 403 124 403 324 403 324 404 124 404 123 404 324 405 123 405 325 405 325 406 123 406 122 406 325 407 122 407 326 407 326 408 122 408 121 408 326 409 121 409 327 409 327 410 121 410 120 410 327 411 120 411 328 411 328 411 120 411 119 411 328 412 119 412 329 412 329 413 119 413 118 413 329 414 118 414 330 414 330 415 118 415 154 415 330 416 154 416 331 416 331 417 154 417 153 417 331 418 153 418 332 418 332 419 153 419 152 419 332 420 152 420 286 420 286 421 152 421 151 421 333 422 334 422 285 422 167 423 166 423 335 423 335 424 166 424 164 424 335 425 164 425 334 425 334 426 164 426 162 426 334 427 162 427 285 427 167 428 335 428 169 428 169 429 335 429 336 429 169 430 336 430 170 430 170 431 336 431 172 431 172 432 336 432 337 432 172 433 337 433 174 433 338 434 177 434 337 434 337 435 177 435 175 435 337 436 175 436 174 436 183 437 182 437 339 437 339 438 182 438 180 438 339 439 180 439 338 439 338 440 180 440 178 440 338 441 178 441 177 441 183 442 339 442 185 442 185 443 339 443 340 443 185 444 340 444 186 444 186 445 340 445 188 445 188 446 340 446 341 446 188 447 341 447 190 447 190 448 341 448 191 448 191 449 341 449 342 449 191 450 342 450 193 450 343 451 196 451 342 451 342 452 196 452 194 452 342 453 194 453 193 453 202 454 201 454 344 454 344 455 201 455 199 455 344 456 199 456 343 456 343 457 199 457 198 457 343 458 198 458 196 458 202 459 344 459 204 459 204 460 344 460 345 460 204 461 345 461 206 461 206 462 345 462 207 462 207 463 345 463 346 463 207 464 346 464 209 464 347 465 212 465 346 465 346 466 212 466 210 466 346 467 210 467 209 467 218 468 217 468 348 468 348 469 217 469 215 469 348 470 215 470 347 470 347 471 215 471 214 471 347 472 214 472 212 472 218 473 348 473 220 473 220 474 348 474 349 474 220 475 349 475 221 475 221 476 349 476 223 476 223 477 349 477 350 477 223 478 350 478 225 478 351 479 228 479 350 479 350 480 228 480 226 480 350 481 226 481 225 481 234 482 233 482 352 482 352 483 233 483 231 483 352 484 231 484 351 484 351 485 231 485 229 485 351 486 229 486 228 486 234 487 352 487 236 487 236 488 352 488 353 488 236 489 353 489 237 489 237 490 353 490 239 490 239 491 353 491 354 491 239 492 354 492 241 492 355 493 244 493 354 493 354 494 244 494 242 494 354 495 242 495 241 495 356 496 247 496 355 496 355 497 247 497 245 497 355 498 245 498 244 498 253 499 252 499 357 499 357 500 252 500 250 500 357 501 250 501 356 501 356 502 250 502 249 502 356 503 249 503 247 503 253 504 357 504 255 504 255 505 357 505 358 505 255 506 358 506 257 506 257 507 358 507 258 507 258 508 358 508 359 508 258 509 359 509 260 509 360 510 263 510 359 510 359 511 263 511 261 511 359 512 261 512 260 512 269 513 268 513 361 513 361 514 268 514 266 514 361 515 266 515 360 515 360 516 266 516 265 516 360 517 265 517 263 517 269 518 361 518 271 518 271 519 361 519 362 519 271 520 362 520 273 520 273 521 362 521 274 521 274 522 362 522 363 522 274 523 363 523 276 523 364 524 279 524 363 524 363 525 279 525 277 525 363 526 277 526 276 526 285 527 284 527 333 527 333 528 284 528 282 528 333 529 282 529 364 529 364 530 282 530 281 530 364 531 281 531 279 531 349 532 365 532 350 532 350 533 365 533 366 533 350 534 366 534 351 534 351 535 366 535 367 535 351 536 367 536 352 536 352 537 367 537 368 537 352 538 368 538 353 538 353 539 368 539 369 539 353 540 369 540 354 540 354 541 369 541 370 541 354 542 370 542 355 542 355 543 370 543 371 543 355 544 371 544 356 544 356 545 371 545 372 545 356 546 372 546 357 546 357 547 372 547 373 547 357 548 373 548 358 548 358 549 373 549 374 549 358 550 374 550 359 550 359 551 374 551 375 551 359 552 375 552 360 552 360 553 375 553 376 553 360 554 376 554 361 554 361 555 376 555 377 555 361 556 377 556 362 556 362 557 377 557 378 557 362 558 378 558 363 558 363 559 378 559 379 559 363 560 379 560 364 560 364 561 379 561 380 561 364 562 380 562 333 562 333 563 380 563 381 563 333 564 381 564 334 564 334 565 381 565 382 565 334 566 382 566 335 566 335 567 382 567 383 567 335 568 383 568 336 568 336 569 383 569 384 569 336 570 384 570 337 570 337 571 384 571 385 571 337 572 385 572 338 572 338 573 385 573 386 573 338 574 386 574 339 574 339 575 386 575 387 575 339 576 387 576 340 576 340 577 387 577 388 577 340 578 388 578 341 578 341 579 388 579 389 579 341 580 389 580 342 580 342 581 389 581 390 581 342 582 390 582 343 582 343 583 390 583 391 583 343 584 391 584 344 584 344 585 391 585 392 585 344 586 392 586 345 586 345 587 392 587 393 587 345 588 393 588 346 588 346 589 393 589 394 589 346 590 394 590 347 590 347 591 394 591 395 591 347 592 395 592 348 592 348 593 395 593 396 593 348 594 396 594 349 594 349 595 396 595 365 595 382 112 397 112 383 112 383 112 397 112 398 112 383 112 398 112 384 112 384 112 398 112 399 112 384 112 399 112 385 112 385 112 399 112 400 112 385 112 400 112 386 112 394 112 401 112 395 112 395 112 401 112 402 112 395 112 402 112 396 112 396 112 402 112 403 112 396 112 403 112 365 112 365 112 403 112 404 112 365 112 404 112 366 112 378 112 405 112 379 112 379 112 405 112 406 112 379 112 406 112 380 112 380 112 406 112 407 112 380 112 407 112 381 112 381 112 407 112 408 112 381 112 408 112 382 112 382 112 408 112 409 112 382 112 409 112 397 112 390 112 410 112 391 112 391 112 410 112 411 112 391 112 411 112 392 112 392 112 411 112 412 112 392 112 412 112 393 112 393 112 412 112 413 112 393 112 413 112 394 112 394 112 413 112 414 112 394 112 414 112 401 112 404 112 415 112 366 112 366 112 415 112 416 112 366 112 416 112 367 112 367 112 416 112 417 112 367 112 417 112 368 112 368 112 417 112 418 112 368 112 418 112 369 112 369 112 418 112 419 112 369 112 419 112 370 112 400 112 420 112 386 112 386 112 420 112 421 112 386 112 421 112 387 112 387 112 421 112 422 112 387 112 422 112 388 112 388 112 422 112 423 112 388 112 423 112 389 112 389 112 423 112 424 112 389 112 424 112 390 112 390 112 424 112 425 112 390 112 425 112 410 112 419 112 426 112 370 112 370 112 426 112 427 112 370 112 427 112 371 112 371 112 427 112 428 112 371 112 428 112 372 112 372 112 428 112 429 112 372 112 429 112 373 112 373 112 429 112 430 112 373 112 430 112 374 112 430 112 431 112 374 112 374 112 431 112 432 112 374 112 432 112 375 112 375 112 432 112 433 112 375 112 433 112 376 112 376 112 433 112 434 112 376 112 434 112 377 112 377 112 434 112 435 112 377 112 435 112 378 112 378 112 435 112 436 112 378 112 436 112 405 112 437 596 438 596 439 596 439 597 438 597 440 597 439 598 440 598 441 598 441 599 440 599 442 599 441 600 442 600 443 600 443 601 442 601 444 601 443 602 444 602 445 602 437 603 446 603 438 603 438 604 446 604 447 604 438 605 447 605 448 605 448 606 447 606 449 606 448 607 449 607 450 607 450 608 449 608 451 608 450 609 451 609 452 609 452 610 451 610 453 610 453 611 454 611 452 611 452 612 454 612 455 612 452 613 455 613 456 613 456 614 455 614 457 614 456 615 457 615 458 615 458 616 457 616 459 616 458 617 459 617 460 617 460 618 459 618 461 618 461 619 462 619 460 619 460 620 462 620 463 620 460 621 463 621 464 621 464 622 463 622 465 622 464 623 465 623 466 623 466 624 465 624 467 624 466 625 467 625 468 625 468 626 467 626 469 626 469 627 470 627 468 627 468 628 470 628 471 628 468 629 471 629 472 629 472 630 471 630 473 630 472 631 473 631 474 631 474 632 473 632 475 632 474 633 475 633 476 633 476 634 475 634 477 634 477 635 478 635 476 635 476 636 478 636 479 636 476 637 479 637 480 637 480 638 479 638 481 638 480 639 481 639 482 639 482 640 481 640 483 640 482 641 483 641 484 641 484 642 483 642 485 642 485 643 486 643 484 643 484 644 486 644 487 644 484 645 487 645 488 645 488 646 487 646 489 646 488 647 489 647 490 647 490 648 489 648 491 648 490 649 491 649 492 649 492 650 491 650 493 650 493 651 494 651 492 651 492 652 494 652 495 652 492 653 495 653 496 653 496 654 495 654 497 654 496 655 497 655 498 655 498 656 497 656 499 656 498 657 499 657 500 657 500 658 499 658 501 658 501 659 502 659 500 659 500 660 502 660 503 660 500 661 503 661 504 661 504 662 503 662 505 662 504 663 505 663 506 663 506 664 505 664 507 664 506 665 507 665 508 665 508 666 507 666 509 666 509 667 510 667 508 667 508 668 510 668 511 668 508 669 511 669 512 669 512 670 511 670 513 670 512 671 513 671 514 671 514 672 513 672 515 672 514 673 515 673 516 673 516 674 515 674 517 674 517 675 518 675 516 675 516 676 518 676 519 676 516 677 519 677 520 677 520 678 519 678 521 678 520 679 521 679 522 679 522 680 521 680 523 680 522 681 523 681 524 681 524 682 523 682 525 682 525 683 526 683 524 683 524 684 526 684 527 684 524 685 527 685 528 685 528 686 527 686 529 686 528 687 529 687 530 687 530 688 529 688 531 688 530 689 531 689 532 689 532 690 531 690 533 690 533 691 534 691 532 691 532 692 534 692 535 692 532 693 535 693 536 693 536 694 535 694 537 694 536 695 537 695 538 695 538 696 537 696 539 696 538 697 539 697 540 697 540 698 539 698 541 698 540 699 541 699 444 699 444 700 541 700 542 700 444 701 542 701 445 701 536 702 543 702 532 702 532 703 543 703 544 703 532 704 544 704 530 704 530 705 544 705 545 705 530 706 545 706 528 706 528 707 545 707 546 707 528 708 546 708 524 708 524 709 546 709 547 709 524 710 547 710 522 710 522 711 547 711 548 711 522 712 548 712 520 712 520 713 548 713 549 713 520 714 549 714 516 714 516 715 549 715 550 715 516 716 550 716 514 716 514 717 550 717 551 717 514 718 551 718 512 718 512 719 551 719 552 719 512 720 552 720 508 720 508 721 552 721 553 721 508 722 553 722 506 722 506 723 553 723 554 723 506 724 554 724 504 724 504 725 554 725 555 725 504 726 555 726 500 726 500 727 555 727 556 727 500 728 556 728 498 728 498 729 556 729 557 729 498 730 557 730 496 730 496 731 557 731 558 731 496 732 558 732 492 732 492 733 558 733 559 733 492 734 559 734 490 734 490 735 559 735 560 735 490 736 560 736 488 736 488 737 560 737 561 737 488 738 561 738 484 738 484 739 561 739 562 739 484 740 562 740 482 740 482 741 562 741 563 741 482 742 563 742 480 742 480 743 563 743 564 743 480 744 564 744 476 744 476 745 564 745 565 745 476 746 565 746 474 746 474 747 565 747 566 747 474 748 566 748 472 748 472 749 566 749 567 749 472 750 567 750 468 750 468 751 567 751 568 751 468 752 568 752 466 752 466 753 568 753 569 753 466 754 569 754 464 754 464 755 569 755 570 755 464 756 570 756 460 756 460 757 570 757 571 757 460 758 571 758 458 758 458 759 571 759 572 759 458 760 572 760 456 760 456 761 572 761 573 761 456 762 573 762 452 762 452 763 573 763 574 763 452 764 574 764 450 764 450 765 574 765 575 765 450 766 575 766 448 766 448 767 575 767 576 767 448 768 576 768 438 768 438 769 576 769 577 769 438 770 577 770 440 770 440 771 577 771 578 771 440 772 578 772 442 772 442 773 578 773 579 773 442 774 579 774 444 774 444 775 579 775 580 775 444 776 580 776 540 776 540 777 580 777 581 777 540 778 581 778 538 778 538 779 581 779 582 779 538 780 582 780 536 780 536 781 582 781 543 781 582 782 583 782 543 782 543 783 583 783 584 783 543 784 584 784 544 784 544 785 584 785 585 785 544 786 585 786 545 786 545 787 585 787 586 787 545 788 586 788 546 788 546 789 586 789 587 789 546 790 587 790 547 790 547 791 587 791 588 791 547 792 588 792 548 792 548 793 588 793 589 793 548 794 589 794 549 794 549 795 589 795 590 795 549 796 590 796 550 796 550 797 590 797 591 797 550 798 591 798 551 798 551 799 591 799 592 799 551 800 592 800 552 800 552 801 592 801 593 801 552 802 593 802 553 802 553 803 593 803 594 803 553 804 594 804 554 804 554 805 594 805 595 805 554 806 595 806 555 806 555 807 595 807 596 807 555 808 596 808 556 808 556 809 596 809 597 809 556 810 597 810 557 810 557 811 597 811 598 811 557 812 598 812 558 812 558 813 598 813 599 813 558 814 599 814 559 814 559 815 599 815 600 815 559 816 600 816 560 816 560 817 600 817 601 817 560 818 601 818 561 818 561 819 601 819 602 819 561 820 602 820 562 820 562 821 602 821 603 821 562 822 603 822 563 822 563 823 603 823 604 823 563 824 604 824 564 824 564 825 604 825 605 825 564 826 605 826 565 826 565 827 605 827 606 827 565 828 606 828 566 828 566 829 606 829 607 829 566 830 607 830 567 830 567 831 607 831 608 831 567 832 608 832 568 832 568 833 608 833 609 833 568 834 609 834 569 834 569 835 609 835 610 835 569 836 610 836 570 836 570 837 610 837 611 837 570 838 611 838 571 838 571 839 611 839 612 839 571 840 612 840 572 840 572 841 612 841 613 841 572 842 613 842 573 842 573 843 613 843 614 843 573 844 614 844 574 844 574 845 614 845 615 845 574 846 615 846 575 846 575 847 615 847 616 847 575 848 616 848 576 848 576 849 616 849 617 849 576 850 617 850 577 850 577 851 617 851 618 851 577 852 618 852 578 852 578 853 618 853 619 853 578 854 619 854 579 854 579 855 619 855 620 855 579 856 620 856 580 856 580 857 620 857 621 857 580 858 621 858 581 858 581 859 621 859 622 859 581 860 622 860 582 860 582 861 622 861 583 861 622 862 406 862 583 862 583 863 406 863 405 863 583 864 405 864 584 864 584 865 405 865 436 865 584 866 436 866 585 866 585 867 436 867 435 867 585 868 435 868 586 868 586 869 435 869 434 869 586 870 434 870 587 870 587 871 434 871 433 871 587 872 433 872 588 872 588 873 433 873 432 873 588 874 432 874 589 874 589 875 432 875 431 875 589 876 431 876 590 876 590 877 431 877 430 877 590 878 430 878 591 878 591 879 430 879 429 879 591 880 429 880 592 880 592 881 429 881 428 881 592 882 428 882 593 882 593 883 428 883 427 883 593 884 427 884 594 884 594 885 427 885 426 885 594 886 426 886 595 886 595 887 426 887 419 887 595 888 419 888 596 888 596 889 419 889 418 889 596 890 418 890 597 890 597 891 418 891 417 891 597 892 417 892 598 892 598 893 417 893 416 893 598 894 416 894 599 894 599 895 416 895 415 895 599 896 415 896 600 896 600 897 415 897 404 897 600 898 404 898 601 898 601 899 404 899 403 899 601 900 403 900 602 900 602 901 403 901 402 901 602 902 402 902 603 902 603 903 402 903 401 903 603 904 401 904 604 904 604 905 401 905 414 905 604 906 414 906 605 906 605 907 414 907 413 907 605 908 413 908 606 908 606 909 413 909 412 909 606 910 412 910 607 910 607 911 412 911 411 911 607 912 411 912 608 912 608 913 411 913 410 913 608 914 410 914 609 914 609 915 410 915 425 915 609 916 425 916 610 916 610 917 425 917 424 917 610 918 424 918 611 918 611 919 424 919 423 919 611 920 423 920 612 920 612 921 423 921 422 921 612 922 422 922 613 922 613 923 422 923 421 923 613 924 421 924 614 924 614 925 421 925 420 925 614 926 420 926 615 926 615 927 420 927 400 927 615 928 400 928 616 928 616 929 400 929 399 929 616 930 399 930 617 930 617 931 399 931 398 931 617 932 398 932 618 932 618 933 398 933 397 933 618 934 397 934 619 934 619 935 397 935 409 935 619 936 409 936 620 936 620 937 409 937 408 937 620 938 408 938 621 938 621 939 408 939 407 939 621 940 407 940 622 940 622 941 407 941 406 941 537 942 623 942 539 942 539 942 623 942 624 942 539 943 624 943 541 943 541 943 624 943 625 943 541 944 625 944 542 944 542 944 625 944 626 944 542 945 626 945 445 945 445 945 626 945 627 945 445 946 627 946 443 946 443 946 627 946 628 946 443 947 628 947 441 947 441 947 628 947 629 947 441 948 629 948 439 948 439 948 629 948 630 948 439 949 630 949 437 949 437 949 630 949 631 949 437 950 631 950 446 950 446 950 631 950 632 950 446 951 632 951 447 951 447 951 632 951 633 951 447 952 633 952 449 952 449 952 633 952 634 952 449 953 634 953 451 953 451 953 634 953 635 953 451 954 635 954 453 954 453 954 635 954 636 954 453 955 636 955 454 955 454 955 636 955 637 955 454 956 637 956 455 956 455 956 637 956 638 956 455 957 638 957 457 957 457 957 638 957 639 957 457 958 639 958 459 958 459 958 639 958 640 958 459 959 640 959 461 959 461 959 640 959 641 959 461 960 641 960 462 960 462 960 641 960 642 960 462 961 642 961 463 961 463 961 642 961 643 961 463 962 643 962 465 962 465 962 643 962 644 962 465 963 644 963 467 963 467 963 644 963 645 963 467 964 645 964 469 964 469 964 645 964 646 964 469 965 646 965 470 965 470 965 646 965 647 965 470 966 647 966 471 966 471 966 647 966 648 966 471 967 648 967 473 967 473 967 648 967 649 967 473 968 649 968 475 968 475 968 649 968 650 968 475 969 650 969 477 969 477 969 650 969 651 969 477 970 651 970 478 970 478 970 651 970 652 970 478 971 652 971 479 971 479 971 652 971 653 971 479 972 653 972 481 972 481 972 653 972 654 972 481 973 654 973 483 973 483 973 654 973 655 973 483 974 655 974 485 974 485 974 655 974 656 974 485 975 656 975 486 975 486 975 656 975 657 975 486 976 657 976 487 976 487 976 657 976 658 976 487 977 658 977 489 977 489 977 658 977 659 977 489 978 659 978 491 978 491 978 659 978 660 978 491 979 660 979 493 979 493 979 660 979 661 979 493 980 661 980 494 980 494 980 661 980 662 980 494 981 662 981 495 981 495 981 662 981 663 981 495 982 663 982 497 982 497 982 663 982 664 982 497 983 664 983 499 983 499 983 664 983 665 983 499 984 665 984 501 984 501 984 665 984 666 984 501 985 666 985 502 985 502 985 666 985 667 985 502 986 667 986 503 986 503 986 667 986 668 986 503 987 668 987 505 987 505 987 668 987 669 987 505 988 669 988 507 988 507 988 669 988 670 988 507 989 670 989 509 989 509 989 670 989 671 989 509 990 671 990 510 990 510 990 671 990 672 990 510 991 672 991 511 991 511 991 672 991 673 991 511 992 673 992 513 992 513 992 673 992 674 992 513 993 674 993 515 993 515 993 674 993 675 993 515 994 675 994 517 994 517 994 675 994 676 994 517 995 676 995 518 995 518 995 676 995 677 995 518 996 677 996 519 996 519 996 677 996 678 996 519 997 678 997 521 997 521 997 678 997 679 997 521 998 679 998 523 998 523 998 679 998 680 998 523 999 680 999 525 999 525 999 680 999 681 999 525 1000 681 1000 526 1000 526 1000 681 1000 682 1000 526 1001 682 1001 527 1001 527 1001 682 1001 683 1001 527 1002 683 1002 529 1002 529 1002 683 1002 684 1002 529 1003 684 1003 531 1003 531 1003 684 1003 685 1003 531 1004 685 1004 533 1004 533 1004 685 1004 686 1004 533 1005 686 1005 534 1005 534 1005 686 1005 687 1005 534 1006 687 1006 535 1006 535 1006 687 1006 688 1006 535 1007 688 1007 537 1007 537 1007 688 1007 623 1007 681 1008 680 1008 689 1008 676 1009 675 1009 690 1009 671 1010 670 1010 691 1010 666 1011 665 1011 692 1011 661 1012 660 1012 693 1012 656 1013 655 1013 694 1013 651 1014 650 1014 695 1014 646 1015 645 1015 696 1015 641 1016 640 1016 697 1016 636 1017 635 1017 698 1017 631 1018 630 1018 699 1018 700 1019 701 1019 702 1019 700 1020 702 1020 703 1020 703 1021 702 1021 704 1021 703 1022 704 1022 705 1022 705 1023 704 1023 706 1023 705 1024 706 1024 707 1024 707 1025 706 1025 708 1025 707 1026 708 1026 709 1026 709 1027 708 1027 710 1027 709 1028 710 1028 711 1028 701 1029 712 1029 713 1029 701 1030 713 1030 702 1030 702 1031 713 1031 714 1031 702 1032 714 1032 704 1032 704 1033 714 1033 715 1033 704 1034 715 1034 706 1034 706 1035 715 1035 716 1035 706 1036 716 1036 708 1036 708 1037 716 1037 717 1037 708 1038 717 1038 710 1038 712 1039 718 1039 719 1039 720 1040 721 1040 722 1040 722 1041 721 1041 723 1041 722 1042 723 1042 724 1042 724 1043 723 1043 725 1043 724 1044 725 1044 726 1044 726 1045 725 1045 699 1045 727 1046 728 1046 729 1046 729 1047 728 1047 730 1047 729 1048 730 1048 731 1048 731 1049 730 1049 732 1049 731 1050 732 1050 733 1050 733 1051 732 1051 698 1051 734 1052 735 1052 736 1052 736 1053 735 1053 737 1053 736 1054 737 1054 738 1054 738 1055 737 1055 739 1055 738 1056 739 1056 740 1056 740 1057 739 1057 697 1057 741 1058 742 1058 743 1058 743 1059 742 1059 744 1059 743 1060 744 1060 745 1060 745 1061 744 1061 746 1061 745 1062 746 1062 747 1062 747 1063 746 1063 696 1063 748 1064 749 1064 750 1064 750 1065 749 1065 751 1065 750 1066 751 1066 752 1066 752 1067 751 1067 753 1067 752 1068 753 1068 754 1068 754 1069 753 1069 695 1069 755 1070 756 1070 757 1070 757 1071 756 1071 758 1071 757 1072 758 1072 759 1072 759 1073 758 1073 760 1073 759 1074 760 1074 761 1074 761 1075 760 1075 694 1075 762 1076 763 1076 764 1076 764 1077 763 1077 765 1077 764 1078 765 1078 766 1078 766 1079 765 1079 767 1079 766 1080 767 1080 768 1080 768 1081 767 1081 693 1081 769 1082 770 1082 771 1082 771 1083 770 1083 772 1083 771 1084 772 1084 773 1084 773 1085 772 1085 774 1085 773 1086 774 1086 775 1086 775 1087 774 1087 692 1087 776 1088 777 1088 778 1088 778 1089 777 1089 779 1089 778 1090 779 1090 780 1090 780 1091 779 1091 781 1091 780 1092 781 1092 782 1092 782 1093 781 1093 691 1093 783 1094 784 1094 785 1094 785 1095 784 1095 786 1095 785 1096 786 1096 787 1096 787 1097 786 1097 788 1097 787 1098 788 1098 789 1098 789 1099 788 1099 690 1099 790 1100 791 1100 792 1100 792 1101 791 1101 793 1101 792 1102 793 1102 794 1102 794 1103 793 1103 795 1103 794 1104 795 1104 796 1104 796 1105 795 1105 689 1105 712 1106 719 1106 713 1106 713 1107 719 1107 797 1107 713 1108 797 1108 714 1108 714 1109 797 1109 798 1109 714 1110 798 1110 715 1110 715 1111 798 1111 799 1111 715 1112 799 1112 716 1112 716 1113 799 1113 800 1113 716 1114 800 1114 717 1114 624 1115 719 1115 625 1115 625 1116 719 1116 718 1116 625 1117 718 1117 626 1117 627 1118 626 1118 801 1118 801 1119 626 1119 718 1119 801 1120 718 1120 802 1120 802 1121 718 1121 712 1121 802 1122 712 1122 803 1122 803 1123 712 1123 701 1123 803 1124 701 1124 804 1124 804 1125 701 1125 700 1125 804 1126 720 1126 803 1126 803 1127 720 1127 722 1127 803 1128 722 1128 802 1128 802 1129 722 1129 724 1129 802 1130 724 1130 801 1130 801 1131 724 1131 726 1131 801 1132 726 1132 627 1132 627 1133 726 1133 628 1133 699 1134 630 1134 726 1134 726 1135 630 1135 629 1135 726 1136 629 1136 628 1136 632 1137 631 1137 805 1137 805 1138 631 1138 699 1138 805 1139 699 1139 806 1139 806 1140 699 1140 725 1140 806 1141 725 1141 807 1141 807 1142 725 1142 723 1142 807 1143 723 1143 808 1143 808 1144 723 1144 721 1144 808 1145 727 1145 807 1145 807 1146 727 1146 729 1146 807 1147 729 1147 806 1147 806 1148 729 1148 731 1148 806 1149 731 1149 805 1149 805 1150 731 1150 733 1150 805 1151 733 1151 632 1151 632 1152 733 1152 633 1152 698 1153 635 1153 733 1153 733 1154 635 1154 634 1154 733 1155 634 1155 633 1155 637 1156 636 1156 809 1156 809 1157 636 1157 698 1157 809 1158 698 1158 810 1158 810 1159 698 1159 732 1159 810 1160 732 1160 811 1160 811 1161 732 1161 730 1161 811 1162 730 1162 812 1162 812 1163 730 1163 728 1163 812 1164 734 1164 811 1164 811 1165 734 1165 736 1165 811 1166 736 1166 810 1166 810 1167 736 1167 738 1167 810 1168 738 1168 809 1168 809 1169 738 1169 740 1169 809 1170 740 1170 637 1170 637 1171 740 1171 638 1171 697 1172 640 1172 740 1172 740 1173 640 1173 639 1173 740 1174 639 1174 638 1174 642 1175 641 1175 813 1175 813 1176 641 1176 697 1176 813 1177 697 1177 814 1177 814 1178 697 1178 739 1178 814 1179 739 1179 815 1179 815 1180 739 1180 737 1180 815 1181 737 1181 816 1181 816 1182 737 1182 735 1182 816 1183 741 1183 815 1183 815 1184 741 1184 743 1184 815 1185 743 1185 814 1185 814 1186 743 1186 745 1186 814 1187 745 1187 813 1187 813 1188 745 1188 747 1188 813 1189 747 1189 642 1189 642 1190 747 1190 643 1190 696 1191 645 1191 747 1191 747 1192 645 1192 644 1192 747 1193 644 1193 643 1193 647 1194 646 1194 817 1194 817 1195 646 1195 696 1195 817 1196 696 1196 818 1196 818 1197 696 1197 746 1197 818 1198 746 1198 819 1198 819 1199 746 1199 744 1199 819 1200 744 1200 820 1200 820 1201 744 1201 742 1201 820 1202 748 1202 819 1202 819 1203 748 1203 750 1203 819 1204 750 1204 818 1204 818 1205 750 1205 752 1205 818 1206 752 1206 817 1206 817 1207 752 1207 754 1207 817 1208 754 1208 647 1208 647 1209 754 1209 648 1209 695 1210 650 1210 754 1210 754 1211 650 1211 649 1211 754 1212 649 1212 648 1212 652 1213 651 1213 821 1213 821 1214 651 1214 695 1214 821 1215 695 1215 822 1215 822 1216 695 1216 753 1216 822 1217 753 1217 823 1217 823 1218 753 1218 751 1218 823 1219 751 1219 824 1219 824 1220 751 1220 749 1220 824 1221 755 1221 823 1221 823 1222 755 1222 757 1222 823 1223 757 1223 822 1223 822 1224 757 1224 759 1224 822 1225 759 1225 821 1225 821 1226 759 1226 761 1226 821 1227 761 1227 652 1227 652 1228 761 1228 653 1228 694 1229 655 1229 761 1229 761 1230 655 1230 654 1230 761 1231 654 1231 653 1231 657 1232 656 1232 825 1232 825 1233 656 1233 694 1233 825 1234 694 1234 826 1234 826 1235 694 1235 760 1235 826 1236 760 1236 827 1236 827 1237 760 1237 758 1237 827 1238 758 1238 828 1238 828 1239 758 1239 756 1239 828 1240 762 1240 827 1240 827 1241 762 1241 764 1241 827 1242 764 1242 826 1242 826 1243 764 1243 766 1243 826 1244 766 1244 825 1244 825 1245 766 1245 768 1245 825 1246 768 1246 657 1246 657 1247 768 1247 658 1247 693 1248 660 1248 768 1248 768 1249 660 1249 659 1249 768 1250 659 1250 658 1250 662 1251 661 1251 829 1251 829 1252 661 1252 693 1252 829 1253 693 1253 830 1253 830 1254 693 1254 767 1254 830 1255 767 1255 831 1255 831 1256 767 1256 765 1256 831 1257 765 1257 832 1257 832 1258 765 1258 763 1258 832 1259 769 1259 831 1259 831 1260 769 1260 771 1260 831 1261 771 1261 830 1261 830 1262 771 1262 773 1262 830 1263 773 1263 829 1263 829 1264 773 1264 775 1264 829 1265 775 1265 662 1265 662 1266 775 1266 663 1266 692 1267 665 1267 775 1267 775 1268 665 1268 664 1268 775 1269 664 1269 663 1269 667 1270 666 1270 833 1270 833 1271 666 1271 692 1271 833 1272 692 1272 834 1272 834 1273 692 1273 774 1273 834 1274 774 1274 835 1274 835 1275 774 1275 772 1275 835 1276 772 1276 836 1276 836 1277 772 1277 770 1277 836 1278 776 1278 835 1278 835 1279 776 1279 778 1279 835 1280 778 1280 834 1280 834 1281 778 1281 780 1281 834 1282 780 1282 833 1282 833 1283 780 1283 782 1283 833 1284 782 1284 667 1284 667 1285 782 1285 668 1285 691 1286 670 1286 782 1286 782 1287 670 1287 669 1287 782 1288 669 1288 668 1288 672 1289 671 1289 837 1289 837 1290 671 1290 691 1290 837 1291 691 1291 838 1291 838 1292 691 1292 781 1292 838 1293 781 1293 839 1293 839 1294 781 1294 779 1294 839 1295 779 1295 840 1295 840 1296 779 1296 777 1296 840 1297 783 1297 839 1297 839 1298 783 1298 785 1298 839 1299 785 1299 838 1299 838 1300 785 1300 787 1300 838 1301 787 1301 837 1301 837 1302 787 1302 789 1302 837 1303 789 1303 672 1303 672 1304 789 1304 673 1304 690 1305 675 1305 789 1305 789 1306 675 1306 674 1306 789 1307 674 1307 673 1307 677 1308 676 1308 841 1308 841 1309 676 1309 690 1309 841 1310 690 1310 842 1310 842 1311 690 1311 788 1311 842 1312 788 1312 843 1312 843 1313 788 1313 786 1313 843 1314 786 1314 844 1314 844 1315 786 1315 784 1315 844 1316 790 1316 843 1316 843 1317 790 1317 792 1317 843 1318 792 1318 842 1318 842 1319 792 1319 794 1319 842 1320 794 1320 841 1320 841 1321 794 1321 796 1321 841 1322 796 1322 677 1322 677 1323 796 1323 678 1323 689 1324 680 1324 796 1324 796 1325 680 1325 679 1325 796 1326 679 1326 678 1326 682 1327 681 1327 845 1327 845 1328 681 1328 689 1328 845 1329 689 1329 846 1329 846 1330 689 1330 795 1330 846 1331 795 1331 847 1331 847 1332 795 1332 793 1332 847 1333 793 1333 848 1333 848 1334 793 1334 791 1334 848 1335 711 1335 847 1335 847 1336 711 1336 710 1336 847 1337 710 1337 846 1337 846 1338 710 1338 717 1338 846 1339 717 1339 845 1339 845 1340 717 1340 800 1340 845 1341 800 1341 682 1341 682 1342 800 1342 683 1342 624 1343 623 1343 719 1343 719 1344 623 1344 688 1344 719 1345 688 1345 797 1345 797 1346 688 1346 687 1346 797 1347 687 1347 798 1347 798 1348 687 1348 686 1348 798 1349 686 1349 799 1349 799 1350 686 1350 685 1350 799 1351 685 1351 800 1351 800 1352 685 1352 684 1352 800 1353 684 1353 683 1353 17 1354 840 1354 19 1354 19 1354 840 1354 777 1354 19 1354 777 1354 21 1354 21 1354 777 1354 776 1354 21 1354 776 1354 23 1354 23 1354 776 1354 836 1354 23 1354 836 1354 25 1354 25 1354 836 1354 770 1354 25 1354 770 1354 27 1354 27 1354 770 1354 769 1354 27 1354 769 1354 29 1354 29 1354 769 1354 832 1354 29 1354 832 1354 31 1354 31 1354 832 1354 763 1354 31 1354 763 1354 33 1354 33 1354 763 1354 762 1354 33 1354 762 1354 35 1354 35 1354 762 1354 828 1354 35 1354 828 1354 37 1354 37 1354 828 1354 756 1354 37 1354 756 1354 39 1354 39 1354 756 1354 755 1354 39 1354 755 1354 41 1354 41 1354 755 1354 824 1354 41 1354 824 1354 43 1354 43 1354 824 1354 749 1354 43 1354 749 1354 45 1354 45 1354 749 1354 748 1354 45 1354 748 1354 47 1354 47 1354 748 1354 820 1354 47 1354 820 1354 49 1354 49 1354 820 1354 742 1354 49 1354 742 1354 51 1354 51 1354 742 1354 741 1354 51 1354 741 1354 53 1354 53 1354 741 1354 816 1354 53 1354 816 1354 55 1354 55 1354 816 1354 735 1354 55 1354 735 1354 57 1354 735 1354 734 1354 57 1354 57 1354 734 1354 812 1354 57 1354 812 1354 59 1354 59 1354 812 1354 728 1354 59 1354 728 1354 61 1354 61 1354 728 1354 727 1354 61 1354 727 1354 63 1354 63 1354 727 1354 808 1354 63 1354 808 1354 65 1354 65 1354 808 1354 721 1354 65 1354 721 1354 67 1354 67 1354 721 1354 720 1354 67 1354 720 1354 69 1354 69 1354 720 1354 804 1354 69 1354 804 1354 71 1354 71 1354 804 1354 700 1354 71 1354 700 1354 73 1354 73 1354 700 1354 703 1354 73 1354 703 1354 75 1354 75 1354 703 1354 705 1354 75 1354 705 1354 1 1354 1 1354 705 1354 707 1354 1 1354 707 1354 3 1354 3 1354 707 1354 709 1354 3 1354 709 1354 5 1354 5 1354 709 1354 711 1354 5 1354 711 1354 7 1354 7 1354 711 1354 848 1354 7 1354 848 1354 9 1354 9 1354 848 1354 791 1354 9 1354 791 1354 11 1354 11 1354 791 1354 790 1354 11 1354 790 1354 13 1354 13 1354 790 1354 844 1354 13 1354 844 1354 15 1354 15 1354 844 1354 784 1354 15 1354 784 1354 17 1354 17 1354 784 1354 783 1354 17 1354 783 1354 840 1354 849 1355 850 1355 851 1355 851 1356 850 1356 852 1356 851 1357 852 1357 853 1357 853 1358 852 1358 854 1358 853 1359 854 1359 855 1359 855 1360 854 1360 856 1360 855 1361 856 1361 857 1361 857 1362 856 1362 858 1362 857 1363 858 1363 859 1363 859 1364 858 1364 860 1364 859 1365 860 1365 861 1365 861 1366 860 1366 862 1366 861 1367 862 1367 863 1367 863 1368 862 1368 864 1368 863 1369 864 1369 865 1369 865 1370 864 1370 866 1370 865 1371 866 1371 867 1371 867 1372 866 1372 868 1372 867 1372 868 1372 869 1372 869 1373 868 1373 870 1373 869 1374 870 1374 871 1374 871 1375 870 1375 872 1375 871 1376 872 1376 873 1376 873 1377 872 1377 874 1377 873 1378 874 1378 875 1378 875 1379 874 1379 876 1379 875 1380 876 1380 877 1380 877 1381 876 1381 878 1381 877 1382 878 1382 879 1382 879 1383 878 1383 880 1383 879 1384 880 1384 881 1384 881 1385 880 1385 882 1385 881 1386 882 1386 883 1386 883 1387 882 1387 884 1387 883 1388 884 1388 885 1388 885 1389 884 1389 886 1389 885 1390 886 1390 887 1390 887 1391 886 1391 888 1391 887 1392 888 1392 889 1392 889 1393 888 1393 890 1393 889 1394 890 1394 891 1394 891 1395 890 1395 892 1395 891 1396 892 1396 893 1396 893 1397 892 1397 894 1397 893 1398 894 1398 895 1398 895 1399 894 1399 896 1399 895 1400 896 1400 897 1400 897 1401 896 1401 898 1401 897 1402 898 1402 899 1402 899 1403 898 1403 900 1403 899 1404 900 1404 901 1404 901 1405 900 1405 902 1405 901 1406 902 1406 903 1406 903 1407 902 1407 904 1407 903 1408 904 1408 905 1408 905 1409 904 1409 906 1409 905 1409 906 1409 907 1409 907 1410 906 1410 908 1410 907 1411 908 1411 909 1411 909 1412 908 1412 910 1412 909 1413 910 1413 911 1413 911 1414 910 1414 912 1414 911 1415 912 1415 913 1415 913 1416 912 1416 914 1416 913 1417 914 1417 915 1417 915 1418 914 1418 916 1418 915 1419 916 1419 917 1419 917 1420 916 1420 918 1420 917 1421 918 1421 919 1421 919 1422 918 1422 920 1422 919 1423 920 1423 921 1423 921 1424 920 1424 922 1424 921 1425 922 1425 923 1425 923 1426 922 1426 924 1426 923 1427 924 1427 849 1427 849 1428 924 1428 850 1428 925 1429 851 1429 926 1429 926 1430 851 1430 853 1430 926 1430 853 1430 927 1430 927 1431 853 1431 855 1431 927 1431 855 1431 928 1431 928 1432 855 1432 857 1432 928 1432 857 1432 929 1432 929 1433 857 1433 859 1433 929 1433 859 1433 930 1433 930 1434 859 1434 861 1434 930 1434 861 1434 931 1434 931 1435 861 1435 863 1435 931 1435 863 1435 932 1435 932 1436 863 1436 865 1436 932 1436 865 1436 933 1436 933 1437 865 1437 867 1437 933 1437 867 1437 934 1437 934 1438 867 1438 869 1438 934 1438 869 1438 935 1438 935 1439 869 1439 871 1439 935 1439 871 1439 936 1439 936 1440 871 1440 873 1440 936 1440 873 1440 937 1440 937 1441 873 1441 875 1441 937 1441 875 1441 938 1441 938 1442 875 1442 877 1442 938 1442 877 1442 939 1442 939 1443 877 1443 879 1443 939 1443 879 1443 940 1443 940 1444 879 1444 881 1444 940 1444 881 1444 941 1444 941 1445 881 1445 883 1445 941 1445 883 1445 942 1445 942 1446 883 1446 885 1446 942 1446 885 1446 943 1446 943 1447 885 1447 887 1447 943 1447 887 1447 944 1447 944 1448 887 1448 889 1448 944 1448 889 1448 945 1448 945 1449 889 1449 891 1449 945 1449 891 1449 946 1449 946 1450 891 1450 893 1450 946 1450 893 1450 947 1450 947 1451 893 1451 895 1451 947 1451 895 1451 948 1451 948 1452 895 1452 897 1452 948 1452 897 1452 949 1452 949 1453 897 1453 899 1453 949 1453 899 1453 950 1453 950 1454 899 1454 901 1454 950 1454 901 1454 951 1454 951 1455 901 1455 903 1455 951 1455 903 1455 952 1455 952 1456 903 1456 905 1456 952 1456 905 1456 953 1456 953 1457 905 1457 907 1457 953 1457 907 1457 954 1457 954 1458 907 1458 909 1458 954 1458 909 1458 955 1458 955 1459 909 1459 911 1459 955 1459 911 1459 956 1459 956 1460 911 1460 913 1460 956 1460 913 1460 957 1460 957 1461 913 1461 915 1461 957 1461 915 1461 958 1461 958 1462 915 1462 917 1462 958 1462 917 1462 959 1462 959 1463 917 1463 919 1463 959 1463 919 1463 960 1463 960 1464 919 1464 921 1464 960 1464 921 1464 961 1464 961 1465 921 1465 923 1465 961 1465 923 1465 962 1465 962 1466 923 1466 849 1466 962 1466 849 1466 925 1466 925 1429 849 1429 851 1429 952 1467 963 1467 951 1467 951 1467 963 1467 964 1467 951 1467 964 1467 950 1467 950 1467 964 1467 965 1467 950 1467 965 1467 949 1467 949 1467 965 1467 966 1467 949 1467 966 1467 948 1467 961 1467 967 1467 960 1467 960 1467 967 1467 968 1467 960 1467 968 1467 959 1467 959 1467 968 1467 969 1467 959 1467 969 1467 958 1467 958 1467 969 1467 970 1467 958 1467 970 1467 957 1467 970 1467 971 1467 957 1467 957 1467 971 1467 972 1467 957 1467 972 1467 956 1467 956 1467 972 1467 973 1467 956 1467 973 1467 955 1467 955 1467 973 1467 974 1467 955 1467 974 1467 954 1467 954 1467 974 1467 975 1467 954 1467 975 1467 953 1467 953 1467 975 1467 976 1467 953 1467 976 1467 952 1467 952 1467 976 1467 977 1467 952 1467 977 1467 963 1467 966 1467 978 1467 948 1467 948 1467 978 1467 979 1467 948 1467 979 1467 947 1467 947 1467 979 1467 980 1467 947 1467 980 1467 946 1467 946 1467 980 1467 981 1467 946 1467 981 1467 945 1467 945 1467 981 1467 982 1467 945 1467 982 1467 944 1467 982 1467 983 1467 944 1467 944 1467 983 1467 984 1467 944 1467 984 1467 943 1467 943 1467 984 1467 985 1467 943 1467 985 1467 942 1467 942 1467 985 1467 986 1467 942 1467 986 1467 941 1467 941 1467 986 1467 987 1467 941 1467 987 1467 940 1467 987 1467 988 1467 940 1467 940 1467 988 1467 989 1467 940 1467 989 1467 939 1467 939 1467 989 1467 990 1467 939 1467 990 1467 938 1467 938 1467 990 1467 991 1467 938 1467 991 1467 937 1467 937 1467 991 1467 992 1467 937 1467 992 1467 936 1467 992 1467 993 1467 936 1467 936 1467 993 1467 994 1467 936 1467 994 1467 935 1467 935 1467 994 1467 995 1467 935 1467 995 1467 934 1467 934 1467 995 1467 996 1467 934 1467 996 1467 933 1467 933 1467 996 1467 997 1467 933 1467 997 1467 932 1467 932 1467 997 1467 998 1467 932 1467 998 1467 931 1467 927 1467 999 1467 926 1467 926 1467 999 1467 1000 1467 926 1467 1000 1467 925 1467 925 1467 1000 1467 1001 1467 925 1467 1001 1467 962 1467 962 1467 1001 1467 1002 1467 962 1467 1002 1467 961 1467 961 1467 1002 1467 1003 1467 961 1467 1003 1467 967 1467 998 1467 1004 1467 931 1467 931 1467 1004 1467 1005 1467 931 1467 1005 1467 930 1467 930 1467 1005 1467 1006 1467 930 1467 1006 1467 929 1467 929 1467 1006 1467 1007 1467 929 1467 1007 1467 928 1467 928 1467 1007 1467 1008 1467 928 1467 1008 1467 927 1467 927 1467 1008 1467 1009 1467 927 1467 1009 1467 999 1467 1010 1468 1011 1468 1012 1468 1012 1469 1011 1469 1013 1469 1012 1470 1013 1470 1014 1470 1013 1471 1015 1471 1014 1471 1014 1472 1015 1472 1016 1472 1014 1473 1016 1473 1017 1473 1016 1474 1018 1474 1017 1474 1017 1475 1018 1475 1019 1475 1017 1476 1019 1476 1020 1476 1020 1477 1019 1477 1021 1477 1020 1478 1021 1478 1022 1478 1021 1479 1023 1479 1022 1479 1022 1480 1023 1480 1024 1480 1022 1481 1024 1481 1025 1481 1024 1482 1026 1482 1025 1482 1025 1483 1026 1483 1027 1483 1025 1484 1027 1484 1028 1484 1028 1485 1027 1485 1029 1485 1028 1486 1029 1486 1030 1486 1029 1487 1031 1487 1030 1487 1030 1488 1031 1488 1032 1488 1030 1489 1032 1489 1033 1489 1032 1490 1034 1490 1033 1490 1033 1491 1034 1491 1035 1491 1033 1492 1035 1492 1036 1492 1036 1493 1035 1493 1037 1493 1036 1494 1037 1494 1038 1494 1037 1495 1039 1495 1038 1495 1038 1496 1039 1496 1040 1496 1038 1497 1040 1497 1041 1497 1040 1498 1042 1498 1041 1498 1041 1499 1042 1499 1043 1499 1041 1500 1043 1500 1044 1500 1044 1501 1043 1501 1045 1501 1044 1502 1045 1502 1046 1502 1045 1503 1047 1503 1046 1503 1046 1504 1047 1504 1048 1504 1046 1505 1048 1505 1049 1505 1048 1506 1050 1506 1049 1506 1049 1507 1050 1507 1051 1507 1049 1508 1051 1508 1052 1508 1052 1509 1051 1509 1053 1509 1052 1510 1053 1510 1054 1510 1053 1511 1055 1511 1054 1511 1054 1512 1055 1512 1056 1512 1054 1513 1056 1513 1057 1513 1056 1514 1058 1514 1057 1514 1057 1515 1058 1515 1059 1515 1057 1516 1059 1516 1060 1516 1060 1517 1059 1517 1061 1517 1060 1518 1061 1518 1062 1518 1061 1519 1063 1519 1062 1519 1062 1520 1063 1520 1064 1520 1062 1521 1064 1521 1065 1521 1064 1522 1066 1522 1065 1522 1065 1523 1066 1523 1067 1523 1065 1524 1067 1524 1068 1524 1067 1525 1069 1525 1068 1525 1068 1526 1069 1526 1070 1526 1068 1527 1070 1527 1071 1527 1071 1528 1070 1528 1072 1528 1071 1529 1072 1529 1073 1529 1072 1530 1074 1530 1073 1530 1073 1531 1074 1531 1075 1531 1073 1532 1075 1532 1076 1532 1075 1533 1077 1533 1076 1533 1076 1534 1077 1534 1078 1534 1076 1535 1078 1535 1079 1535 1079 1536 1078 1536 1080 1536 1079 1537 1080 1537 1081 1537 1080 1538 1082 1538 1081 1538 1081 1539 1082 1539 1083 1539 1081 1540 1083 1540 1084 1540 1083 1541 1085 1541 1084 1541 1084 1542 1085 1542 1086 1542 1084 1543 1086 1543 1087 1543 1087 1544 1086 1544 1088 1544 1087 1545 1088 1545 1089 1545 1088 1546 1090 1546 1089 1546 1089 1547 1090 1547 1091 1547 1089 1548 1091 1548 1092 1548 1091 1549 1093 1549 1092 1549 1092 1550 1093 1550 1094 1550 1092 1551 1094 1551 1095 1551 1095 1552 1094 1552 1096 1552 1095 1553 1096 1553 1097 1553 1096 1554 1098 1554 1097 1554 1097 1555 1098 1555 1099 1555 1097 1556 1099 1556 1100 1556 1099 1557 1101 1557 1100 1557 1100 1558 1101 1558 1102 1558 1100 1559 1102 1559 1103 1559 1103 1560 1102 1560 1104 1560 1103 1561 1104 1561 1105 1561 1104 1562 1106 1562 1105 1562 1105 1563 1106 1563 1107 1563 1105 1564 1107 1564 1108 1564 1107 1565 1109 1565 1108 1565 1108 1566 1109 1566 1110 1566 1108 1567 1110 1567 1111 1567 1111 1568 1110 1568 1112 1568 1111 1569 1112 1569 1113 1569 1112 1570 1114 1570 1113 1570 1113 1571 1114 1571 1115 1571 1113 1572 1115 1572 1116 1572 1115 1573 1117 1573 1116 1573 1116 1574 1117 1574 1118 1574 1116 1575 1118 1575 1119 1575 1119 1576 1118 1576 1120 1576 1119 1577 1120 1577 1121 1577 1120 1578 1122 1578 1121 1578 1121 1579 1122 1579 1123 1579 1121 1580 1123 1580 1124 1580 1123 1581 1125 1581 1124 1581 1124 1582 1125 1582 1126 1582 1124 1583 1126 1583 1127 1583 1127 1584 1126 1584 1128 1584 1127 1585 1128 1585 1129 1585 1128 1586 1130 1586 1129 1586 1129 1587 1130 1587 1131 1587 1129 1588 1131 1588 1132 1588 1132 1589 1131 1589 1133 1589 1132 1590 1133 1590 1010 1590 1010 1591 1133 1591 1134 1591 1010 1592 1134 1592 1011 1592 1129 1593 1135 1593 1127 1593 1127 1594 1135 1594 1136 1594 1127 1595 1136 1595 1124 1595 1124 1596 1136 1596 1137 1596 1124 1597 1137 1597 1121 1597 1121 1598 1137 1598 1138 1598 1121 1599 1138 1599 1119 1599 1119 1600 1138 1600 1139 1600 1119 1601 1139 1601 1116 1601 1116 1602 1139 1602 1140 1602 1116 1603 1140 1603 1113 1603 1113 1604 1140 1604 1141 1604 1113 1605 1141 1605 1111 1605 1111 1606 1141 1606 1142 1606 1111 1607 1142 1607 1108 1607 1108 1608 1142 1608 1143 1608 1108 1609 1143 1609 1105 1609 1105 1610 1143 1610 1144 1610 1105 1611 1144 1611 1103 1611 1103 1612 1144 1612 1145 1612 1103 1613 1145 1613 1100 1613 1100 1614 1145 1614 1146 1614 1100 1615 1146 1615 1097 1615 1097 1616 1146 1616 1147 1616 1097 1617 1147 1617 1095 1617 1095 1618 1147 1618 1148 1618 1095 1619 1148 1619 1092 1619 1092 1620 1148 1620 1149 1620 1092 1621 1149 1621 1089 1621 1089 1622 1149 1622 1150 1622 1089 1623 1150 1623 1087 1623 1087 1624 1150 1624 1151 1624 1087 1625 1151 1625 1084 1625 1084 1626 1151 1626 1152 1626 1084 1627 1152 1627 1081 1627 1081 1628 1152 1628 1153 1628 1081 1629 1153 1629 1079 1629 1079 1630 1153 1630 1154 1630 1079 1631 1154 1631 1076 1631 1076 1632 1154 1632 1155 1632 1076 1633 1155 1633 1073 1633 1073 1634 1155 1634 1156 1634 1073 1635 1156 1635 1071 1635 1071 1636 1156 1636 1157 1636 1071 1637 1157 1637 1068 1637 1068 1637 1157 1637 1158 1637 1068 1638 1158 1638 1065 1638 1065 1639 1158 1639 1159 1639 1065 1640 1159 1640 1062 1640 1062 1641 1159 1641 1160 1641 1062 1642 1160 1642 1060 1642 1060 1643 1160 1643 1161 1643 1060 1644 1161 1644 1057 1644 1057 1645 1161 1645 1162 1645 1057 1646 1162 1646 1054 1646 1054 1647 1162 1647 1163 1647 1054 1648 1163 1648 1052 1648 1052 1649 1163 1649 1164 1649 1052 1650 1164 1650 1049 1650 1049 1651 1164 1651 1165 1651 1049 1652 1165 1652 1046 1652 1046 1653 1165 1653 1166 1653 1046 1654 1166 1654 1044 1654 1044 1655 1166 1655 1167 1655 1044 1656 1167 1656 1041 1656 1041 1657 1167 1657 1168 1657 1041 1658 1168 1658 1038 1658 1038 1659 1168 1659 1169 1659 1038 1660 1169 1660 1036 1660 1036 1661 1169 1661 1170 1661 1036 1662 1170 1662 1033 1662 1033 1663 1170 1663 1171 1663 1033 1664 1171 1664 1030 1664 1030 1665 1171 1665 1172 1665 1030 1666 1172 1666 1028 1666 1028 1667 1172 1667 1173 1667 1028 1668 1173 1668 1025 1668 1025 1669 1173 1669 1174 1669 1025 1670 1174 1670 1022 1670 1022 1671 1174 1671 1175 1671 1022 1672 1175 1672 1020 1672 1020 1673 1175 1673 1176 1673 1020 1674 1176 1674 1017 1674 1017 1675 1176 1675 1177 1675 1017 1676 1177 1676 1014 1676 1014 1677 1177 1677 1178 1677 1014 1678 1178 1678 1012 1678 1012 1679 1178 1679 1179 1679 1012 1680 1179 1680 1010 1680 1010 1681 1179 1681 1180 1681 1010 1682 1180 1682 1132 1682 1132 1683 1180 1683 1181 1683 1132 1684 1181 1684 1129 1684 1129 1685 1181 1685 1135 1685 1135 1686 1000 1686 1136 1686 1136 1687 1000 1687 999 1687 1136 1688 999 1688 1137 1688 1137 1689 999 1689 1009 1689 1137 1690 1009 1690 1138 1690 1138 1691 1009 1691 1008 1691 1138 1692 1008 1692 1139 1692 1139 1693 1008 1693 1007 1693 1139 1694 1007 1694 1140 1694 1140 1695 1007 1695 1006 1695 1140 1696 1006 1696 1141 1696 1141 1697 1006 1697 1005 1697 1141 1698 1005 1698 1142 1698 1142 1699 1005 1699 1004 1699 1142 1700 1004 1700 1143 1700 1143 1701 1004 1701 998 1701 1143 1702 998 1702 1144 1702 1144 1703 998 1703 997 1703 1144 1704 997 1704 1145 1704 1145 1705 997 1705 996 1705 1145 1706 996 1706 1146 1706 1146 1707 996 1707 995 1707 1146 1708 995 1708 1147 1708 1147 1709 995 1709 994 1709 1147 1710 994 1710 1148 1710 1148 1711 994 1711 993 1711 1148 1712 993 1712 1149 1712 1149 1713 993 1713 992 1713 1149 1714 992 1714 1150 1714 1150 1715 992 1715 991 1715 1150 1716 991 1716 1151 1716 1151 1717 991 1717 990 1717 1151 1718 990 1718 1152 1718 1152 1719 990 1719 989 1719 1152 1720 989 1720 1153 1720 1153 1721 989 1721 988 1721 1153 1722 988 1722 1154 1722 1154 1723 988 1723 987 1723 1154 1724 987 1724 1155 1724 1155 1725 987 1725 986 1725 1155 1726 986 1726 1156 1726 1156 1727 986 1727 985 1727 1156 1728 985 1728 1157 1728 1157 1729 985 1729 984 1729 1157 1730 984 1730 1158 1730 1158 1730 984 1730 983 1730 1158 1731 983 1731 1159 1731 1159 1732 983 1732 982 1732 1159 1733 982 1733 1160 1733 1160 1733 982 1733 981 1733 1160 1734 981 1734 1161 1734 1161 1735 981 1735 980 1735 1161 1736 980 1736 1162 1736 1162 1737 980 1737 979 1737 1162 1738 979 1738 1163 1738 1163 1739 979 1739 978 1739 1163 1740 978 1740 1164 1740 1164 1741 978 1741 966 1741 1164 1742 966 1742 1165 1742 1165 1743 966 1743 965 1743 1165 1744 965 1744 1166 1744 1166 1745 965 1745 964 1745 1166 1746 964 1746 1167 1746 1167 1747 964 1747 963 1747 1167 1748 963 1748 1168 1748 1168 1749 963 1749 977 1749 1168 1750 977 1750 1169 1750 1169 1751 977 1751 976 1751 1169 1752 976 1752 1170 1752 1170 1753 976 1753 975 1753 1170 1754 975 1754 1171 1754 1171 1755 975 1755 974 1755 1171 1756 974 1756 1172 1756 1172 1757 974 1757 973 1757 1172 1758 973 1758 1173 1758 1173 1759 973 1759 972 1759 1173 1760 972 1760 1174 1760 1174 1761 972 1761 971 1761 1174 1762 971 1762 1175 1762 1175 1763 971 1763 970 1763 1175 1764 970 1764 1176 1764 1176 1765 970 1765 969 1765 1176 1766 969 1766 1177 1766 1177 1766 969 1766 968 1766 1177 1767 968 1767 1178 1767 1178 1768 968 1768 967 1768 1178 1769 967 1769 1179 1769 1179 1770 967 1770 1003 1770 1179 1771 1003 1771 1180 1771 1180 1772 1003 1772 1002 1772 1180 1773 1002 1773 1181 1773 1181 1774 1002 1774 1001 1774 1181 1775 1001 1775 1135 1775 1135 1776 1001 1776 1000 1776 1182 1777 1183 1777 1134 1777 1016 1778 1015 1778 1184 1778 1184 1779 1015 1779 1013 1779 1184 1780 1013 1780 1183 1780 1183 1781 1013 1781 1011 1781 1183 1782 1011 1782 1134 1782 1016 1783 1184 1783 1018 1783 1018 1784 1184 1784 1185 1784 1018 1785 1185 1785 1019 1785 1019 1786 1185 1786 1021 1786 1021 1787 1185 1787 1186 1787 1021 1788 1186 1788 1023 1788 1187 1789 1026 1789 1186 1789 1186 1790 1026 1790 1024 1790 1186 1791 1024 1791 1023 1791 1032 1792 1031 1792 1188 1792 1188 1793 1031 1793 1029 1793 1188 1794 1029 1794 1187 1794 1187 1795 1029 1795 1027 1795 1187 1796 1027 1796 1026 1796 1032 1797 1188 1797 1034 1797 1034 1798 1188 1798 1189 1798 1034 1799 1189 1799 1035 1799 1035 1800 1189 1800 1037 1800 1037 1801 1189 1801 1190 1801 1037 1802 1190 1802 1039 1802 1039 1803 1190 1803 1040 1803 1040 1804 1190 1804 1191 1804 1040 1805 1191 1805 1042 1805 1192 1806 1045 1806 1191 1806 1191 1807 1045 1807 1043 1807 1191 1808 1043 1808 1042 1808 1051 1809 1050 1809 1193 1809 1193 1810 1050 1810 1048 1810 1193 1811 1048 1811 1192 1811 1192 1812 1048 1812 1047 1812 1192 1813 1047 1813 1045 1813 1051 1814 1193 1814 1053 1814 1053 1815 1193 1815 1194 1815 1053 1816 1194 1816 1055 1816 1055 1817 1194 1817 1056 1817 1056 1818 1194 1818 1195 1818 1056 1819 1195 1819 1058 1819 1196 1820 1061 1820 1195 1820 1195 1821 1061 1821 1059 1821 1195 1822 1059 1822 1058 1822 1067 1823 1066 1823 1197 1823 1197 1824 1066 1824 1064 1824 1197 1825 1064 1825 1196 1825 1196 1826 1064 1826 1063 1826 1196 1827 1063 1827 1061 1827 1067 1828 1197 1828 1069 1828 1069 1829 1197 1829 1198 1829 1069 1830 1198 1830 1070 1830 1070 1831 1198 1831 1072 1831 1072 1832 1198 1832 1199 1832 1072 1833 1199 1833 1074 1833 1200 1834 1077 1834 1199 1834 1199 1835 1077 1835 1075 1835 1199 1836 1075 1836 1074 1836 1083 1837 1082 1837 1201 1837 1201 1838 1082 1838 1080 1838 1201 1839 1080 1839 1200 1839 1200 1840 1080 1840 1078 1840 1200 1841 1078 1841 1077 1841 1083 1842 1201 1842 1085 1842 1085 1843 1201 1843 1202 1843 1085 1844 1202 1844 1086 1844 1086 1845 1202 1845 1088 1845 1088 1846 1202 1846 1203 1846 1088 1847 1203 1847 1090 1847 1204 1848 1093 1848 1203 1848 1203 1849 1093 1849 1091 1849 1203 1850 1091 1850 1090 1850 1205 1851 1096 1851 1204 1851 1204 1852 1096 1852 1094 1852 1204 1853 1094 1853 1093 1853 1102 1854 1101 1854 1206 1854 1206 1855 1101 1855 1099 1855 1206 1856 1099 1856 1205 1856 1205 1857 1099 1857 1098 1857 1205 1858 1098 1858 1096 1858 1102 1859 1206 1859 1104 1859 1104 1860 1206 1860 1207 1860 1104 1861 1207 1861 1106 1861 1106 1862 1207 1862 1107 1862 1107 1863 1207 1863 1208 1863 1107 1864 1208 1864 1109 1864 1209 1865 1112 1865 1208 1865 1208 1866 1112 1866 1110 1866 1208 1867 1110 1867 1109 1867 1118 1868 1117 1868 1210 1868 1210 1869 1117 1869 1115 1869 1210 1870 1115 1870 1209 1870 1209 1871 1115 1871 1114 1871 1209 1872 1114 1872 1112 1872 1118 1873 1210 1873 1120 1873 1120 1874 1210 1874 1211 1874 1120 1875 1211 1875 1122 1875 1122 1876 1211 1876 1123 1876 1123 1877 1211 1877 1212 1877 1123 1878 1212 1878 1125 1878 1213 1879 1128 1879 1212 1879 1212 1880 1128 1880 1126 1880 1212 1881 1126 1881 1125 1881 1134 1882 1133 1882 1182 1882 1182 1883 1133 1883 1131 1883 1182 1884 1131 1884 1213 1884 1213 1885 1131 1885 1130 1885 1213 1886 1130 1886 1128 1886 1198 1887 1214 1887 1199 1887 1199 1888 1214 1888 1215 1888 1199 1889 1215 1889 1200 1889 1200 1890 1215 1890 1216 1890 1200 1891 1216 1891 1201 1891 1201 1892 1216 1892 1217 1892 1201 1893 1217 1893 1202 1893 1202 1894 1217 1894 1218 1894 1202 1895 1218 1895 1203 1895 1203 1896 1218 1896 1219 1896 1203 1897 1219 1897 1204 1897 1204 1898 1219 1898 1220 1898 1204 1899 1220 1899 1205 1899 1205 1900 1220 1900 1221 1900 1205 1901 1221 1901 1206 1901 1206 1902 1221 1902 1222 1902 1206 1903 1222 1903 1207 1903 1207 1904 1222 1904 1223 1904 1207 1905 1223 1905 1208 1905 1208 1906 1223 1906 1224 1906 1208 1907 1224 1907 1209 1907 1209 1908 1224 1908 1225 1908 1209 1909 1225 1909 1210 1909 1210 1910 1225 1910 1226 1910 1210 1911 1226 1911 1211 1911 1211 1912 1226 1912 1227 1912 1211 1913 1227 1913 1212 1913 1212 1914 1227 1914 1228 1914 1212 1915 1228 1915 1213 1915 1213 1916 1228 1916 1229 1916 1213 1917 1229 1917 1182 1917 1182 1918 1229 1918 1230 1918 1182 1919 1230 1919 1183 1919 1183 1920 1230 1920 1231 1920 1183 1921 1231 1921 1184 1921 1184 1922 1231 1922 1232 1922 1184 1923 1232 1923 1185 1923 1185 1924 1232 1924 1233 1924 1185 1925 1233 1925 1186 1925 1186 1926 1233 1926 1234 1926 1186 1927 1234 1927 1187 1927 1187 1928 1234 1928 1235 1928 1187 1929 1235 1929 1188 1929 1188 1930 1235 1930 1236 1930 1188 1931 1236 1931 1189 1931 1189 1932 1236 1932 1237 1932 1189 1933 1237 1933 1190 1933 1190 1934 1237 1934 1238 1934 1190 1935 1238 1935 1191 1935 1191 1936 1238 1936 1239 1936 1191 1937 1239 1937 1192 1937 1192 1938 1239 1938 1240 1938 1192 1939 1240 1939 1193 1939 1193 1940 1240 1940 1241 1940 1193 1941 1241 1941 1194 1941 1194 1942 1241 1942 1242 1942 1194 1943 1242 1943 1195 1943 1195 1944 1242 1944 1243 1944 1195 1945 1243 1945 1196 1945 1196 1946 1243 1946 1244 1946 1196 1947 1244 1947 1197 1947 1197 1948 1244 1948 1245 1948 1197 1949 1245 1949 1198 1949 1198 1950 1245 1950 1214 1950 1231 1467 1246 1467 1232 1467 1232 1467 1246 1467 1247 1467 1232 1467 1247 1467 1233 1467 1233 1467 1247 1467 1248 1467 1233 1467 1248 1467 1234 1467 1234 1467 1248 1467 1249 1467 1234 1467 1249 1467 1235 1467 1243 1467 1250 1467 1244 1467 1244 1467 1250 1467 1251 1467 1244 1467 1251 1467 1245 1467 1245 1467 1251 1467 1252 1467 1245 1467 1252 1467 1214 1467 1214 1467 1252 1467 1253 1467 1214 1467 1253 1467 1215 1467 1227 1467 1254 1467 1228 1467 1228 1467 1254 1467 1255 1467 1228 1467 1255 1467 1229 1467 1229 1467 1255 1467 1256 1467 1229 1467 1256 1467 1230 1467 1230 1467 1256 1467 1257 1467 1230 1467 1257 1467 1231 1467 1231 1467 1257 1467 1258 1467 1231 1467 1258 1467 1246 1467 1239 1467 1259 1467 1240 1467 1240 1467 1259 1467 1260 1467 1240 1467 1260 1467 1241 1467 1241 1467 1260 1467 1261 1467 1241 1467 1261 1467 1242 1467 1242 1467 1261 1467 1262 1467 1242 1467 1262 1467 1243 1467 1243 1467 1262 1467 1263 1467 1243 1467 1263 1467 1250 1467 1253 1467 1264 1467 1215 1467 1215 1467 1264 1467 1265 1467 1215 1467 1265 1467 1216 1467 1216 1467 1265 1467 1266 1467 1216 1467 1266 1467 1217 1467 1217 1467 1266 1467 1267 1467 1217 1467 1267 1467 1218 1467 1218 1467 1267 1467 1268 1467 1218 1467 1268 1467 1219 1467 1249 1467 1269 1467 1235 1467 1235 1467 1269 1467 1270 1467 1235 1467 1270 1467 1236 1467 1236 1467 1270 1467 1271 1467 1236 1467 1271 1467 1237 1467 1237 1467 1271 1467 1272 1467 1237 1467 1272 1467 1238 1467 1238 1467 1272 1467 1273 1467 1238 1467 1273 1467 1239 1467 1239 1467 1273 1467 1274 1467 1239 1467 1274 1467 1259 1467 1268 1467 1275 1467 1219 1467 1219 1467 1275 1467 1276 1467 1219 1467 1276 1467 1220 1467 1220 1467 1276 1467 1277 1467 1220 1467 1277 1467 1221 1467 1221 1467 1277 1467 1278 1467 1221 1467 1278 1467 1222 1467 1222 1467 1278 1467 1279 1467 1222 1467 1279 1467 1223 1467 1279 1467 1280 1467 1223 1467 1223 1467 1280 1467 1281 1467 1223 1467 1281 1467 1224 1467 1224 1467 1281 1467 1282 1467 1224 1467 1282 1467 1225 1467 1225 1467 1282 1467 1283 1467 1225 1467 1283 1467 1226 1467 1226 1467 1283 1467 1284 1467 1226 1467 1284 1467 1227 1467 1227 1467 1284 1467 1285 1467 1227 1467 1285 1467 1254 1467 1286 1951 1287 1951 1288 1951 1288 1952 1287 1952 1289 1952 1288 1953 1289 1953 1290 1953 1290 1954 1289 1954 1291 1954 1290 1955 1291 1955 1292 1955 1292 1956 1291 1956 1293 1956 1292 1957 1293 1957 1294 1957 1286 1958 1295 1958 1287 1958 1287 1959 1295 1959 1296 1959 1287 1960 1296 1960 1297 1960 1297 1961 1296 1961 1298 1961 1297 1962 1298 1962 1299 1962 1299 1963 1298 1963 1300 1963 1299 1964 1300 1964 1301 1964 1301 1965 1300 1965 1302 1965 1302 1966 1303 1966 1301 1966 1301 1967 1303 1967 1304 1967 1301 1968 1304 1968 1305 1968 1305 1969 1304 1969 1306 1969 1305 1970 1306 1970 1307 1970 1307 1971 1306 1971 1308 1971 1307 1972 1308 1972 1309 1972 1309 1973 1308 1973 1310 1973 1310 1974 1311 1974 1309 1974 1309 1975 1311 1975 1312 1975 1309 1976 1312 1976 1313 1976 1313 1977 1312 1977 1314 1977 1313 1978 1314 1978 1315 1978 1315 1979 1314 1979 1316 1979 1315 1980 1316 1980 1317 1980 1317 1981 1316 1981 1318 1981 1318 1982 1319 1982 1317 1982 1317 1983 1319 1983 1320 1983 1317 1984 1320 1984 1321 1984 1321 1985 1320 1985 1322 1985 1321 1986 1322 1986 1323 1986 1323 1987 1322 1987 1324 1987 1323 1988 1324 1988 1325 1988 1325 1989 1324 1989 1326 1989 1326 1990 1327 1990 1325 1990 1325 1991 1327 1991 1328 1991 1325 1992 1328 1992 1329 1992 1329 1993 1328 1993 1330 1993 1329 1994 1330 1994 1331 1994 1331 1995 1330 1995 1332 1995 1331 1996 1332 1996 1333 1996 1333 1997 1332 1997 1334 1997 1334 1998 1335 1998 1333 1998 1333 1999 1335 1999 1336 1999 1333 2000 1336 2000 1337 2000 1337 2001 1336 2001 1338 2001 1337 2002 1338 2002 1339 2002 1339 2003 1338 2003 1340 2003 1339 2004 1340 2004 1341 2004 1341 2005 1340 2005 1342 2005 1342 2006 1343 2006 1341 2006 1341 2007 1343 2007 1344 2007 1341 2008 1344 2008 1345 2008 1345 2009 1344 2009 1346 2009 1345 2010 1346 2010 1347 2010 1347 2011 1346 2011 1348 2011 1347 2012 1348 2012 1349 2012 1349 2013 1348 2013 1350 2013 1350 2014 1351 2014 1349 2014 1349 2015 1351 2015 1352 2015 1349 2016 1352 2016 1353 2016 1353 2017 1352 2017 1354 2017 1353 2018 1354 2018 1355 2018 1355 2019 1354 2019 1356 2019 1355 2020 1356 2020 1357 2020 1357 2021 1356 2021 1358 2021 1358 2022 1359 2022 1357 2022 1357 2023 1359 2023 1360 2023 1357 2024 1360 2024 1361 2024 1361 2025 1360 2025 1362 2025 1361 2026 1362 2026 1363 2026 1363 2027 1362 2027 1364 2027 1363 2028 1364 2028 1365 2028 1365 2029 1364 2029 1366 2029 1366 2030 1367 2030 1365 2030 1365 2031 1367 2031 1368 2031 1365 2032 1368 2032 1369 2032 1369 2033 1368 2033 1370 2033 1369 2034 1370 2034 1371 2034 1371 2035 1370 2035 1372 2035 1371 2036 1372 2036 1373 2036 1373 2037 1372 2037 1374 2037 1374 2038 1375 2038 1373 2038 1373 2039 1375 2039 1376 2039 1373 2040 1376 2040 1377 2040 1377 2041 1376 2041 1378 2041 1377 2042 1378 2042 1379 2042 1379 2043 1378 2043 1380 2043 1379 2044 1380 2044 1381 2044 1381 2045 1380 2045 1382 2045 1382 2046 1383 2046 1381 2046 1381 2047 1383 2047 1384 2047 1381 2048 1384 2048 1385 2048 1385 2049 1384 2049 1386 2049 1385 2050 1386 2050 1387 2050 1387 2051 1386 2051 1388 2051 1387 2052 1388 2052 1389 2052 1389 2053 1388 2053 1390 2053 1389 2054 1390 2054 1293 2054 1293 2055 1390 2055 1391 2055 1293 2056 1391 2056 1294 2056 1385 2057 1392 2057 1381 2057 1381 2058 1392 2058 1393 2058 1381 2059 1393 2059 1379 2059 1379 2060 1393 2060 1394 2060 1379 2061 1394 2061 1377 2061 1377 2062 1394 2062 1395 2062 1377 2063 1395 2063 1373 2063 1373 2064 1395 2064 1396 2064 1373 2065 1396 2065 1371 2065 1371 2066 1396 2066 1397 2066 1371 2067 1397 2067 1369 2067 1369 2068 1397 2068 1398 2068 1369 2069 1398 2069 1365 2069 1365 2070 1398 2070 1399 2070 1365 2071 1399 2071 1363 2071 1363 2072 1399 2072 1400 2072 1363 2073 1400 2073 1361 2073 1361 2074 1400 2074 1401 2074 1361 2075 1401 2075 1357 2075 1357 2076 1401 2076 1402 2076 1357 2077 1402 2077 1355 2077 1355 2078 1402 2078 1403 2078 1355 2079 1403 2079 1353 2079 1353 2080 1403 2080 1404 2080 1353 2081 1404 2081 1349 2081 1349 2082 1404 2082 1405 2082 1349 2083 1405 2083 1347 2083 1347 2084 1405 2084 1406 2084 1347 2085 1406 2085 1345 2085 1345 2086 1406 2086 1407 2086 1345 2087 1407 2087 1341 2087 1341 2088 1407 2088 1408 2088 1341 2089 1408 2089 1339 2089 1339 2090 1408 2090 1409 2090 1339 2091 1409 2091 1337 2091 1337 2092 1409 2092 1410 2092 1337 2093 1410 2093 1333 2093 1333 2094 1410 2094 1411 2094 1333 2095 1411 2095 1331 2095 1331 2096 1411 2096 1412 2096 1331 2097 1412 2097 1329 2097 1329 2098 1412 2098 1413 2098 1329 2099 1413 2099 1325 2099 1325 2100 1413 2100 1414 2100 1325 2101 1414 2101 1323 2101 1323 2102 1414 2102 1415 2102 1323 2103 1415 2103 1321 2103 1321 2104 1415 2104 1416 2104 1321 2105 1416 2105 1317 2105 1317 2106 1416 2106 1417 2106 1317 2107 1417 2107 1315 2107 1315 2108 1417 2108 1418 2108 1315 2109 1418 2109 1313 2109 1313 2110 1418 2110 1419 2110 1313 2111 1419 2111 1309 2111 1309 2112 1419 2112 1420 2112 1309 2113 1420 2113 1307 2113 1307 2114 1420 2114 1421 2114 1307 2115 1421 2115 1305 2115 1305 2116 1421 2116 1422 2116 1305 2117 1422 2117 1301 2117 1301 2118 1422 2118 1423 2118 1301 2119 1423 2119 1299 2119 1299 2120 1423 2120 1424 2120 1299 2121 1424 2121 1297 2121 1297 2122 1424 2122 1425 2122 1297 2123 1425 2123 1287 2123 1287 2124 1425 2124 1426 2124 1287 2125 1426 2125 1289 2125 1289 2126 1426 2126 1427 2126 1289 2127 1427 2127 1291 2127 1291 2128 1427 2128 1428 2128 1291 2129 1428 2129 1293 2129 1293 2130 1428 2130 1429 2130 1293 2131 1429 2131 1389 2131 1389 2132 1429 2132 1430 2132 1389 2133 1430 2133 1387 2133 1387 2134 1430 2134 1431 2134 1387 2135 1431 2135 1385 2135 1385 2136 1431 2136 1392 2136 1431 2137 1432 2137 1392 2137 1392 2138 1432 2138 1433 2138 1392 2139 1433 2139 1393 2139 1393 2140 1433 2140 1434 2140 1393 2141 1434 2141 1394 2141 1394 2142 1434 2142 1435 2142 1394 2143 1435 2143 1395 2143 1395 2144 1435 2144 1436 2144 1395 2145 1436 2145 1396 2145 1396 2146 1436 2146 1437 2146 1396 2147 1437 2147 1397 2147 1397 2148 1437 2148 1438 2148 1397 2149 1438 2149 1398 2149 1398 2150 1438 2150 1439 2150 1398 2151 1439 2151 1399 2151 1399 2152 1439 2152 1440 2152 1399 2153 1440 2153 1400 2153 1400 2154 1440 2154 1441 2154 1400 2155 1441 2155 1401 2155 1401 2156 1441 2156 1442 2156 1401 2157 1442 2157 1402 2157 1402 2158 1442 2158 1443 2158 1402 2159 1443 2159 1403 2159 1403 2160 1443 2160 1444 2160 1403 2161 1444 2161 1404 2161 1404 2162 1444 2162 1445 2162 1404 2163 1445 2163 1405 2163 1405 2164 1445 2164 1446 2164 1405 2165 1446 2165 1406 2165 1406 2166 1446 2166 1447 2166 1406 2167 1447 2167 1407 2167 1407 2168 1447 2168 1448 2168 1407 2169 1448 2169 1408 2169 1408 2170 1448 2170 1449 2170 1408 2171 1449 2171 1409 2171 1409 2172 1449 2172 1450 2172 1409 2173 1450 2173 1410 2173 1410 2174 1450 2174 1451 2174 1410 2175 1451 2175 1411 2175 1411 2176 1451 2176 1452 2176 1411 2177 1452 2177 1412 2177 1412 2178 1452 2178 1453 2178 1412 2179 1453 2179 1413 2179 1413 2180 1453 2180 1454 2180 1413 2181 1454 2181 1414 2181 1414 2182 1454 2182 1455 2182 1414 2183 1455 2183 1415 2183 1415 2184 1455 2184 1456 2184 1415 2185 1456 2185 1416 2185 1416 2186 1456 2186 1457 2186 1416 2187 1457 2187 1417 2187 1417 2188 1457 2188 1458 2188 1417 2189 1458 2189 1418 2189 1418 2190 1458 2190 1459 2190 1418 2191 1459 2191 1419 2191 1419 2192 1459 2192 1460 2192 1419 2193 1460 2193 1420 2193 1420 2194 1460 2194 1461 2194 1420 2195 1461 2195 1421 2195 1421 2196 1461 2196 1462 2196 1421 2197 1462 2197 1422 2197 1422 2198 1462 2198 1463 2198 1422 2199 1463 2199 1423 2199 1423 2200 1463 2200 1464 2200 1423 2201 1464 2201 1424 2201 1424 2202 1464 2202 1465 2202 1424 2203 1465 2203 1425 2203 1425 2204 1465 2204 1466 2204 1425 2205 1466 2205 1426 2205 1426 2206 1466 2206 1467 2206 1426 2207 1467 2207 1427 2207 1427 2208 1467 2208 1468 2208 1427 2209 1468 2209 1428 2209 1428 2210 1468 2210 1469 2210 1428 2211 1469 2211 1429 2211 1429 2212 1469 2212 1470 2212 1429 2213 1470 2213 1430 2213 1430 2214 1470 2214 1471 2214 1430 2215 1471 2215 1431 2215 1431 2216 1471 2216 1432 2216 1471 2217 1255 2217 1432 2217 1432 2218 1255 2218 1254 2218 1432 2219 1254 2219 1433 2219 1433 2220 1254 2220 1285 2220 1433 2221 1285 2221 1434 2221 1434 2222 1285 2222 1284 2222 1434 2223 1284 2223 1435 2223 1435 2224 1284 2224 1283 2224 1435 2225 1283 2225 1436 2225 1436 2226 1283 2226 1282 2226 1436 2227 1282 2227 1437 2227 1437 2228 1282 2228 1281 2228 1437 2229 1281 2229 1438 2229 1438 2230 1281 2230 1280 2230 1438 2231 1280 2231 1439 2231 1439 2232 1280 2232 1279 2232 1439 2233 1279 2233 1440 2233 1440 2234 1279 2234 1278 2234 1440 2235 1278 2235 1441 2235 1441 2236 1278 2236 1277 2236 1441 2237 1277 2237 1442 2237 1442 2238 1277 2238 1276 2238 1442 2239 1276 2239 1443 2239 1443 2240 1276 2240 1275 2240 1443 2241 1275 2241 1444 2241 1444 2242 1275 2242 1268 2242 1444 2243 1268 2243 1445 2243 1445 2244 1268 2244 1267 2244 1445 2245 1267 2245 1446 2245 1446 2246 1267 2246 1266 2246 1446 2247 1266 2247 1447 2247 1447 2248 1266 2248 1265 2248 1447 2249 1265 2249 1448 2249 1448 2250 1265 2250 1264 2250 1448 2251 1264 2251 1449 2251 1449 2252 1264 2252 1253 2252 1449 2253 1253 2253 1450 2253 1450 2254 1253 2254 1252 2254 1450 2255 1252 2255 1451 2255 1451 2256 1252 2256 1251 2256 1451 2257 1251 2257 1452 2257 1452 2258 1251 2258 1250 2258 1452 2259 1250 2259 1453 2259 1453 2260 1250 2260 1263 2260 1453 2261 1263 2261 1454 2261 1454 2262 1263 2262 1262 2262 1454 2263 1262 2263 1455 2263 1455 2264 1262 2264 1261 2264 1455 2265 1261 2265 1456 2265 1456 2266 1261 2266 1260 2266 1456 2267 1260 2267 1457 2267 1457 2268 1260 2268 1259 2268 1457 2269 1259 2269 1458 2269 1458 2270 1259 2270 1274 2270 1458 2271 1274 2271 1459 2271 1459 2272 1274 2272 1273 2272 1459 2273 1273 2273 1460 2273 1460 2274 1273 2274 1272 2274 1460 2275 1272 2275 1461 2275 1461 2276 1272 2276 1271 2276 1461 2277 1271 2277 1462 2277 1462 2278 1271 2278 1270 2278 1462 2279 1270 2279 1463 2279 1463 2280 1270 2280 1269 2280 1463 2281 1269 2281 1464 2281 1464 2282 1269 2282 1249 2282 1464 2283 1249 2283 1465 2283 1465 2284 1249 2284 1248 2284 1465 2285 1248 2285 1466 2285 1466 2286 1248 2286 1247 2286 1466 2287 1247 2287 1467 2287 1467 2288 1247 2288 1246 2288 1467 2289 1246 2289 1468 2289 1468 2290 1246 2290 1258 2290 1468 2291 1258 2291 1469 2291 1469 2292 1258 2292 1257 2292 1469 2293 1257 2293 1470 2293 1470 2294 1257 2294 1256 2294 1470 2295 1256 2295 1471 2295 1471 2296 1256 2296 1255 2296 1386 2297 1472 2297 1388 2297 1388 2297 1472 2297 1473 2297 1388 2298 1473 2298 1390 2298 1390 2298 1473 2298 1474 2298 1390 2299 1474 2299 1391 2299 1391 2299 1474 2299 1475 2299 1391 2300 1475 2300 1294 2300 1294 2300 1475 2300 1476 2300 1294 2301 1476 2301 1292 2301 1292 2301 1476 2301 1477 2301 1292 2302 1477 2302 1290 2302 1290 2302 1477 2302 1478 2302 1290 2303 1478 2303 1288 2303 1288 2303 1478 2303 1479 2303 1288 2304 1479 2304 1286 2304 1286 2304 1479 2304 1480 2304 1286 2305 1480 2305 1295 2305 1295 2305 1480 2305 1481 2305 1295 2306 1481 2306 1296 2306 1296 2306 1481 2306 1482 2306 1296 2307 1482 2307 1298 2307 1298 2307 1482 2307 1483 2307 1298 2308 1483 2308 1300 2308 1300 2308 1483 2308 1484 2308 1300 2309 1484 2309 1302 2309 1302 2309 1484 2309 1485 2309 1302 2310 1485 2310 1303 2310 1303 2310 1485 2310 1486 2310 1303 2311 1486 2311 1304 2311 1304 2311 1486 2311 1487 2311 1304 2312 1487 2312 1306 2312 1306 2312 1487 2312 1488 2312 1306 2313 1488 2313 1308 2313 1308 2313 1488 2313 1489 2313 1308 2314 1489 2314 1310 2314 1310 2314 1489 2314 1490 2314 1310 2315 1490 2315 1311 2315 1311 2315 1490 2315 1491 2315 1311 2316 1491 2316 1312 2316 1312 2316 1491 2316 1492 2316 1312 2317 1492 2317 1314 2317 1314 2317 1492 2317 1493 2317 1314 2318 1493 2318 1316 2318 1316 2318 1493 2318 1494 2318 1316 2319 1494 2319 1318 2319 1318 2319 1494 2319 1495 2319 1318 2320 1495 2320 1319 2320 1319 2320 1495 2320 1496 2320 1319 2321 1496 2321 1320 2321 1320 2321 1496 2321 1497 2321 1320 2322 1497 2322 1322 2322 1322 2322 1497 2322 1498 2322 1322 2323 1498 2323 1324 2323 1324 2323 1498 2323 1499 2323 1324 2324 1499 2324 1326 2324 1326 2324 1499 2324 1500 2324 1326 2325 1500 2325 1327 2325 1327 2325 1500 2325 1501 2325 1327 2326 1501 2326 1328 2326 1328 2326 1501 2326 1502 2326 1328 2327 1502 2327 1330 2327 1330 2327 1502 2327 1503 2327 1330 2328 1503 2328 1332 2328 1332 2328 1503 2328 1504 2328 1332 2329 1504 2329 1334 2329 1334 2329 1504 2329 1505 2329 1334 2330 1505 2330 1335 2330 1335 2330 1505 2330 1506 2330 1335 2331 1506 2331 1336 2331 1336 2331 1506 2331 1507 2331 1336 2332 1507 2332 1338 2332 1338 2332 1507 2332 1508 2332 1338 2333 1508 2333 1340 2333 1340 2333 1508 2333 1509 2333 1340 2334 1509 2334 1342 2334 1342 2334 1509 2334 1510 2334 1342 2335 1510 2335 1343 2335 1343 2335 1510 2335 1511 2335 1343 2336 1511 2336 1344 2336 1344 2336 1511 2336 1512 2336 1344 2337 1512 2337 1346 2337 1346 2337 1512 2337 1513 2337 1346 2338 1513 2338 1348 2338 1348 2338 1513 2338 1514 2338 1348 2339 1514 2339 1350 2339 1350 2339 1514 2339 1515 2339 1350 2340 1515 2340 1351 2340 1351 2340 1515 2340 1516 2340 1351 2341 1516 2341 1352 2341 1352 2341 1516 2341 1517 2341 1352 2342 1517 2342 1354 2342 1354 2342 1517 2342 1518 2342 1354 2343 1518 2343 1356 2343 1356 2343 1518 2343 1519 2343 1356 2344 1519 2344 1358 2344 1358 2344 1519 2344 1520 2344 1358 2345 1520 2345 1359 2345 1359 2345 1520 2345 1521 2345 1359 2346 1521 2346 1360 2346 1360 2346 1521 2346 1522 2346 1360 2347 1522 2347 1362 2347 1362 2347 1522 2347 1523 2347 1362 2348 1523 2348 1364 2348 1364 2348 1523 2348 1524 2348 1364 2349 1524 2349 1366 2349 1366 2349 1524 2349 1525 2349 1366 2350 1525 2350 1367 2350 1367 2350 1525 2350 1526 2350 1367 2351 1526 2351 1368 2351 1368 2351 1526 2351 1527 2351 1368 2352 1527 2352 1370 2352 1370 2352 1527 2352 1528 2352 1370 2353 1528 2353 1372 2353 1372 2353 1528 2353 1529 2353 1372 2354 1529 2354 1374 2354 1374 2354 1529 2354 1530 2354 1374 2355 1530 2355 1375 2355 1375 2355 1530 2355 1531 2355 1375 2356 1531 2356 1376 2356 1376 2356 1531 2356 1532 2356 1376 2357 1532 2357 1378 2357 1378 2357 1532 2357 1533 2357 1378 2358 1533 2358 1380 2358 1380 2358 1533 2358 1534 2358 1380 2359 1534 2359 1382 2359 1382 2359 1534 2359 1535 2359 1382 2360 1535 2360 1383 2360 1383 2360 1535 2360 1536 2360 1383 2361 1536 2361 1384 2361 1384 2361 1536 2361 1537 2361 1384 2362 1537 2362 1386 2362 1386 2362 1537 2362 1472 2362 1530 2363 1529 2363 1538 2363 1525 2364 1524 2364 1539 2364 1520 2365 1519 2365 1540 2365 1515 2366 1514 2366 1541 2366 1510 2367 1509 2367 1542 2367 1505 2368 1504 2368 1543 2368 1500 2369 1499 2369 1544 2369 1495 2370 1494 2370 1545 2370 1490 2371 1489 2371 1546 2371 1485 2372 1484 2372 1547 2372 1480 2373 1479 2373 1548 2373 1549 2374 1550 2374 1551 2374 1549 2375 1551 2375 1552 2375 1552 2376 1551 2376 1553 2376 1552 2377 1553 2377 1554 2377 1554 2378 1553 2378 1555 2378 1554 2379 1555 2379 1556 2379 1556 2380 1555 2380 1557 2380 1556 2381 1557 2381 1558 2381 1558 2382 1557 2382 1559 2382 1558 2383 1559 2383 1560 2383 1550 2384 1561 2384 1562 2384 1550 2385 1562 2385 1551 2385 1551 2386 1562 2386 1563 2386 1551 2387 1563 2387 1553 2387 1553 2388 1563 2388 1564 2388 1553 2389 1564 2389 1555 2389 1555 2390 1564 2390 1565 2390 1555 2391 1565 2391 1557 2391 1557 2392 1565 2392 1566 2392 1557 2393 1566 2393 1559 2393 1561 2394 1567 2394 1568 2394 1569 2395 1570 2395 1571 2395 1571 2396 1570 2396 1572 2396 1571 2397 1572 2397 1573 2397 1573 2398 1572 2398 1574 2398 1573 2399 1574 2399 1575 2399 1575 2400 1574 2400 1548 2400 1576 2401 1577 2401 1578 2401 1578 2402 1577 2402 1579 2402 1578 2403 1579 2403 1580 2403 1580 2404 1579 2404 1581 2404 1580 2405 1581 2405 1582 2405 1582 2406 1581 2406 1547 2406 1583 2407 1584 2407 1585 2407 1585 2408 1584 2408 1586 2408 1585 2409 1586 2409 1587 2409 1587 2410 1586 2410 1588 2410 1587 2411 1588 2411 1589 2411 1589 2412 1588 2412 1546 2412 1590 2413 1591 2413 1592 2413 1592 2414 1591 2414 1593 2414 1592 2415 1593 2415 1594 2415 1594 2416 1593 2416 1595 2416 1594 2417 1595 2417 1596 2417 1596 2418 1595 2418 1545 2418 1597 2419 1598 2419 1599 2419 1599 2420 1598 2420 1600 2420 1599 2421 1600 2421 1601 2421 1601 2422 1600 2422 1602 2422 1601 2423 1602 2423 1603 2423 1603 2424 1602 2424 1544 2424 1604 2425 1605 2425 1606 2425 1606 2426 1605 2426 1607 2426 1606 2427 1607 2427 1608 2427 1608 2428 1607 2428 1609 2428 1608 2429 1609 2429 1610 2429 1610 2430 1609 2430 1543 2430 1611 2431 1612 2431 1613 2431 1613 2432 1612 2432 1614 2432 1613 2433 1614 2433 1615 2433 1615 2434 1614 2434 1616 2434 1615 2435 1616 2435 1617 2435 1617 2436 1616 2436 1542 2436 1618 2437 1619 2437 1620 2437 1620 2438 1619 2438 1621 2438 1620 2439 1621 2439 1622 2439 1622 2440 1621 2440 1623 2440 1622 2441 1623 2441 1624 2441 1624 2442 1623 2442 1541 2442 1625 2443 1626 2443 1627 2443 1627 2444 1626 2444 1628 2444 1627 2445 1628 2445 1629 2445 1629 2446 1628 2446 1630 2446 1629 2447 1630 2447 1631 2447 1631 2448 1630 2448 1540 2448 1632 2449 1633 2449 1634 2449 1634 2450 1633 2450 1635 2450 1634 2451 1635 2451 1636 2451 1636 2452 1635 2452 1637 2452 1636 2453 1637 2453 1638 2453 1638 2454 1637 2454 1539 2454 1639 2455 1640 2455 1641 2455 1641 2456 1640 2456 1642 2456 1641 2457 1642 2457 1643 2457 1643 2458 1642 2458 1644 2458 1643 2459 1644 2459 1645 2459 1645 2460 1644 2460 1538 2460 1561 2461 1568 2461 1562 2461 1562 2462 1568 2462 1646 2462 1562 2463 1646 2463 1563 2463 1563 2464 1646 2464 1647 2464 1563 2465 1647 2465 1564 2465 1564 2466 1647 2466 1648 2466 1564 2467 1648 2467 1565 2467 1565 2468 1648 2468 1649 2468 1565 2469 1649 2469 1566 2469 1473 2470 1568 2470 1474 2470 1474 2471 1568 2471 1567 2471 1474 2472 1567 2472 1475 2472 1476 2473 1475 2473 1650 2473 1650 2474 1475 2474 1567 2474 1650 2475 1567 2475 1651 2475 1651 2476 1567 2476 1561 2476 1651 2477 1561 2477 1652 2477 1652 2478 1561 2478 1550 2478 1652 2479 1550 2479 1653 2479 1653 2480 1550 2480 1549 2480 1653 2481 1569 2481 1652 2481 1652 2482 1569 2482 1571 2482 1652 2483 1571 2483 1651 2483 1651 2484 1571 2484 1573 2484 1651 2485 1573 2485 1650 2485 1650 2486 1573 2486 1575 2486 1650 2487 1575 2487 1476 2487 1476 2488 1575 2488 1477 2488 1548 2489 1479 2489 1575 2489 1575 2490 1479 2490 1478 2490 1575 2491 1478 2491 1477 2491 1481 2492 1480 2492 1654 2492 1654 2493 1480 2493 1548 2493 1654 2494 1548 2494 1655 2494 1655 2495 1548 2495 1574 2495 1655 2496 1574 2496 1656 2496 1656 2497 1574 2497 1572 2497 1656 2498 1572 2498 1657 2498 1657 2499 1572 2499 1570 2499 1657 2500 1576 2500 1656 2500 1656 2501 1576 2501 1578 2501 1656 2502 1578 2502 1655 2502 1655 2503 1578 2503 1580 2503 1655 2504 1580 2504 1654 2504 1654 2505 1580 2505 1582 2505 1654 2506 1582 2506 1481 2506 1481 2507 1582 2507 1482 2507 1547 2508 1484 2508 1582 2508 1582 2509 1484 2509 1483 2509 1582 2510 1483 2510 1482 2510 1486 2511 1485 2511 1658 2511 1658 2512 1485 2512 1547 2512 1658 2513 1547 2513 1659 2513 1659 2514 1547 2514 1581 2514 1659 2515 1581 2515 1660 2515 1660 2516 1581 2516 1579 2516 1660 2517 1579 2517 1661 2517 1661 2518 1579 2518 1577 2518 1661 2519 1583 2519 1660 2519 1660 2520 1583 2520 1585 2520 1660 2521 1585 2521 1659 2521 1659 2522 1585 2522 1587 2522 1659 2523 1587 2523 1658 2523 1658 2524 1587 2524 1589 2524 1658 2525 1589 2525 1486 2525 1486 2526 1589 2526 1487 2526 1546 2527 1489 2527 1589 2527 1589 2528 1489 2528 1488 2528 1589 2529 1488 2529 1487 2529 1491 2530 1490 2530 1662 2530 1662 2531 1490 2531 1546 2531 1662 2532 1546 2532 1663 2532 1663 2533 1546 2533 1588 2533 1663 2534 1588 2534 1664 2534 1664 2535 1588 2535 1586 2535 1664 2536 1586 2536 1665 2536 1665 2537 1586 2537 1584 2537 1665 2538 1590 2538 1664 2538 1664 2539 1590 2539 1592 2539 1664 2540 1592 2540 1663 2540 1663 2541 1592 2541 1594 2541 1663 2542 1594 2542 1662 2542 1662 2543 1594 2543 1596 2543 1662 2544 1596 2544 1491 2544 1491 2545 1596 2545 1492 2545 1545 2546 1494 2546 1596 2546 1596 2547 1494 2547 1493 2547 1596 2548 1493 2548 1492 2548 1496 2549 1495 2549 1666 2549 1666 2550 1495 2550 1545 2550 1666 2551 1545 2551 1667 2551 1667 2552 1545 2552 1595 2552 1667 2553 1595 2553 1668 2553 1668 2554 1595 2554 1593 2554 1668 2555 1593 2555 1669 2555 1669 2556 1593 2556 1591 2556 1669 2557 1597 2557 1668 2557 1668 2558 1597 2558 1599 2558 1668 2559 1599 2559 1667 2559 1667 2560 1599 2560 1601 2560 1667 2561 1601 2561 1666 2561 1666 2562 1601 2562 1603 2562 1666 2563 1603 2563 1496 2563 1496 2564 1603 2564 1497 2564 1544 2565 1499 2565 1603 2565 1603 2566 1499 2566 1498 2566 1603 2567 1498 2567 1497 2567 1501 2568 1500 2568 1670 2568 1670 2569 1500 2569 1544 2569 1670 2570 1544 2570 1671 2570 1671 2571 1544 2571 1602 2571 1671 2572 1602 2572 1672 2572 1672 2573 1602 2573 1600 2573 1672 2574 1600 2574 1673 2574 1673 2575 1600 2575 1598 2575 1673 2576 1604 2576 1672 2576 1672 2577 1604 2577 1606 2577 1672 2578 1606 2578 1671 2578 1671 2579 1606 2579 1608 2579 1671 2580 1608 2580 1670 2580 1670 2581 1608 2581 1610 2581 1670 2582 1610 2582 1501 2582 1501 2583 1610 2583 1502 2583 1543 2584 1504 2584 1610 2584 1610 2585 1504 2585 1503 2585 1610 2586 1503 2586 1502 2586 1506 2587 1505 2587 1674 2587 1674 2588 1505 2588 1543 2588 1674 2589 1543 2589 1675 2589 1675 2590 1543 2590 1609 2590 1675 2591 1609 2591 1676 2591 1676 2592 1609 2592 1607 2592 1676 2593 1607 2593 1677 2593 1677 2594 1607 2594 1605 2594 1677 2595 1611 2595 1676 2595 1676 2596 1611 2596 1613 2596 1676 2597 1613 2597 1675 2597 1675 2598 1613 2598 1615 2598 1675 2599 1615 2599 1674 2599 1674 2600 1615 2600 1617 2600 1674 2601 1617 2601 1506 2601 1506 2602 1617 2602 1507 2602 1542 2603 1509 2603 1617 2603 1617 2604 1509 2604 1508 2604 1617 2605 1508 2605 1507 2605 1511 2606 1510 2606 1678 2606 1678 2607 1510 2607 1542 2607 1678 2608 1542 2608 1679 2608 1679 2609 1542 2609 1616 2609 1679 2610 1616 2610 1680 2610 1680 2611 1616 2611 1614 2611 1680 2612 1614 2612 1681 2612 1681 2613 1614 2613 1612 2613 1681 2614 1618 2614 1680 2614 1680 2615 1618 2615 1620 2615 1680 2616 1620 2616 1679 2616 1679 2617 1620 2617 1622 2617 1679 2618 1622 2618 1678 2618 1678 2619 1622 2619 1624 2619 1678 2620 1624 2620 1511 2620 1511 2621 1624 2621 1512 2621 1541 2622 1514 2622 1624 2622 1624 2623 1514 2623 1513 2623 1624 2624 1513 2624 1512 2624 1516 2625 1515 2625 1682 2625 1682 2626 1515 2626 1541 2626 1682 2627 1541 2627 1683 2627 1683 2628 1541 2628 1623 2628 1683 2629 1623 2629 1684 2629 1684 2630 1623 2630 1621 2630 1684 2631 1621 2631 1685 2631 1685 2632 1621 2632 1619 2632 1685 2633 1625 2633 1684 2633 1684 2634 1625 2634 1627 2634 1684 2635 1627 2635 1683 2635 1683 2636 1627 2636 1629 2636 1683 2637 1629 2637 1682 2637 1682 2638 1629 2638 1631 2638 1682 2639 1631 2639 1516 2639 1516 2640 1631 2640 1517 2640 1540 2641 1519 2641 1631 2641 1631 2642 1519 2642 1518 2642 1631 2643 1518 2643 1517 2643 1521 2644 1520 2644 1686 2644 1686 2645 1520 2645 1540 2645 1686 2646 1540 2646 1687 2646 1687 2647 1540 2647 1630 2647 1687 2648 1630 2648 1688 2648 1688 2649 1630 2649 1628 2649 1688 2650 1628 2650 1689 2650 1689 2651 1628 2651 1626 2651 1689 2652 1632 2652 1688 2652 1688 2653 1632 2653 1634 2653 1688 2654 1634 2654 1687 2654 1687 2655 1634 2655 1636 2655 1687 2656 1636 2656 1686 2656 1686 2657 1636 2657 1638 2657 1686 2658 1638 2658 1521 2658 1521 2659 1638 2659 1522 2659 1539 2660 1524 2660 1638 2660 1638 2661 1524 2661 1523 2661 1638 2662 1523 2662 1522 2662 1526 2663 1525 2663 1690 2663 1690 2664 1525 2664 1539 2664 1690 2665 1539 2665 1691 2665 1691 2666 1539 2666 1637 2666 1691 2667 1637 2667 1692 2667 1692 2668 1637 2668 1635 2668 1692 2669 1635 2669 1693 2669 1693 2670 1635 2670 1633 2670 1693 2671 1639 2671 1692 2671 1692 2672 1639 2672 1641 2672 1692 2673 1641 2673 1691 2673 1691 2674 1641 2674 1643 2674 1691 2675 1643 2675 1690 2675 1690 2676 1643 2676 1645 2676 1690 2677 1645 2677 1526 2677 1526 2678 1645 2678 1527 2678 1538 2679 1529 2679 1645 2679 1645 2680 1529 2680 1528 2680 1645 2681 1528 2681 1527 2681 1531 2682 1530 2682 1694 2682 1694 2683 1530 2683 1538 2683 1694 2684 1538 2684 1695 2684 1695 2685 1538 2685 1644 2685 1695 2686 1644 2686 1696 2686 1696 2687 1644 2687 1642 2687 1696 2688 1642 2688 1697 2688 1697 2689 1642 2689 1640 2689 1697 2690 1560 2690 1696 2690 1696 2691 1560 2691 1559 2691 1696 2692 1559 2692 1695 2692 1695 2693 1559 2693 1566 2693 1695 2694 1566 2694 1694 2694 1694 2695 1566 2695 1649 2695 1694 2696 1649 2696 1531 2696 1531 2697 1649 2697 1532 2697 1473 2698 1472 2698 1568 2698 1568 2699 1472 2699 1537 2699 1568 2700 1537 2700 1646 2700 1646 2701 1537 2701 1536 2701 1646 2702 1536 2702 1647 2702 1647 2703 1536 2703 1535 2703 1647 2704 1535 2704 1648 2704 1648 2705 1535 2705 1534 2705 1648 2706 1534 2706 1649 2706 1649 2707 1534 2707 1533 2707 1649 2708 1533 2708 1532 2708 866 2709 1689 2709 868 2709 868 2709 1689 2709 1626 2709 868 2709 1626 2709 870 2709 870 2709 1626 2709 1625 2709 870 2709 1625 2709 872 2709 872 2709 1625 2709 1685 2709 872 2709 1685 2709 874 2709 874 2709 1685 2709 1619 2709 874 2709 1619 2709 876 2709 876 2709 1619 2709 1618 2709 876 2709 1618 2709 878 2709 878 2709 1618 2709 1681 2709 878 2709 1681 2709 880 2709 880 2709 1681 2709 1612 2709 880 2709 1612 2709 882 2709 882 2709 1612 2709 1611 2709 882 2709 1611 2709 884 2709 884 2709 1611 2709 1677 2709 884 2709 1677 2709 886 2709 886 2709 1677 2709 1605 2709 886 2709 1605 2709 888 2709 888 2709 1605 2709 1604 2709 888 2709 1604 2709 890 2709 890 2709 1604 2709 1673 2709 890 2709 1673 2709 892 2709 892 2709 1673 2709 1598 2709 892 2709 1598 2709 894 2709 894 2709 1598 2709 1597 2709 894 2709 1597 2709 896 2709 896 2709 1597 2709 1669 2709 896 2709 1669 2709 898 2709 898 2709 1669 2709 1591 2709 898 2709 1591 2709 900 2709 900 2709 1591 2709 1590 2709 900 2709 1590 2709 902 2709 902 2709 1590 2709 1665 2709 902 2709 1665 2709 904 2709 904 2709 1665 2709 1584 2709 904 2709 1584 2709 906 2709 1584 2709 1583 2709 906 2709 906 2709 1583 2709 1661 2709 906 2709 1661 2709 908 2709 908 2709 1661 2709 1577 2709 908 2709 1577 2709 910 2709 910 2709 1577 2709 1576 2709 910 2709 1576 2709 912 2709 912 2709 1576 2709 1657 2709 912 2709 1657 2709 914 2709 914 2709 1657 2709 1570 2709 914 2709 1570 2709 916 2709 916 2709 1570 2709 1569 2709 916 2709 1569 2709 918 2709 918 2709 1569 2709 1653 2709 918 2709 1653 2709 920 2709 920 2709 1653 2709 1549 2709 920 2709 1549 2709 922 2709 922 2709 1549 2709 1552 2709 922 2709 1552 2709 924 2709 924 2709 1552 2709 1554 2709 924 2709 1554 2709 850 2709 850 2709 1554 2709 1556 2709 850 2709 1556 2709 852 2709 852 2709 1556 2709 1558 2709 852 2709 1558 2709 854 2709 854 2709 1558 2709 1560 2709 854 2709 1560 2709 856 2709 856 2709 1560 2709 1697 2709 856 2709 1697 2709 858 2709 858 2709 1697 2709 1640 2709 858 2709 1640 2709 860 2709 860 2709 1640 2709 1639 2709 860 2709 1639 2709 862 2709 862 2709 1639 2709 1693 2709 862 2709 1693 2709 864 2709 864 2709 1693 2709 1633 2709 864 2709 1633 2709 866 2709 866 2709 1633 2709 1632 2709 866 2709 1632 2709 1689 2709 1698 2710 1699 2710 1700 2710 1700 2711 1699 2711 1701 2711 1702 2712 1703 2712 1704 2712 1704 2713 1703 2713 1705 2713 1704 2714 1705 2714 1706 2714 1702 2715 1707 2715 1703 2715 1703 2716 1707 2716 1708 2716 1703 2717 1708 2717 1709 2717 1709 2718 1708 2718 1710 2718 1711 2719 1712 2719 1713 2719 1713 2720 1712 2720 1709 2720 1713 2721 1709 2721 1714 2721 1715 2722 1716 2722 1717 2722 1717 2723 1716 2723 1718 2723 1717 2724 1718 2724 1719 2724 1720 2725 1721 2725 1699 2725 1710 2726 1722 2726 1709 2726 1709 2727 1722 2727 1723 2727 1709 2728 1723 2728 1714 2728 1714 2729 1723 2729 1724 2729 1714 2730 1724 2730 1701 2730 1701 2731 1724 2731 1725 2731 1701 2732 1725 2732 1700 2732 1726 2733 1727 2733 1728 2733 1728 2734 1727 2734 1729 2734 1698 2735 1730 2735 1699 2735 1699 2736 1730 2736 1704 2736 1699 2737 1704 2737 1720 2737 1720 2738 1704 2738 1706 2738 1720 2739 1706 2739 1731 2739 1732 2740 1733 2740 1726 2740 1726 2741 1733 2741 1734 2741 1726 2742 1734 2742 1735 2742 1735 2743 1734 2743 1736 2743 1735 2744 1736 2744 1737 2744 1737 2744 1736 2744 1738 2744 1737 2745 1738 2745 1720 2745 1720 2746 1738 2746 1739 2746 1720 2747 1739 2747 1721 2747 1740 2748 1741 2748 1742 2748 1715 2749 1717 2749 1743 2749 1743 2750 1717 2750 1744 2750 1743 2751 1744 2751 1745 2751 1718 2752 1746 2752 1719 2752 1719 2753 1746 2753 1747 2753 1719 2754 1747 2754 1748 2754 1748 2755 1747 2755 1728 2755 1748 2756 1728 2756 1749 2756 1749 2757 1728 2757 1729 2757 1750 2758 1742 2758 1751 2758 1751 2759 1742 2759 1732 2759 1751 2760 1732 2760 1752 2760 1752 2761 1732 2761 1726 2761 1752 2762 1726 2762 1753 2762 1753 2763 1726 2763 1728 2763 1750 2764 1754 2764 1742 2764 1742 2765 1754 2765 1743 2765 1742 2766 1743 2766 1740 2766 1740 2767 1743 2767 1745 2767 1740 2768 1745 2768 1755 2768 1701 2769 1756 2769 1714 2769 1714 2770 1756 2770 1757 2770 1714 2771 1757 2771 1758 2771 1758 2772 1757 2772 1759 2772 1758 2744 1759 2744 1760 2744 1760 2744 1759 2744 1761 2744 1760 2773 1761 2773 1740 2773 1740 2774 1761 2774 1762 2774 1740 2775 1762 2775 1741 2775 1763 2776 1764 2776 1765 2776 1763 2776 1765 2776 1766 2776 1767 2776 1768 2776 1769 2776 1769 2776 1768 2776 1770 2776 1769 2776 1770 2776 1771 2776 1771 2776 1770 2776 1772 2776 1771 2776 1772 2776 1773 2776 1773 2776 1772 2776 1766 2776 1773 2776 1766 2776 1774 2776 1774 2776 1766 2776 1765 2776 1775 2777 1703 2777 1776 2777 1777 2777 1778 2777 1779 2777 1777 2777 1779 2777 1709 2777 1775 2777 1776 2777 1780 2777 1781 2777 1782 2777 1783 2777 1779 2777 1784 2777 1709 2777 1709 2777 1784 2777 1785 2777 1709 2777 1785 2777 1703 2777 1703 2777 1785 2777 1786 2777 1703 2777 1786 2777 1776 2777 1783 2777 1787 2777 1781 2777 1781 2777 1787 2777 1788 2777 1781 2777 1788 2777 1789 2777 1789 2777 1788 2777 1780 2777 1789 2777 1780 2777 1790 2777 1790 2777 1780 2777 1776 2777 1791 2778 1792 2778 1793 2778 1793 2779 1792 2779 1794 2779 1793 2780 1794 2780 1795 2780 1791 2781 1793 2781 1796 2781 1796 2782 1793 2782 1797 2782 1796 2783 1797 2783 1798 2783 1798 2784 1797 2784 1799 2784 1798 2785 1799 2785 1800 2785 1801 2786 1802 2786 1799 2786 1799 2787 1802 2787 1803 2787 1799 2788 1803 2788 1800 2788 1804 2789 1805 2789 1806 2789 1806 2790 1805 2790 1807 2790 1806 2791 1807 2791 1808 2791 1808 2792 1807 2792 1809 2792 1808 2793 1809 2793 1801 2793 1801 2794 1809 2794 1810 2794 1801 2795 1810 2795 1802 2795 1804 2796 1806 2796 1811 2796 1811 2797 1806 2797 1812 2797 1811 2798 1812 2798 1813 2798 1813 2799 1812 2799 1814 2799 1813 2800 1814 2800 1815 2800 1815 2801 1814 2801 1816 2801 1816 2802 1814 2802 1817 2802 1816 2803 1817 2803 1818 2803 1819 2804 1820 2804 1817 2804 1817 2805 1820 2805 1821 2805 1817 2806 1821 2806 1818 2806 1794 2807 1822 2807 1795 2807 1795 2808 1822 2808 1823 2808 1795 2809 1823 2809 1824 2809 1824 2810 1823 2810 1825 2810 1824 2811 1825 2811 1819 2811 1819 2812 1825 2812 1826 2812 1819 2813 1826 2813 1820 2813 1827 2785 1828 2785 1829 2785 1829 2788 1828 2788 1830 2788 1829 2814 1830 2814 1831 2814 1827 2815 1829 2815 1832 2815 1832 2816 1829 2816 1833 2816 1832 2817 1833 2817 1834 2817 1834 2818 1833 2818 1835 2818 1834 2778 1835 2778 1836 2778 1837 2819 1838 2819 1835 2819 1835 2820 1838 2820 1839 2820 1835 2779 1839 2779 1836 2779 1840 2821 1841 2821 1842 2821 1842 2813 1841 2813 1843 2813 1842 2822 1843 2822 1844 2822 1844 2823 1843 2823 1845 2823 1844 2824 1845 2824 1837 2824 1837 2825 1845 2825 1846 2825 1837 2808 1846 2808 1838 2808 1840 2826 1842 2826 1847 2826 1847 2804 1842 2804 1848 2804 1847 2803 1848 2803 1849 2803 1849 2827 1848 2827 1850 2827 1849 2801 1850 2801 1851 2801 1851 2800 1850 2800 1852 2800 1852 2828 1850 2828 1853 2828 1852 2798 1853 2798 1854 2798 1855 2797 1856 2797 1853 2797 1853 2829 1856 2829 1857 2829 1853 2830 1857 2830 1854 2830 1830 2831 1858 2831 1831 2831 1831 2795 1858 2795 1859 2795 1831 2832 1859 2832 1860 2832 1860 2833 1859 2833 1861 2833 1860 2834 1861 2834 1855 2834 1855 2835 1861 2835 1862 2835 1855 2790 1862 2790 1856 2790 1863 2836 1864 2836 1865 2836 1865 2836 1864 2836 1866 2836 1865 2837 1866 2837 1867 2837 1867 2837 1866 2837 1868 2837 1867 2838 1868 2838 1869 2838 1869 2838 1868 2838 1870 2838 1869 2839 1870 2839 1871 2839 1871 2839 1870 2839 1872 2839 1873 2776 1874 2776 1875 2776 1875 2776 1874 2776 1876 2776 1875 2776 1876 2776 1877 2776 1878 2776 1879 2776 1880 2776 1880 2776 1879 2776 1881 2776 1880 2776 1881 2776 1882 2776 1882 2776 1881 2776 1883 2776 1882 2776 1883 2776 1873 2776 1873 2776 1883 2776 1884 2776 1873 2776 1884 2776 1874 2776 1880 2776 1885 2776 1878 2776 1878 2776 1885 2776 1886 2776 1878 2776 1886 2776 1887 2776 1887 2776 1886 2776 1888 2776 1887 2776 1888 2776 1889 2776 1889 2776 1888 2776 1890 2776 1889 2776 1890 2776 1891 2776 1891 2776 1890 2776 1892 2776 1876 2776 1893 2776 1877 2776 1877 2776 1893 2776 1894 2776 1877 2776 1894 2776 1895 2776 1895 2776 1894 2776 1896 2776 1895 2776 1896 2776 1897 2776 1897 2776 1896 2776 1898 2776 1897 2776 1898 2776 1899 2776 1899 2776 1898 2776 1900 2776 1899 2776 1900 2776 1890 2776 1890 2776 1900 2776 1901 2776 1890 2776 1901 2776 1892 2776 1892 2776 1901 2776 1902 2776 1892 2776 1902 2776 1903 2776 1904 2776 1905 2776 1906 2776 1906 2776 1905 2776 1907 2776 1907 2776 1905 2776 1908 2776 1908 2776 1905 2776 1909 2776 1908 2776 1909 2776 1910 2776 1910 2776 1909 2776 1911 2776 1911 2776 1909 2776 1912 2776 1911 2776 1912 2776 1903 2776 1903 2776 1912 2776 1913 2776 1903 2776 1913 2776 1892 2776 1914 2777 1915 2777 1916 2777 1917 2777 1918 2777 1919 2777 1920 2777 1921 2777 1922 2777 1922 2777 1921 2777 1923 2777 1920 2777 1922 2777 1924 2777 1924 2777 1922 2777 1925 2777 1924 2777 1925 2777 1926 2777 1919 2777 1918 2777 1916 2777 1916 2777 1918 2777 1927 2777 1916 2777 1927 2777 1914 2777 1919 2777 1928 2777 1917 2777 1917 2777 1928 2777 1929 2777 1917 2777 1929 2777 1930 2777 1930 2777 1929 2777 1931 2777 1930 2777 1931 2777 1932 2777 1932 2777 1931 2777 1933 2777 1921 2777 1934 2777 1923 2777 1923 2777 1934 2777 1935 2777 1923 2777 1935 2777 1933 2777 1933 2777 1935 2777 1936 2777 1933 2777 1936 2777 1932 2777 1926 2777 1925 2777 1937 2777 1937 2777 1925 2777 1938 2777 1937 2777 1938 2777 1939 2777 1939 2777 1938 2777 1940 2777 1940 2777 1938 2777 1941 2777 1940 2777 1941 2777 1942 2777 1942 2777 1941 2777 1943 2777 1943 2777 1941 2777 1944 2777 1943 2777 1944 2777 1945 2777 1945 2777 1944 2777 1916 2777 1945 2777 1916 2777 1946 2777 1946 2777 1916 2777 1915 2777 1946 2777 1915 2777 1947 2777 1915 2777 1948 2777 1947 2777 1947 2777 1948 2777 1949 2777 1947 2777 1949 2777 1950 2777 1950 2777 1949 2777 1951 2777 1952 2777 1953 2777 1954 2777 1954 2777 1953 2777 1955 2777 1954 2777 1955 2777 1951 2777 1951 2777 1955 2777 1956 2777 1951 2777 1956 2777 1950 2777 1957 2840 1958 2840 1959 2840 1959 2840 1958 2840 1960 2840 1959 2841 1960 2841 1961 2841 1961 2841 1960 2841 1962 2841 1961 2842 1962 2842 1963 2842 1963 2842 1962 2842 1964 2842 1963 2843 1964 2843 1965 2843 1965 2843 1964 2843 1966 2843 1967 2777 1968 2777 1969 2777 1969 2777 1968 2777 1970 2777 1969 2777 1970 2777 1971 2777 1972 2777 1973 2777 1974 2777 1974 2777 1973 2777 1975 2777 1974 2777 1975 2777 1976 2777 1976 2777 1975 2777 1977 2777 1976 2777 1977 2777 1978 2777 1979 2777 1980 2777 1981 2777 1981 2777 1980 2777 1982 2777 1983 2777 1984 2777 1977 2777 1977 2777 1984 2777 1985 2777 1977 2777 1985 2777 1978 2777 1986 2777 1987 2777 1988 2777 1972 2777 1981 2777 1973 2777 1973 2777 1981 2777 1982 2777 1973 2777 1982 2777 1989 2777 1989 2777 1982 2777 1990 2777 1989 2777 1990 2777 1991 2777 1991 2777 1990 2777 1992 2777 1993 2777 1988 2777 1991 2777 1991 2777 1988 2777 1987 2777 1991 2777 1987 2777 1994 2777 1995 2777 1996 2777 1997 2777 1998 2777 1999 2777 2000 2777 2000 2777 1999 2777 2001 2777 2000 2777 2001 2777 1983 2777 1983 2777 2001 2777 2002 2777 1983 2777 2002 2777 1984 2777 2003 2777 2004 2777 1998 2777 1998 2777 2004 2777 2005 2777 1998 2777 2005 2777 2006 2777 2006 2777 2005 2777 2007 2777 2007 2777 2005 2777 2008 2777 2007 2777 2008 2777 2009 2777 2009 2777 2008 2777 2010 2777 2009 2777 2010 2777 2011 2777 2011 2777 2010 2777 2012 2777 2011 2777 2012 2777 2013 2777 2013 2777 2012 2777 2014 2777 2013 2777 2014 2777 2015 2777 2015 2777 2014 2777 2016 2777 2015 2777 2016 2777 2017 2777 2017 2777 2016 2777 2018 2777 2017 2777 2018 2777 2019 2777 1979 2777 1981 2777 2020 2777 2020 2777 1981 2777 2021 2777 2020 2777 2021 2777 2022 2777 2003 2777 1998 2777 2023 2777 2023 2777 1998 2777 2000 2777 2023 2777 2000 2777 1967 2777 1967 2777 2000 2777 2024 2777 1967 2777 2024 2777 1968 2777 1997 2777 2025 2777 1995 2777 1995 2777 2025 2777 2026 2777 1995 2777 2026 2777 2027 2777 1992 2777 2028 2777 1991 2777 1991 2777 2028 2777 2029 2777 1991 2777 2029 2777 2030 2777 2030 2777 2031 2777 1991 2777 1991 2777 2031 2777 2032 2777 1991 2777 2032 2777 1993 2777 2025 2777 2033 2777 2026 2777 2026 2777 2033 2777 2034 2777 2026 2777 2034 2777 2035 2777 2035 2777 2034 2777 2036 2777 2035 2777 2036 2777 2021 2777 2021 2777 2036 2777 2037 2777 2021 2777 2037 2777 2022 2777 2019 2777 2018 2777 2038 2777 2038 2777 2018 2777 2039 2777 2038 2777 2039 2777 2040 2777 2040 2777 2039 2777 2041 2777 2040 2777 2041 2777 2042 2777 2043 2777 2044 2777 1995 2777 1995 2777 2044 2777 2045 2777 1995 2777 2045 2777 1996 2777 1987 2777 2046 2777 1994 2777 1994 2777 2046 2777 2047 2777 1994 2777 2047 2777 1971 2777 1971 2777 2047 2777 2048 2777 1971 2777 2048 2777 2049 2777 2049 2777 2050 2777 1971 2777 1971 2777 2050 2777 2051 2777 1971 2777 2051 2777 1969 2777 1969 2777 2051 2777 2052 2777 1969 2777 2052 2777 2053 2777 2053 2777 2052 2777 2042 2777 2053 2777 2042 2777 2054 2777 2054 2777 2042 2777 2041 2777 1988 2777 2055 2777 1986 2777 1986 2777 2055 2777 2056 2777 1986 2777 2056 2777 2043 2777 2043 2777 2056 2777 2057 2777 2043 2777 2057 2777 2044 2777 2058 2844 2059 2844 2060 2844 2060 2845 2059 2845 2061 2845 2062 2846 2059 2846 2063 2846 2062 2847 2064 2847 2059 2847 2059 2848 2064 2848 2065 2848 2059 2849 2065 2849 2061 2849 2066 2850 2067 2850 2068 2850 2068 2851 2067 2851 2069 2851 2068 2852 2069 2852 2070 2852 2070 2853 2069 2853 2071 2853 2070 2854 2071 2854 2072 2854 2068 2855 2073 2855 2066 2855 2066 2856 2073 2856 2074 2856 2066 2857 2074 2857 2061 2857 2061 2857 2074 2857 2075 2857 2061 2858 2075 2858 2060 2858 2072 2859 2071 2859 2076 2859 2076 2860 2071 2860 2077 2860 2076 2861 2077 2861 2078 2861 2078 2862 2077 2862 2079 2862 2078 2863 2079 2863 2080 2863 2080 2864 2079 2864 2081 2864 2080 2865 2081 2865 2082 2865 2082 2866 2081 2866 2083 2866 2082 2867 2083 2867 2084 2867 2084 2868 2083 2868 2085 2868 2084 2869 2085 2869 2086 2869 2086 2870 2085 2870 2087 2870 2086 2871 2087 2871 2088 2871 2089 2872 2090 2872 2091 2872 2091 2873 2090 2873 2092 2873 2091 2874 2092 2874 2093 2874 2087 2875 2094 2875 2088 2875 2088 2876 2094 2876 2095 2876 2088 2877 2095 2877 2096 2877 2096 2878 2095 2878 2097 2878 2096 2879 2097 2879 2098 2879 2098 2879 2097 2879 2099 2879 2098 2880 2099 2880 2100 2880 2100 2880 2099 2880 2101 2880 2100 2881 2101 2881 2102 2881 2102 2882 2101 2882 2103 2882 2102 2883 2103 2883 2104 2883 2104 2884 2103 2884 2105 2884 2104 2885 2105 2885 2106 2885 2106 2886 2105 2886 2107 2886 2106 2887 2107 2887 2108 2887 2108 2888 2107 2888 2109 2888 2108 2889 2109 2889 2089 2889 2089 2890 2109 2890 2110 2890 2089 2891 2110 2891 2090 2891 2111 2892 2112 2892 2113 2892 2111 2893 2113 2893 2114 2893 2114 2894 2113 2894 2115 2894 2114 2895 2115 2895 2116 2895 2093 2896 2092 2896 2115 2896 2115 2897 2092 2897 2117 2897 2115 2898 2117 2898 2116 2898 2112 2899 2111 2899 2118 2899 2118 2900 2111 2900 2119 2900 2118 2901 2119 2901 2120 2901 2121 2902 2122 2902 2123 2902 2124 2903 2125 2903 2122 2903 2122 2904 2125 2904 2126 2904 2122 2905 2126 2905 2123 2905 2119 2906 2127 2906 2120 2906 2120 2907 2127 2907 2128 2907 2120 2908 2128 2908 2129 2908 2129 2909 2128 2909 2130 2909 2129 2910 2130 2910 2123 2910 2123 2911 2130 2911 2131 2911 2123 2912 2131 2912 2121 2912 1735 2913 1737 2913 2132 2913 2132 2914 1737 2914 2133 2914 2132 2915 2133 2915 2134 2915 2134 2916 2133 2916 2124 2916 2124 2917 2133 2917 2135 2917 2124 2918 2135 2918 2136 2918 2136 2919 2137 2919 2124 2919 2124 2920 2137 2920 2138 2920 2124 2921 2138 2921 2125 2921 2139 2922 2140 2922 2141 2922 2141 2922 2140 2922 2142 2922 2141 2923 2142 2923 2143 2923 2143 2923 2142 2923 2144 2923 2143 2924 2144 2924 2145 2924 2145 2924 2144 2924 2146 2924 2145 2925 2146 2925 2147 2925 2147 2925 2146 2925 2148 2925 2147 2926 2148 2926 2149 2926 2149 2926 2148 2926 2150 2926 2149 2927 2150 2927 2063 2927 2063 2927 2150 2927 2151 2927 2063 2846 2151 2846 2062 2846 2152 2928 2153 2928 2154 2928 2154 2928 2153 2928 2155 2928 2156 2929 2157 2929 2158 2929 2159 2929 2160 2929 2161 2929 2162 2930 2163 2930 2164 2930 2165 2931 2166 2931 2167 2931 2168 2932 2169 2932 2163 2932 2163 2933 2169 2933 2170 2933 2163 2934 2170 2934 2164 2934 2166 2935 2171 2935 2167 2935 2167 2936 2171 2936 2169 2936 2167 2937 2169 2937 2172 2937 2172 2938 2169 2938 2168 2938 2173 2939 2174 2939 2175 2939 2175 2939 2174 2939 2176 2939 2175 2940 2176 2940 2161 2940 2161 2940 2176 2940 2156 2940 2161 2929 2156 2929 2159 2929 2159 2929 2156 2929 2158 2929 2159 2941 2158 2941 2177 2941 2177 2941 2158 2941 2178 2941 2177 2942 2178 2942 2179 2942 2179 2942 2178 2942 2180 2942 2179 2943 2180 2943 2181 2943 2181 2943 2180 2943 2182 2943 2181 2944 2182 2944 2164 2944 2164 2944 2182 2944 2183 2944 2164 2945 2183 2945 2162 2945 2184 2946 2185 2946 2167 2946 2167 2947 2185 2947 2186 2947 2167 2948 2186 2948 2165 2948 2165 2949 2186 2949 2187 2949 2165 2950 2187 2950 2188 2950 2189 2951 2190 2951 2186 2951 2186 2952 2190 2952 2191 2952 2186 2953 2191 2953 2187 2953 2186 2954 2192 2954 2189 2954 2189 2955 2192 2955 2193 2955 2189 2956 2193 2956 2194 2956 2194 2957 2193 2957 2195 2957 2194 2958 2195 2958 2196 2958 2196 2958 2195 2958 2197 2958 2196 2959 2197 2959 2198 2959 2198 2959 2197 2959 2199 2959 2198 2960 2199 2960 2200 2960 2200 2960 2199 2960 2201 2960 2200 2961 2201 2961 2202 2961 2202 2962 2201 2962 2203 2962 2203 2963 2201 2963 2204 2963 2203 2964 2204 2964 2205 2964 2204 2965 2206 2965 2205 2965 2205 2966 2206 2966 2207 2966 2205 2967 2207 2967 2208 2967 2208 2968 2207 2968 2209 2968 2208 2969 2209 2969 2210 2969 2210 2970 2209 2970 2211 2970 2210 2971 2211 2971 2212 2971 2212 2972 2211 2972 2213 2972 2214 2973 2215 2973 2213 2973 2213 2974 2215 2974 2216 2974 2213 2975 2216 2975 2212 2975 2217 2976 2218 2976 2214 2976 2214 2977 2218 2977 2219 2977 2214 2978 2219 2978 2215 2978 2217 2979 2220 2979 2218 2979 2218 2980 2220 2980 2221 2980 2218 2981 2221 2981 2222 2981 2222 2982 2221 2982 2223 2982 2222 2983 2223 2983 2224 2983 2224 2984 2223 2984 2225 2984 2226 2985 2227 2985 2228 2985 2228 2986 2229 2986 2226 2986 2226 2987 2229 2987 2230 2987 2226 2988 2230 2988 2231 2988 2231 2989 2230 2989 2232 2989 2226 2990 2233 2990 2227 2990 2227 2991 2233 2991 2234 2991 2227 2992 2234 2992 2235 2992 2235 2993 2234 2993 2236 2993 2235 2994 2236 2994 2237 2994 2237 2995 2236 2995 2238 2995 2237 2996 2238 2996 2239 2996 2239 2997 2238 2997 2240 2997 2239 2998 2240 2998 2241 2998 2241 2999 2240 2999 2242 2999 2241 3000 2242 3000 2225 3000 2225 3001 2242 3001 2243 3001 2225 3002 2243 3002 2224 3002 2244 3003 1758 3003 1760 3003 2230 3004 2245 3004 2232 3004 2232 3005 2245 3005 2244 3005 2232 3006 2244 3006 2246 3006 2246 3007 2244 3007 1760 3007 2247 3008 2248 3008 2249 3008 2250 3009 2251 3009 2252 3009 2247 3010 2249 3010 2253 3010 2253 3011 2249 3011 2254 3011 2253 3012 2254 3012 2255 3012 2256 3008 2257 3008 2258 3008 2258 3013 2257 3013 2252 3013 2258 3014 2252 3014 2259 3014 2259 3015 2252 3015 2251 3015 2255 3016 2260 3016 2253 3016 2253 3017 2260 3017 2261 3017 2253 3018 2261 3018 2252 3018 2252 3018 2261 3018 2262 3018 2252 3019 2262 3019 2250 3019 2263 3020 1873 3020 2264 3020 2264 3020 1873 3020 1875 3020 2264 3021 1875 3021 2265 3021 2265 3021 1875 3021 1877 3021 2265 3022 1877 3022 2266 3022 2266 3022 1877 3022 1895 3022 2266 3023 1895 3023 2267 3023 2267 3023 1895 3023 1897 3023 2267 3024 1897 3024 2268 3024 2268 3024 1897 3024 1899 3024 2268 3025 1899 3025 2269 3025 2269 3025 1899 3025 1890 3025 2269 3026 1890 3026 2270 3026 2270 3026 1890 3026 1888 3026 2270 3027 1888 3027 2271 3027 2271 3027 1888 3027 1886 3027 2271 3028 1886 3028 2272 3028 2272 3028 1886 3028 1885 3028 2272 3029 1885 3029 2273 3029 2273 3029 1885 3029 1880 3029 2273 3030 1880 3030 2274 3030 2274 3030 1880 3030 1882 3030 2274 3031 1882 3031 2263 3031 2263 3031 1882 3031 1873 3031 1923 3020 2275 3020 1922 3020 1922 3020 2275 3020 2276 3020 1922 3021 2276 3021 1925 3021 1925 3021 2276 3021 2277 3021 1925 3022 2277 3022 1938 3022 1938 3022 2277 3022 2278 3022 1938 3023 2278 3023 1941 3023 1941 3023 2278 3023 2279 3023 1941 3024 2279 3024 1944 3024 1944 3024 2279 3024 2280 3024 1944 3025 2280 3025 1916 3025 1916 3025 2280 3025 2281 3025 1916 3026 2281 3026 1919 3026 1919 3026 2281 3026 2282 3026 1919 3027 2282 3027 1928 3027 1928 3027 2282 3027 2283 3027 1928 3028 2283 3028 1929 3028 1929 3028 2283 3028 2284 3028 1929 3029 2284 3029 1931 3029 1931 3029 2284 3029 2285 3029 1931 3030 2285 3030 1933 3030 1933 3030 2285 3030 2286 3030 1933 3031 2286 3031 1923 3031 1923 3031 2286 3031 2275 3031 2287 3032 2288 3032 2289 3032 2289 3033 2288 3033 2290 3033 2289 3034 2290 3034 2291 3034 1765 3035 1764 3035 2292 3035 2292 3036 1764 3036 2293 3036 2292 3037 2293 3037 2294 3037 2294 3038 2293 3038 2287 3038 2294 3039 2287 3039 2295 3039 2295 3040 2287 3040 2289 3040 2296 3041 2297 3041 2298 3041 2298 3042 2297 3042 2299 3042 2298 3043 2299 3043 2300 3043 2300 3044 2299 3044 2301 3044 2300 3045 2301 3045 2302 3045 2302 3046 2301 3046 2303 3046 2302 3047 2303 3047 2304 3047 2304 3048 2303 3048 2305 3048 2306 2776 2307 2776 2308 2776 2308 2776 2307 2776 2309 2776 2308 2776 2309 2776 2310 2776 2310 2776 2309 2776 2311 2776 2312 2776 2313 2776 2314 2776 2315 2776 2316 2776 2317 2776 2317 2776 2316 2776 2312 2776 2317 2776 2312 2776 2318 2776 2318 2776 2312 2776 2314 2776 2310 3049 2311 3049 2319 3049 2289 3050 2291 3050 2320 3050 2320 3051 2291 3051 2321 3051 2320 3052 2321 3052 2322 3052 2310 3053 2319 3053 2323 3053 2323 3054 2319 3054 2324 3054 2323 3055 2324 3055 2325 3055 2325 3056 2324 3056 2326 3056 2325 3057 2326 3057 2327 3057 2327 3058 2326 3058 2328 3058 2327 3059 2328 3059 2329 3059 2329 3060 2328 3060 2320 3060 2329 3061 2320 3061 2330 3061 2331 3062 2332 3062 2333 3062 2333 3063 2332 3063 2334 3063 2333 3064 2334 3064 2322 3064 2322 3065 2334 3065 2335 3065 2322 3066 2335 3066 2320 3066 2320 3067 2335 3067 2336 3067 2320 3068 2336 3068 2330 3068 2337 3069 2338 3069 2339 3069 2339 3070 2338 3070 2340 3070 2339 3071 2340 3071 2341 3071 2341 3072 2340 3072 2332 3072 2341 3073 2332 3073 2342 3073 2342 3074 2332 3074 2331 3074 2343 3075 2344 3075 2345 3075 2345 3076 2344 3076 2346 3076 2345 3077 2346 3077 2347 3077 2347 3078 2346 3078 2348 3078 2348 3079 2346 3079 2349 3079 2348 3080 2349 3080 2350 3080 2350 3081 2349 3081 2351 3081 2350 3082 2351 3082 2352 3082 2352 3083 2351 3083 2353 3083 2352 3084 2353 3084 2354 3084 2354 3085 2353 3085 2355 3085 2354 3086 2355 3086 2356 3086 2356 3087 2355 3087 2357 3087 2356 3088 2357 3088 2358 3088 2358 3089 2357 3089 2359 3089 2359 3090 2357 3090 2316 3090 2359 3091 2316 3091 2315 3091 2360 3092 2361 3092 2362 3092 2363 3093 2344 3093 2343 3093 2364 3094 2365 3094 2361 3094 2361 3095 2365 3095 2366 3095 2361 3096 2366 3096 2362 3096 2343 3097 2360 3097 2363 3097 2363 3098 2360 3098 2362 3098 2363 3099 2362 3099 2367 3099 2367 3100 2362 3100 2368 3100 2367 3101 2368 3101 2369 3101 2369 3102 2368 3102 2370 3102 2369 3103 2370 3103 2371 3103 2371 3104 2370 3104 2372 3104 2371 3105 2372 3105 2373 3105 2338 3106 2337 3106 2374 3106 2374 3107 2337 3107 2375 3107 2374 3108 2375 3108 2376 3108 2376 3109 2375 3109 2365 3109 2376 3110 2365 3110 2377 3110 2377 3111 2365 3111 2364 3111 2378 3112 2307 3112 2306 3112 2306 3113 2379 3113 2378 3113 2378 3114 2379 3114 2380 3114 2378 3115 2380 3115 2381 3115 2381 3116 2380 3116 2382 3116 2381 3117 2382 3117 2383 3117 2384 3118 2385 3118 2313 3118 2313 3119 2385 3119 2386 3119 2313 3120 2386 3120 2387 3120 2383 3121 2388 3121 2381 3121 2381 3122 2388 3122 2389 3122 2381 3123 2389 3123 2390 3123 2391 3124 2392 3124 2393 3124 2393 3125 2392 3125 2390 3125 2393 3126 2390 3126 2394 3126 2394 3127 2390 3127 2389 3127 2387 3128 2395 3128 2313 3128 2313 3129 2395 3129 2396 3129 2313 3130 2396 3130 2314 3130 2314 3131 2396 3131 2397 3131 2314 3132 2397 3132 2398 3132 2391 3133 2399 3133 2392 3133 2392 3134 2399 3134 2400 3134 2392 3135 2400 3135 2401 3135 2401 3136 2400 3136 2402 3136 2401 3137 2402 3137 2403 3137 2403 3138 2402 3138 2404 3138 2403 3139 2404 3139 2405 3139 2405 3140 2404 3140 2406 3140 2405 3141 2406 3141 2407 3141 2407 3142 2406 3142 2314 3142 2407 3143 2314 3143 2408 3143 2408 3144 2314 3144 2398 3144 2390 3145 2409 3145 2381 3145 2381 3146 2409 3146 2410 3146 2381 3147 2410 3147 2411 3147 2410 3148 2412 3148 2411 3148 2411 3149 2412 3149 2413 3149 2411 3150 2413 3150 2414 3150 2414 3151 2413 3151 2415 3151 2414 3152 2415 3152 2416 3152 2416 3153 2415 3153 2417 3153 2417 3154 2415 3154 2418 3154 2417 3155 2418 3155 2419 3155 2419 3156 2418 3156 2420 3156 2419 3157 2420 3157 2421 3157 2421 3158 2420 3158 2422 3158 2421 3159 2422 3159 2423 3159 2424 3160 2425 3160 2426 3160 2426 3161 2425 3161 2427 3161 2426 3162 2427 3162 2428 3162 2428 3163 2427 3163 2429 3163 2428 3164 2429 3164 2430 3164 2430 3165 2429 3165 2431 3165 2430 3166 2431 3166 2432 3166 2432 3167 2431 3167 2433 3167 2432 3168 2433 3168 2434 3168 2434 3169 2433 3169 2435 3169 2434 3170 2435 3170 2384 3170 2384 3171 2435 3171 2436 3171 2384 3172 2436 3172 2385 3172 2437 2777 2438 2777 2439 2777 2439 2777 2438 2777 2440 2777 2439 2777 2440 2777 2441 2777 2441 2777 2440 2777 2442 2777 2443 3173 2444 3173 2445 3173 2445 3174 2444 3174 2446 3174 2445 3175 2446 3175 2447 3175 2447 3176 2446 3176 2448 3176 2447 3177 2448 3177 2449 3177 2449 3178 2448 3178 2450 3178 2449 3179 2450 3179 2451 3179 2451 3180 2450 3180 2452 3180 2451 3181 2452 3181 2453 3181 2454 3182 2455 3182 2456 3182 2456 3183 2455 3183 2457 3183 2456 3184 2457 3184 2458 3184 2458 3185 2457 3185 2459 3185 2458 3186 2459 3186 2460 3186 2460 3187 2459 3187 2443 3187 2460 3188 2443 3188 2461 3188 2461 3189 2443 3189 2445 3189 2462 3190 2463 3190 2464 3190 2464 3191 2463 3191 2465 3191 2464 3192 2465 3192 2466 3192 2466 3192 2465 3192 2467 3192 2466 3193 2467 3193 2468 3193 2468 3193 2467 3193 2469 3193 2468 3194 2469 3194 2470 3194 2470 3194 2469 3194 2471 3194 2470 3195 2471 3195 2472 3195 2472 3195 2471 3195 2473 3195 2472 3196 2473 3196 2474 3196 2474 3197 2473 3197 2475 3197 2474 3198 2475 3198 2476 3198 2476 3199 2475 3199 2477 3199 2476 3200 2477 3200 2478 3200 2478 3200 2477 3200 2479 3200 2478 3201 2479 3201 2480 3201 2480 3201 2479 3201 2481 3201 2480 3202 2481 3202 2482 3202 2482 3202 2481 3202 2483 3202 2482 3203 2483 3203 2484 3203 2484 3203 2483 3203 2485 3203 2484 3204 2485 3204 2462 3204 2462 3205 2485 3205 2463 3205 2248 3206 2247 3206 2486 3206 2486 3206 2247 3206 2487 3206 2486 3207 2487 3207 2488 3207 2488 3207 2487 3207 2489 3207 2488 3208 2489 3208 2490 3208 2490 3208 2489 3208 2491 3208 2490 3209 2491 3209 2492 3209 2492 3209 2491 3209 2493 3209 2492 3210 2493 3210 2494 3210 2494 3210 2493 3210 2495 3210 2494 3211 2495 3211 2496 3211 2496 3211 2495 3211 2497 3211 2496 3212 2497 3212 2498 3212 2498 3212 2497 3212 2499 3212 2498 3213 2499 3213 2500 3213 2500 3213 2499 3213 2501 3213 2500 3214 2501 3214 2502 3214 2502 3214 2501 3214 2503 3214 2502 3215 2503 3215 2504 3215 2504 3215 2503 3215 2505 3215 2504 3216 2505 3216 2506 3216 2506 3216 2505 3216 2507 3216 2506 3217 2507 3217 2152 3217 2152 3217 2507 3217 2153 3217 2508 3218 2509 3218 2510 3218 2510 3219 2509 3219 2511 3219 2510 3220 2511 3220 2512 3220 2512 3216 2511 3216 2513 3216 2512 3221 2513 3221 2514 3221 2514 3222 2513 3222 2515 3222 2514 3223 2515 3223 2516 3223 2516 3214 2515 3214 2517 3214 2516 3224 2517 3224 2518 3224 2518 3225 2517 3225 2519 3225 2518 3226 2519 3226 2520 3226 2520 3212 2519 3212 2521 3212 2520 3227 2521 3227 2522 3227 2522 3228 2521 3228 2523 3228 2522 3229 2523 3229 2524 3229 2524 3210 2523 3210 2525 3210 2524 3230 2525 3230 2526 3230 2526 3231 2525 3231 2527 3231 2526 3232 2527 3232 2528 3232 2528 3208 2527 3208 2529 3208 2528 3233 2529 3233 2530 3233 2530 3234 2529 3234 2531 3234 2530 3235 2531 3235 2256 3235 2256 3206 2531 3206 2257 3206 2532 2928 2533 2928 2508 2928 2508 2928 2533 2928 2509 2928 1717 2776 2534 2776 2535 2776 2535 2776 2534 2776 2536 2776 2535 2776 2536 2776 2537 2776 2538 2776 2371 2776 2373 2776 2539 2776 2540 2776 1719 2776 1719 2776 2540 2776 2541 2776 1719 2776 2541 2776 1717 2776 1717 2776 2541 2776 2542 2776 1717 2776 2542 2776 2534 2776 1719 2776 2543 2776 2539 2776 2539 2776 2543 2776 2544 2776 2539 2776 2544 2776 2545 2776 2545 2776 2544 2776 2538 2776 2545 2776 2538 2776 2546 2776 2546 2776 2538 2776 2373 2776 2547 2777 2548 2777 2549 2777 2304 2777 2305 2777 2550 2777 2550 2777 2305 2777 2551 2777 2550 2777 2551 2777 2552 2777 2552 2777 2551 2777 2553 2777 2552 2777 2553 2777 2554 2777 2554 2777 2553 2777 2555 2777 2554 2777 2555 2777 2549 2777 2549 2777 2555 2777 2556 2777 2549 2777 2556 2777 2547 2777 2557 2777 2451 2777 2453 2777 2558 2777 2559 2777 2560 2777 2560 2777 2559 2777 2557 2777 2560 2777 2557 2777 2561 2777 2561 2777 2557 2777 2453 2777 2562 3236 2563 3236 2559 3236 2564 3237 2558 3237 2565 3237 2565 3238 2558 3238 2566 3238 2567 3239 2568 3239 2569 3239 2569 3240 2568 3240 2570 3240 2570 3241 2568 3241 2571 3241 2570 3242 2571 3242 2566 3242 2566 3243 2571 3243 2572 3243 2566 3244 2572 3244 2565 3244 2564 3245 2573 3245 2558 3245 2558 3246 2573 3246 2574 3246 2558 3247 2574 3247 2559 3247 2559 3248 2574 3248 2575 3248 2559 3249 2575 3249 2562 3249 2563 3250 2576 3250 2559 3250 2559 3251 2576 3251 2577 3251 2559 3252 2577 3252 2578 3252 2578 3253 2577 3253 2579 3253 2578 3254 2579 3254 2580 3254 2580 3255 2579 3255 2581 3255 2580 3256 2581 3256 2582 3256 2582 3257 2581 3257 2583 3257 2582 3258 2583 3258 2584 3258 2584 3259 2583 3259 2585 3259 2584 3260 2585 3260 2586 3260 2586 3261 2585 3261 2587 3261 2586 3262 2587 3262 2588 3262 2588 3263 2587 3263 2589 3263 2588 3264 2589 3264 2590 3264 2569 3265 2591 3265 2567 3265 2567 3266 2591 3266 2592 3266 2567 3267 2592 3267 2593 3267 2594 3268 2595 3268 2596 3268 2592 3269 2597 3269 2593 3269 2593 3270 2597 3270 2598 3270 2593 3271 2598 3271 2599 3271 2594 3272 2596 3272 2600 3272 2441 3273 2442 3273 2601 3273 2601 3274 2442 3274 2602 3274 2601 3275 2602 3275 2603 3275 2603 3276 2602 3276 2596 3276 2603 3277 2596 3277 2604 3277 2604 3278 2596 3278 2595 3278 2596 3279 2605 3279 2606 3279 2599 3280 2600 3280 2593 3280 2593 3281 2600 3281 2596 3281 2593 3282 2596 3282 2607 3282 2607 3283 2596 3283 2606 3283 2608 3284 2609 3284 2610 3284 2610 3285 2611 3285 2608 3285 2608 3286 2611 3286 2612 3286 2608 3287 2612 3287 2613 3287 2613 3288 2612 3288 2614 3288 2613 3289 2614 3289 2615 3289 2615 3290 2614 3290 2616 3290 2615 3291 2616 3291 2617 3291 2617 3292 2616 3292 2618 3292 2617 3293 2618 3293 2605 3293 2605 3294 2618 3294 2619 3294 2605 3295 2619 3295 2606 3295 2620 3296 2621 3296 2622 3296 2620 3297 2622 3297 2623 3297 2622 3298 2624 3298 2623 3298 2623 3299 2624 3299 2625 3299 2623 3300 2625 3300 2626 3300 2625 3301 2627 3301 2626 3301 2626 3302 2627 3302 2628 3302 2626 3303 2628 3303 2629 3303 2629 3304 2628 3304 2630 3304 2629 3305 2630 3305 2631 3305 2631 3306 2630 3306 2632 3306 2296 3307 2298 3307 2633 3307 2633 3308 2298 3308 2632 3308 2633 3309 2632 3309 2634 3309 2634 3310 2632 3310 2630 3310 2438 3311 2437 3311 2635 3311 2635 3312 2437 3312 2636 3312 2635 3313 2636 3313 2637 3313 2637 3314 2636 3314 2638 3314 2637 3315 2638 3315 2639 3315 2639 3316 2638 3316 2640 3316 2639 3317 2640 3317 2641 3317 2641 3318 2640 3318 2642 3318 2641 3319 2642 3319 2632 3319 2632 3320 2642 3320 2643 3320 2632 3321 2643 3321 2631 3321 2644 3322 1783 3322 1782 3322 2645 3323 2454 3323 2456 3323 2646 3324 2647 3324 2648 3324 2648 3325 2647 3325 2649 3325 2648 3326 2649 3326 2621 3326 2621 3327 2649 3327 2622 3327 2646 3328 2650 3328 2647 3328 2647 3329 2650 3329 2651 3329 2647 3330 2651 3330 2652 3330 2652 3331 2651 3331 2653 3331 2652 3332 2653 3332 2654 3332 2654 3333 2653 3333 2645 3333 2654 3334 2645 3334 2655 3334 2655 3335 2645 3335 2456 3335 2644 3336 1782 3336 2656 3336 1782 3337 2657 3337 2656 3337 2656 3338 2657 3338 2658 3338 2656 3339 2658 3339 2655 3339 2655 3340 2658 3340 2659 3340 2655 3341 2659 3341 2654 3341 2660 3342 2661 3342 2662 3342 2662 3343 2661 3343 2663 3343 2662 3344 2663 3344 2664 3344 2665 3345 2666 3345 2667 3345 2667 3346 2666 3346 2668 3346 2667 3347 2668 3347 2669 3347 2669 3348 2668 3348 2661 3348 2669 3349 2661 3349 2670 3349 2670 3350 2661 3350 2660 3350 2671 2776 2672 2776 2673 2776 2671 2776 2674 2776 2672 2776 2672 2776 2674 2776 2675 2776 2672 2776 2675 2776 2676 2776 2677 2776 2678 2776 2679 2776 2679 2776 2678 2776 2680 2776 2679 2776 2680 2776 2673 2776 2673 2776 2680 2776 2681 2776 2673 2776 2681 2776 2671 2776 2677 2776 2679 2776 2682 2776 2682 2776 2679 2776 2683 2776 2682 2776 2683 2776 2684 2776 2685 2776 2686 2776 2687 2776 2687 2776 2686 2776 2688 2776 2689 2776 2676 2776 2690 2776 2690 2776 2676 2776 2675 2776 2690 2776 2675 2776 2691 2776 2691 2776 2675 2776 2692 2776 2691 2776 2692 2776 2693 2776 2693 2776 2692 2776 2694 2776 2693 2776 2694 2776 2695 2776 2695 2776 2694 2776 2696 2776 2695 2776 2696 2776 2697 2776 2698 2776 2699 2776 2700 2776 2689 2776 2701 2776 2676 2776 2676 2776 2701 2776 2702 2776 2676 2776 2702 2776 2703 2776 2703 2776 2702 2776 2704 2776 2703 2776 2704 2776 2705 2776 2706 2776 2707 2776 2708 2776 2708 2776 2707 2776 2709 2776 2710 2776 2711 2776 2712 2776 2700 2776 2703 2776 2698 2776 2698 2776 2703 2776 2705 2776 2698 2776 2705 2776 2713 2776 2713 2776 2705 2776 2714 2776 2713 2776 2714 2776 2715 2776 2715 2776 2714 2776 2716 2776 2715 2776 2716 2776 2717 2776 2717 2776 2716 2776 2718 2776 2717 2776 2718 2776 2719 2776 2719 2776 2718 2776 2720 2776 2719 2776 2720 2776 2721 2776 2721 2776 2720 2776 2722 2776 2721 2776 2722 2776 2723 2776 2723 2776 2722 2776 2724 2776 2723 2776 2724 2776 2725 2776 2725 2776 2724 2776 2697 2776 2725 2776 2697 2776 2726 2776 2726 2776 2697 2776 2696 2776 2710 2776 2727 2776 2728 2776 2685 2776 2729 2776 2730 2776 2706 2776 2686 2776 2707 2776 2707 2776 2686 2776 2685 2776 2707 2776 2685 2776 2731 2776 2731 2776 2685 2776 2730 2776 2699 2776 2732 2776 2700 2776 2700 2776 2732 2776 2733 2776 2700 2776 2733 2776 2685 2776 2685 2776 2733 2776 2734 2776 2685 2776 2734 2776 2729 2776 2735 2776 2736 2776 2737 2776 2737 2776 2736 2776 2738 2776 2710 2776 2728 2776 2711 2776 2711 2776 2728 2776 2739 2776 2711 2776 2739 2776 2740 2776 2686 2776 2741 2776 2688 2776 2688 2776 2741 2776 2742 2776 2688 2776 2742 2776 2743 2776 2743 2776 2742 2776 2744 2776 2743 2776 2744 2776 2745 2776 2745 2776 2744 2776 2746 2776 2745 2776 2746 2776 2747 2776 2684 2776 2683 2776 2748 2776 2748 2776 2683 2776 2745 2776 2748 2776 2745 2776 2737 2776 2737 2776 2745 2776 2747 2776 2737 2776 2747 2776 2735 2776 2712 2776 2749 2776 2710 2776 2710 2776 2749 2776 2750 2776 2710 2776 2750 2776 2751 2776 2751 2776 2750 2776 2752 2776 2751 2776 2752 2776 2709 2776 2709 2776 2752 2776 2753 2776 2709 2776 2753 2776 2708 2776 2738 2776 2754 2776 2737 2776 2737 2776 2754 2776 2755 2776 2737 2776 2755 2776 2756 2776 2755 2776 2757 2776 2756 2776 2756 2776 2757 2776 2758 2776 2756 2776 2758 2776 2759 2776 2759 2776 2758 2776 2760 2776 2759 2776 2760 2776 2761 2776 2761 2776 2760 2776 2762 2776 2761 2776 2762 2776 2739 2776 2739 2776 2762 2776 2763 2776 2739 2776 2763 2776 2740 2776 2764 3351 2765 3351 2766 3351 2766 3352 2765 3352 2767 3352 2766 3353 2767 3353 2768 3353 2768 3354 2767 3354 2769 3354 2764 3355 2770 3355 2765 3355 2765 3356 2770 3356 2771 3356 2765 3357 2771 3357 2772 3357 2772 3358 2771 3358 2773 3358 2772 3359 2773 3359 2774 3359 2775 3360 2776 3360 2777 3360 2777 3361 2776 3361 2778 3361 2777 3362 2778 3362 2779 3362 2779 3363 2778 3363 2780 3363 2781 3364 2782 3364 2783 3364 2783 3365 2782 3365 2784 3365 2783 3366 2784 3366 2776 3366 2775 3367 2785 3367 2776 3367 2776 3368 2785 3368 2786 3368 2776 3369 2786 3369 2783 3369 2783 3370 2786 3370 2787 3370 2783 3371 2787 3371 2788 3371 2788 3372 2787 3372 2789 3372 2788 3373 2789 3373 2790 3373 2791 3374 2792 3374 2793 3374 2793 3375 2792 3375 2794 3375 2795 3376 2796 3376 2793 3376 2793 3377 2796 3377 2797 3377 2793 3378 2797 3378 2798 3378 2799 3379 2795 3379 2800 3379 2800 3380 2801 3380 2799 3380 2799 3381 2801 3381 2802 3381 2799 3382 2802 3382 2803 3382 2794 3383 2804 3383 2793 3383 2793 3384 2804 3384 2805 3384 2793 3385 2805 3385 2795 3385 2795 3386 2805 3386 2806 3386 2795 3387 2806 3387 2800 3387 2807 2776 2808 2776 2809 2776 2807 2776 2809 2776 2810 2776 2811 2776 2812 2776 2807 2776 2807 2776 2812 2776 2813 2776 2807 2776 2813 2776 2808 2776 2814 2776 2815 2776 2816 2776 2816 2776 2815 2776 2817 2776 2809 2776 2818 2776 2810 2776 2810 2776 2818 2776 2819 2776 2810 2776 2819 2776 2820 2776 2820 2776 2819 2776 2821 2776 2820 2776 2821 2776 2814 2776 2814 2776 2821 2776 2822 2776 2814 2776 2822 2776 2815 2776 2823 2776 2824 2776 2825 2776 2825 2776 2824 2776 2826 2776 2825 2776 2826 2776 2827 2776 2827 2776 2826 2776 2828 2776 2827 2776 2828 2776 2811 2776 2811 2776 2828 2776 2829 2776 2811 2776 2829 2776 2812 2776 2823 2776 2825 2776 2830 2776 2830 2776 2825 2776 2831 2776 2830 2776 2831 2776 2832 2776 2832 2776 2831 2776 2833 2776 2832 2776 2833 2776 2834 2776 2834 2776 2833 2776 2835 2776 2835 2776 2833 2776 2836 2776 2835 2776 2836 2776 2837 2776 2817 2776 2838 2776 2816 2776 2816 2776 2838 2776 2839 2776 2816 2776 2839 2776 2840 2776 2840 2776 2839 2776 2841 2776 2840 2776 2841 2776 2836 2776 2836 2776 2841 2776 2842 2776 2836 2776 2842 2776 2837 2776 2843 2777 2844 2777 2845 2777 2845 2777 2844 2777 2846 2777 2845 2777 2846 2777 2847 2777 2848 2777 2849 2777 2850 2777 2850 2777 2849 2777 2851 2777 2850 2777 2851 2777 2852 2777 2843 2777 2845 2777 2853 2777 2853 2777 2845 2777 2854 2777 2853 2777 2854 2777 2855 2777 2855 2777 2854 2777 2856 2777 2855 2777 2856 2777 2857 2777 2857 2777 2856 2777 2858 2777 2858 2777 2856 2777 2859 2777 2858 2777 2859 2777 2860 2777 2851 2777 2861 2777 2852 2777 2852 2777 2861 2777 2862 2777 2852 2777 2862 2777 2863 2777 2863 2777 2862 2777 2864 2777 2863 2777 2864 2777 2859 2777 2859 2777 2864 2777 2865 2777 2859 2777 2865 2777 2860 2777 2848 2777 2850 2777 2866 2777 2866 2777 2850 2777 2867 2777 2866 2777 2867 2777 2868 2777 2868 2777 2867 2777 2869 2777 2868 2777 2869 2777 2870 2777 2871 2777 2872 2777 2869 2777 2869 2777 2872 2777 2873 2777 2869 2777 2873 2777 2870 2777 2846 2777 2874 2777 2847 2777 2847 2777 2874 2777 2875 2777 2847 2777 2875 2777 2876 2777 2876 2777 2875 2777 2877 2777 2876 2777 2877 2777 2871 2777 2871 2777 2877 2777 2878 2777 2871 2777 2878 2777 2872 2777 2879 3388 2880 3388 2881 3388 2881 3389 2880 3389 2882 3389 2881 3390 2882 3390 2883 3390 2883 3391 2882 3391 2884 3391 2883 3392 2884 3392 2885 3392 2885 3393 2884 3393 2886 3393 2885 3394 2886 3394 2887 3394 2887 3395 2886 3395 2888 3395 2889 3396 2890 3396 2891 3396 2891 3396 2890 3396 2892 3396 2891 3397 2892 3397 2893 3397 2893 3397 2892 3397 2894 3397 2893 3398 2894 3398 2895 3398 2895 3398 2894 3398 2896 3398 2895 3399 2896 3399 2897 3399 2897 3399 2896 3399 2898 3399 2897 3400 2898 3400 2879 3400 2879 3400 2898 3400 2880 3400 2899 3401 2900 3401 2901 3401 2899 3402 2901 3402 2902 3402 2902 3403 2901 3403 2890 3403 2902 3404 2890 3404 2889 3404 2903 3405 2904 3405 2899 3405 2899 3405 2904 3405 2900 3405 2905 3406 2906 3406 2907 3406 2907 3406 2906 3406 2908 3406 2907 3407 2908 3407 2903 3407 2903 3407 2908 3407 2904 3407 2909 3408 2910 3408 2911 3408 2911 3408 2910 3408 2912 3408 2911 3409 2912 3409 2913 3409 2913 3409 2912 3409 2914 3409 2913 3410 2914 3410 2915 3410 2915 3410 2914 3410 2916 3410 2915 3411 2916 3411 2917 3411 2917 3411 2916 3411 2918 3411 2917 3412 2918 3412 2919 3412 2919 3412 2918 3412 2920 3412 2919 3413 2920 3413 2905 3413 2905 3413 2920 3413 2906 3413 2921 3414 2922 3414 2923 3414 2921 3415 2923 3415 2924 3415 2924 3416 2923 3416 2910 3416 2924 3417 2910 3417 2909 3417 2887 3418 2888 3418 2925 3418 2925 3418 2888 3418 2926 3418 2925 3419 2926 3419 2927 3419 2927 3419 2926 3419 2928 3419 2927 3420 2928 3420 2929 3420 2929 3420 2928 3420 2930 3420 2929 3421 2930 3421 2921 3421 2921 3421 2930 3421 2922 3421 2931 2777 2932 2777 2933 2777 2933 2777 2932 2777 2934 2777 2933 2777 2934 2777 2935 2777 2936 2777 2937 2777 2938 2777 2938 2777 2937 2777 2939 2777 2938 2777 2939 2777 2932 2777 2932 2777 2939 2777 2940 2777 2932 2777 2940 2777 2934 2777 2941 3422 2942 3422 2943 3422 2943 3423 2942 3423 2944 3423 2943 3424 2944 3424 2945 3424 2945 3425 2944 3425 2946 3425 2947 3426 2948 3426 2949 3426 2949 3427 2950 3427 2947 3427 2947 3428 2950 3428 2951 3428 2947 3429 2951 3429 2946 3429 2946 3430 2951 3430 2952 3430 2946 3431 2952 3431 2945 3431 2953 3432 2954 3432 2955 3432 2953 3433 2955 3433 2956 3433 2956 3434 2955 3434 2957 3434 2956 3435 2957 3435 2958 3435 2957 3436 2959 3436 2958 3436 2958 3437 2959 3437 2960 3437 2958 3438 2960 3438 2961 3438 2961 3439 2960 3439 2962 3439 2961 3440 2962 3440 2948 3440 2948 3441 2962 3441 2963 3441 2948 3442 2963 3442 2949 3442 2954 3443 2953 3443 2964 3443 2964 3444 2953 3444 2965 3444 2964 3445 2965 3445 2966 3445 2966 3446 2965 3446 2967 3446 2966 3447 2967 3447 2968 3447 2969 3448 2970 3448 2971 3448 2971 3449 2970 3449 2972 3449 2971 3450 2972 3450 2973 3450 2973 3451 2972 3451 2974 3451 2973 3452 2974 3452 2975 3452 2975 3453 2974 3453 2976 3453 2975 3454 2976 3454 2977 3454 2977 3455 2976 3455 2978 3455 2977 3456 2978 3456 2979 3456 2979 3457 2978 3457 2980 3457 2979 3458 2980 3458 2981 3458 2981 3459 2980 3459 2982 3459 2981 3460 2982 3460 2983 3460 2983 3461 2982 3461 2984 3461 2983 3462 2984 3462 2985 3462 2986 3463 2987 3463 2988 3463 2988 3464 2987 3464 2989 3464 2988 3465 2989 3465 2969 3465 2969 3466 2989 3466 2990 3466 2969 3467 2990 3467 2970 3467 2991 3468 2992 3468 2993 3468 2942 3469 2941 3469 2994 3469 2942 3470 2994 3470 2995 3470 2994 3471 2996 3471 2995 3471 2995 3472 2996 3472 2997 3472 2995 3473 2997 3473 2993 3473 2993 3474 2997 3474 2998 3474 2993 3475 2998 3475 2991 3475 2999 2777 3000 2777 3001 2777 3002 2777 3003 2777 3004 2777 3004 2777 3003 2777 3005 2777 3004 2777 3005 2777 3006 2777 3006 2777 3005 2777 3007 2777 3006 2777 3007 2777 3008 2777 3007 2777 3009 2777 3008 2777 3008 2777 3009 2777 3010 2777 3008 2777 3010 2777 3001 2777 3001 2777 3010 2777 3011 2777 3001 2777 3011 2777 2999 2777 3012 2777 3013 2777 3014 2777 3014 2777 3013 2777 3015 2777 3014 2777 3015 2777 3004 2777 3004 2777 3015 2777 3016 2777 3004 2777 3016 2777 3002 2777 3017 3476 3018 3476 3019 3476 3019 3477 3018 3477 3020 3477 3019 3478 3020 3478 3021 3478 3021 3479 3020 3479 3022 3479 3020 3480 3023 3480 3022 3480 3022 3481 3023 3481 3024 3481 3022 3482 3024 3482 3025 3482 3025 3483 3024 3483 3026 3483 3025 3484 3026 3484 3027 3484 3027 3485 3026 3485 3028 3485 3029 3486 3030 3486 3031 3486 3031 3487 3030 3487 3032 3487 3031 3488 3032 3488 3033 3488 3029 3489 3034 3489 3030 3489 3030 3490 3034 3490 3035 3490 3030 3491 3035 3491 3036 3491 3036 3492 3035 3492 3037 3492 3036 3493 3037 3493 3038 3493 3033 3494 3032 3494 3039 3494 3039 3495 3032 3495 3040 3495 3039 3496 3040 3496 3041 3496 3041 3497 3040 3497 3042 3497 3041 3498 3042 3498 3043 3498 3043 3499 3042 3499 3044 3499 3043 3500 3044 3500 3045 3500 3046 3501 3047 3501 3048 3501 3048 3502 3049 3502 3046 3502 3046 3503 3049 3503 3050 3503 3046 3504 3050 3504 3051 3504 3051 3505 3050 3505 3052 3505 3051 3506 3052 3506 3053 3506 3053 3507 3052 3507 3054 3507 3053 3508 3054 3508 3055 3508 3055 3509 3054 3509 3056 3509 3055 3510 3056 3510 3057 3510 3057 3511 3056 3511 3058 3511 3057 3512 3058 3512 3059 3512 3059 3513 3058 3513 3060 3513 3059 3514 3060 3514 3061 3514 3061 3515 3060 3515 3062 3515 3061 3516 3062 3516 3063 3516 3063 3517 3062 3517 3064 3517 3063 3518 3064 3518 3065 3518 3066 3519 3067 3519 3068 3519 3068 3520 3067 3520 3069 3520 3070 3521 3071 3521 3072 3521 3072 3522 3071 3522 3073 3522 3072 3523 3073 3523 3069 3523 3069 3524 3073 3524 3074 3524 3069 3525 3074 3525 3068 3525 3075 2777 3076 2777 3077 2777 3077 2777 3076 2777 3078 2777 3079 2777 3076 2777 3080 2777 3080 2777 3076 2777 3075 2777 3080 2777 3075 2777 3081 2777 3081 2777 3075 2777 3082 2777 3081 2777 3082 2777 3083 2777 3083 2777 3082 2777 3084 2777 3083 2777 3084 2777 3085 2777 3086 2777 3087 2777 3088 2777 3088 2777 3087 2777 3089 2777 3088 2777 3089 2777 3090 2777 3090 2777 3089 2777 3091 2777 3090 2777 3091 2777 3092 2777 3090 2777 3093 2777 3078 2777 3078 2777 3093 2777 3094 2777 3078 2777 3094 2777 3077 2777 3095 2777 3096 2777 3097 2777 3097 2777 3096 2777 3098 2777 3097 2777 3098 2777 3085 2777 3085 2777 3098 2777 3099 2777 3085 2777 3099 2777 3083 2777 3092 2777 3100 2777 3090 2777 3090 2777 3100 2777 3101 2777 3090 2777 3101 2777 3093 2777 3102 3395 3103 3395 3104 3395 3104 3394 3103 3394 3105 3394 3104 3393 3105 3393 3106 3393 3106 3392 3105 3392 3107 3392 3106 3391 3107 3391 3108 3391 3108 3390 3107 3390 3109 3390 3108 3389 3109 3389 3110 3389 3110 3388 3109 3388 3111 3388 3112 3421 3113 3421 3114 3421 3114 3421 3113 3421 3115 3421 3114 3420 3115 3420 3116 3420 3116 3420 3115 3420 3117 3420 3116 3419 3117 3419 3118 3419 3118 3419 3117 3419 3119 3419 3118 3418 3119 3418 3102 3418 3102 3418 3119 3418 3103 3418 3120 3526 3121 3526 3122 3526 3120 3527 3122 3527 3123 3527 3123 3528 3122 3528 3113 3528 3123 3529 3113 3529 3112 3529 3124 3413 3125 3413 3126 3413 3126 3413 3125 3413 3127 3413 3126 3412 3127 3412 3128 3412 3128 3412 3127 3412 3129 3412 3128 3411 3129 3411 3130 3411 3130 3411 3129 3411 3131 3411 3130 3410 3131 3410 3132 3410 3132 3410 3131 3410 3133 3410 3132 3409 3133 3409 3134 3409 3134 3409 3133 3409 3135 3409 3134 3408 3135 3408 3120 3408 3120 3408 3135 3408 3121 3408 3136 3407 3137 3407 3138 3407 3138 3407 3137 3407 3139 3407 3138 3406 3139 3406 3124 3406 3124 3406 3139 3406 3125 3406 3140 3405 3141 3405 3136 3405 3136 3405 3141 3405 3137 3405 3142 3530 3143 3530 3144 3530 3142 3531 3144 3531 3145 3531 3145 3532 3144 3532 3141 3532 3145 3533 3141 3533 3140 3533 3110 3400 3111 3400 3146 3400 3146 3400 3111 3400 3147 3400 3146 3399 3147 3399 3148 3399 3148 3399 3147 3399 3149 3399 3148 3398 3149 3398 3150 3398 3150 3398 3149 3398 3151 3398 3150 3397 3151 3397 3152 3397 3152 3397 3151 3397 3153 3397 3152 3396 3153 3396 3142 3396 3142 3396 3153 3396 3143 3396 3154 2776 3155 2776 3156 2776 3157 2776 3158 2776 3159 2776 3159 2776 3158 2776 3160 2776 3159 2776 3160 2776 3161 2776 3160 2776 3162 2776 3161 2776 3161 2776 3162 2776 3163 2776 3161 2776 3163 2776 3156 2776 3156 2776 3163 2776 3164 2776 3156 2776 3164 2776 3154 2776 3165 3534 3166 3534 3167 3534 3167 3535 3166 3535 3168 3535 3167 3536 3168 3536 3169 3536 3169 3537 3168 3537 3170 3537 3171 3538 3172 3538 3173 3538 3173 3539 3172 3539 3174 3539 3173 3540 3174 3540 3170 3540 3170 3541 3174 3541 3175 3541 3170 3542 3175 3542 3169 3542 3176 3543 3177 3543 3178 3543 3176 3544 3178 3544 3179 3544 3179 3545 3178 3545 3180 3545 3179 3546 3180 3546 3181 3546 3180 3547 3182 3547 3181 3547 3181 3548 3182 3548 3183 3548 3181 3549 3183 3549 3184 3549 3184 3550 3183 3550 3185 3550 3184 3551 3185 3551 3186 3551 3186 3552 3185 3552 3187 3552 3186 3553 3187 3553 3171 3553 3171 3554 3187 3554 3188 3554 3171 3555 3188 3555 3172 3555 3177 3556 3176 3556 3189 3556 3189 3557 3176 3557 3190 3557 3189 3558 3190 3558 3191 3558 3191 3559 3190 3559 3192 3559 3191 3560 3192 3560 3193 3560 3194 3561 3195 3561 3196 3561 3197 3463 3198 3463 3199 3463 3196 3562 3195 3562 3199 3562 3199 3563 3195 3563 3200 3563 3199 3564 3200 3564 3197 3564 3194 3565 3196 3565 3201 3565 3201 3566 3196 3566 3202 3566 3201 3567 3202 3567 3203 3567 3203 3568 3202 3568 3204 3568 3203 3569 3204 3569 3205 3569 3204 3570 3206 3570 3205 3570 3205 3571 3206 3571 3207 3571 3205 3572 3207 3572 3208 3572 3208 3573 3207 3573 3209 3573 3208 3574 3209 3574 3210 3574 3210 3575 3209 3575 3211 3575 3210 3576 3211 3576 3212 3576 3212 3577 3211 3577 3213 3577 3212 3578 3213 3578 3214 3578 3214 3579 3213 3579 3215 3579 3214 3580 3215 3580 3216 3580 3217 3468 3218 3468 3219 3468 3219 3581 3218 3581 3220 3581 3193 3582 3192 3582 3221 3582 3221 3583 3192 3583 3222 3583 3221 3584 3222 3584 3223 3584 3223 3585 3222 3585 3219 3585 3223 3586 3219 3586 3224 3586 3224 3587 3219 3587 3220 3587 3225 2776 3226 2776 3227 2776 3228 2776 3229 2776 3230 2776 3225 2776 3227 2776 3231 2776 3227 2776 3232 2776 3231 2776 3231 2776 3232 2776 3233 2776 3231 2776 3233 2776 3234 2776 3234 2776 3233 2776 3235 2776 3234 2776 3235 2776 3236 2776 3236 2776 3235 2776 3237 2776 3236 2776 3237 2776 3238 2776 3238 2776 3237 2776 3239 2776 3238 2776 3239 2776 3230 2776 3230 2776 3239 2776 3240 2776 3230 2776 3240 2776 3228 2776 3241 3588 3242 3588 3243 3588 3243 3589 3242 3589 3244 3589 3243 3590 3244 3590 3245 3590 3245 3591 3244 3591 3246 3591 3245 3592 3246 3592 3247 3592 3247 3593 3246 3593 3248 3593 3247 3594 3248 3594 3249 3594 3249 3595 3248 3595 3250 3595 3249 3596 3250 3596 3251 3596 3251 3597 3250 3597 3252 3597 3253 3598 3254 3598 3255 3598 3255 3599 3254 3599 3256 3599 3257 3600 3258 3600 3259 3600 3259 3601 3258 3601 3260 3601 3259 3602 3260 3602 3254 3602 3254 3603 3260 3603 3261 3603 3254 3604 3261 3604 3256 3604 3262 3493 3263 3493 3264 3493 3264 3605 3263 3605 3265 3605 3264 3606 3265 3606 3266 3606 3265 3607 3267 3607 3266 3607 3266 3608 3267 3608 3268 3608 3266 3609 3268 3609 3257 3609 3257 3610 3268 3610 3269 3610 3257 3611 3269 3611 3258 3611 3270 3521 3271 3521 3272 3521 3272 3612 3271 3612 3273 3612 3273 3613 3271 3613 3274 3613 3274 3614 3271 3614 3275 3614 3274 3615 3275 3615 3276 3615 3276 3616 3275 3616 3277 3616 3276 3617 3277 3617 3278 3617 3279 3618 3280 3618 3281 3618 3281 3619 3280 3619 3282 3619 3281 3620 3282 3620 3283 3620 3283 3621 3282 3621 3284 3621 3283 3622 3284 3622 3285 3622 3285 3623 3284 3623 3286 3623 3285 3624 3286 3624 3287 3624 3287 3625 3286 3625 3288 3625 3287 3626 3288 3626 3289 3626 3289 3627 3288 3627 3290 3627 3289 3628 3290 3628 3291 3628 3291 3629 3290 3629 3292 3629 3291 3630 3292 3630 3293 3630 3293 3631 3292 3631 3294 3631 3293 3632 3294 3632 3295 3632 3295 3633 3294 3633 3296 3633 3295 3634 3296 3634 3297 3634 3298 2776 3299 2776 3300 2776 3300 2776 3301 2776 3298 2776 3298 2776 3301 2776 3302 2776 3298 2776 3302 2776 3303 2776 3304 2776 3305 2776 3306 2776 3306 2776 3305 2776 3307 2776 3306 2776 3307 2776 3308 2776 3308 2776 3307 2776 3309 2776 3308 2776 3309 2776 3310 2776 3310 2776 3309 2776 3311 2776 3312 2776 3313 2776 3314 2776 3314 2776 3313 2776 3305 2776 3314 2776 3305 2776 3315 2776 3315 2776 3305 2776 3304 2776 3311 2776 3309 2776 3316 2776 3316 2776 3309 2776 3317 2776 3316 2776 3317 2776 3318 2776 3318 2776 3317 2776 3319 2776 3318 2776 3319 2776 3299 2776 3299 2776 3319 2776 3320 2776 3299 2776 3320 2776 3321 2776 3321 2776 3322 2776 3299 2776 3299 2776 3322 2776 3323 2776 3299 2776 3323 2776 3300 2776 2590 3635 2589 3635 3324 3635 3324 3636 2589 3636 3325 3636 3324 3637 3325 3637 2791 3637 2791 3638 3325 3638 3326 3638 2791 3639 3326 3639 2792 3639 2610 3640 2609 3640 3327 3640 3327 3641 2609 3641 3328 3641 3327 3642 3328 3642 2803 3642 2803 3643 3328 3643 2799 3643 2780 3644 2778 3644 3329 3644 3329 3645 2778 3645 3330 3645 3329 3646 3330 3646 2423 3646 2423 3647 3330 3647 2421 3647 3331 3648 2788 3648 2790 3648 2425 3649 2424 3649 3332 3649 3332 3650 2424 3650 3331 3650 3332 3651 3331 3651 3333 3651 3333 3652 3331 3652 2790 3652 2666 3653 2665 3653 3334 3653 3334 3654 2665 3654 3335 3654 3334 3655 3335 3655 2167 3655 2167 3656 3335 3656 2184 3656 2165 3657 2188 3657 3336 3657 3336 3658 2188 3658 3337 3658 3336 3659 3337 3659 2769 3659 2769 3660 3337 3660 2768 3660 3338 3661 3339 3661 3340 3661 3341 3662 3342 3662 3343 3662 3343 3663 3342 3663 3344 3663 3343 3664 3344 3664 3345 3664 3340 3665 3339 3665 3341 3665 3341 3666 3339 3666 3346 3666 3341 3667 3346 3667 3347 3667 3348 3668 3349 3668 3350 3668 3350 3669 3351 3669 3348 3669 3348 3670 3351 3670 3352 3670 3348 3671 3352 3671 3340 3671 3340 3672 3352 3672 3353 3672 3340 3673 3353 3673 3338 3673 3354 3674 3355 3674 3341 3674 3341 3675 3355 3675 3356 3675 3341 3676 3356 3676 3342 3676 3349 3677 3348 3677 3357 3677 3357 3665 3348 3665 3343 3665 3357 3678 3343 3678 3358 3678 3345 3679 3359 3679 3343 3679 3343 3680 3359 3680 3360 3680 3343 3681 3360 3681 3358 3681 3358 3665 3360 3665 3361 3665 3358 3665 3361 3665 3362 3665 3362 3665 3361 3665 3363 3665 3362 3665 3363 3665 3347 3665 3347 3665 3363 3665 3364 3665 3347 3665 3364 3665 3341 3665 3341 3682 3364 3682 3365 3682 3341 3683 3365 3683 3354 3683 3366 3684 3367 3684 3368 3684 3368 3685 3367 3685 3369 3685 3368 3686 3369 3686 3370 3686 3369 3687 3371 3687 3370 3687 3370 3688 3371 3688 3372 3688 3370 3689 3372 3689 3373 3689 3373 3690 3372 3690 3374 3690 3373 3690 3374 3690 3375 3690 3375 3691 3374 3691 3376 3691 3375 3692 3376 3692 3377 3692 3377 3693 3376 3693 3378 3693 3377 3694 3378 3694 3379 3694 3379 3695 3378 3695 3380 3695 3379 3696 3380 3696 3381 3696 3381 3697 3380 3697 3382 3697 3380 3698 3383 3698 3382 3698 3382 3699 3383 3699 3384 3699 3382 3700 3384 3700 3385 3700 3385 3701 3384 3701 3386 3701 3385 3702 3386 3702 3387 3702 3387 3703 3386 3703 3388 3703 3387 3704 3388 3704 3389 3704 3389 3705 3388 3705 3390 3705 3389 3706 3390 3706 3391 3706 3391 3707 3390 3707 3392 3707 3391 3708 3392 3708 3393 3708 3394 3709 3395 3709 3396 3709 3394 3710 3396 3710 3397 3710 3397 3711 3396 3711 3398 3711 3397 3712 3398 3712 3399 3712 3399 3713 3398 3713 3400 3713 3399 3713 3400 3713 3401 3713 3401 3714 3400 3714 3402 3714 3401 3714 3402 3714 3403 3714 3404 3715 3405 3715 3406 3715 3406 3716 3405 3716 3407 3716 3406 3717 3407 3717 3408 3717 3409 3718 3410 3718 3411 3718 3407 3719 3412 3719 3408 3719 3408 3720 3412 3720 3413 3720 3408 3721 3413 3721 3414 3721 3414 3722 3413 3722 3415 3722 3414 3723 3415 3723 3416 3723 3416 3724 3415 3724 3409 3724 3416 3725 3409 3725 3417 3725 3417 3726 3409 3726 3411 3726 3418 2776 1863 2776 1865 2776 3419 2776 3420 2776 3421 2776 3422 2776 3423 2776 3424 2776 3424 2776 3423 2776 3425 2776 3424 2776 3425 2776 3426 2776 3426 2776 3425 2776 3427 2776 3426 2776 3427 2776 3428 2776 3428 2776 3427 2776 3429 2776 3428 2776 3429 2776 3430 2776 3431 2776 3419 2776 3432 2776 3432 2776 3419 2776 3421 2776 3432 2776 3421 2776 3433 2776 3433 2776 3421 2776 3434 2776 3433 2776 3434 2776 3429 2776 3429 2776 3434 2776 3435 2776 3429 2776 3435 2776 3430 2776 3424 2776 3418 2776 3422 2776 3422 2776 3418 2776 1865 2776 3422 2776 1865 2776 3436 2776 3436 2776 1865 2776 1867 2776 3436 2776 1867 2776 3437 2776 3437 2776 1867 2776 1869 2776 3432 2776 3438 2776 3431 2776 3431 2776 3438 2776 3439 2776 3431 2776 3439 2776 3440 2776 3440 2776 3439 2776 3441 2776 3440 2776 3441 2776 3442 2776 3442 2776 3441 2776 3437 2776 3442 2776 3437 2776 1871 2776 1871 2776 3437 2776 1869 2776 3420 3727 3443 3727 3421 3727 3421 3727 3443 3727 3444 3727 3421 3728 3444 3728 3434 3728 3434 3728 3444 3728 3445 3728 3434 3729 3445 3729 3435 3729 3435 3729 3445 3729 3446 3729 3435 3730 3446 3730 3430 3730 3430 3730 3446 3730 3447 3730 3448 3731 3449 3731 3426 3731 3426 3731 3449 3731 3424 3731 3450 3732 3431 3732 3451 3732 3451 3732 3431 3732 3440 3732 3452 3733 3453 3733 3454 3733 3455 3734 3456 3734 3457 3734 3455 3735 3457 3735 3458 3735 3459 3736 3460 3736 3461 3736 3461 3737 3460 3737 3462 3737 3461 3738 3462 3738 3463 3738 3463 3739 3462 3739 3464 3739 3463 3740 3464 3740 3455 3740 3455 3741 3464 3741 3465 3741 3455 3742 3465 3742 3456 3742 3459 3743 3461 3743 3466 3743 3466 3744 3461 3744 3467 3744 3466 3745 3467 3745 3468 3745 3468 3746 3467 3746 3469 3746 3468 3747 3469 3747 3470 3747 3470 3748 3469 3748 3471 3748 3471 3749 3469 3749 3472 3749 3471 3750 3472 3750 3473 3750 3454 3751 3453 3751 3472 3751 3472 3752 3453 3752 3474 3752 3472 3753 3474 3753 3473 3753 3452 3754 3454 3754 3475 3754 3475 3755 3454 3755 3476 3755 3475 3756 3476 3756 3477 3756 3477 3757 3476 3757 3478 3757 3477 3758 3478 3758 3479 3758 3480 3759 3481 3759 3482 3759 3482 3760 3481 3760 3483 3760 3482 3761 3483 3761 3478 3761 3478 3762 3483 3762 3484 3762 3478 3763 3484 3763 3479 3763 3457 3764 3485 3764 3458 3764 3458 3765 3485 3765 3486 3765 3458 3766 3486 3766 3480 3766 3480 3767 3486 3767 3487 3767 3480 3768 3487 3768 3481 3768 3359 3769 1704 3769 3360 3769 3360 3770 1704 3770 1730 3770 3360 3771 1730 3771 3361 3771 3361 3772 1730 3772 1698 3772 3361 3773 1698 3773 3363 3773 3363 3774 1698 3774 1700 3774 3363 3775 1700 3775 3364 3775 3364 3776 1700 3776 1725 3776 3364 3777 1725 3777 3365 3777 3365 3778 1725 3778 1724 3778 3365 3779 1724 3779 3354 3779 3354 3780 1724 3780 1723 3780 3354 3781 1723 3781 3355 3781 3355 3782 1723 3782 1722 3782 3355 3783 1722 3783 3356 3783 3356 3784 1722 3784 1710 3784 3356 3785 1710 3785 3342 3785 3342 3786 1710 3786 1708 3786 3342 3787 1708 3787 3344 3787 3344 3788 1708 3788 1707 3788 3344 3789 1707 3789 3345 3789 3345 3790 1707 3790 1702 3790 3345 3791 1702 3791 3359 3791 3359 3792 1702 3792 1704 3792 3349 3793 1728 3793 3350 3793 3350 3794 1728 3794 1747 3794 3350 3771 1747 3771 3351 3771 3351 3772 1747 3772 1746 3772 3351 3795 1746 3795 3352 3795 3352 3796 1746 3796 1718 3796 3352 3797 1718 3797 3353 3797 3353 3798 1718 3798 1716 3798 3353 3777 1716 3777 3338 3777 3338 3778 1716 3778 1715 3778 3338 3799 1715 3799 3339 3799 3339 3800 1715 3800 1743 3800 3339 3801 1743 3801 3346 3801 3346 3802 1743 3802 1754 3802 3346 3783 1754 3783 3347 3783 3347 3784 1754 3784 1750 3784 3347 3803 1750 3803 3362 3803 3362 3804 1750 3804 1751 3804 3362 3805 1751 3805 3358 3805 3358 3806 1751 3806 1752 3806 3358 3789 1752 3789 3357 3789 3357 3790 1752 3790 1753 3790 3357 3807 1753 3807 3349 3807 3349 3808 1753 3808 1728 3808 3488 3809 3489 3809 3490 3809 3490 3810 3489 3810 3491 3810 3490 3811 3491 3811 3492 3811 3492 3812 3491 3812 3493 3812 3492 3813 3493 3813 3494 3813 3494 3814 3493 3814 3495 3814 3494 3815 3495 3815 3496 3815 3496 3816 3495 3816 3497 3816 3498 3817 3499 3817 3500 3817 3500 3817 3499 3817 3501 3817 3500 3818 3501 3818 3502 3818 3502 3818 3501 3818 3503 3818 3502 3819 3503 3819 3504 3819 3504 3819 3503 3819 3505 3819 3504 3820 3505 3820 3506 3820 3506 3820 3505 3820 3507 3820 3506 3821 3507 3821 3508 3821 3508 3821 3507 3821 3509 3821 3508 3822 3509 3822 3510 3822 3510 3822 3509 3822 3511 3822 3512 3809 3513 3809 3514 3809 3514 3809 3513 3809 3515 3809 3514 3823 3515 3823 3516 3823 3516 3823 3515 3823 3517 3823 3516 3813 3517 3813 3518 3813 3518 3813 3517 3813 3519 3813 3518 3824 3519 3824 3520 3824 3520 3824 3519 3824 3521 3824 3522 3825 3523 3825 3521 3825 3521 3826 3523 3826 3524 3826 3521 3827 3524 3827 3520 3827 2156 3828 3525 3828 2157 3828 2157 3829 3525 3829 3526 3829 2157 3830 3526 3830 3522 3830 3522 3831 3526 3831 3527 3831 3522 3832 3527 3832 3523 3832 2154 3833 2155 3833 3528 3833 3528 3834 2155 3834 3529 3834 3513 3835 3512 3835 3530 3835 3530 3836 3512 3836 3531 3836 3530 3837 3531 3837 3529 3837 3529 3838 3531 3838 3532 3838 3529 3839 3532 3839 3528 3839 3533 3840 3534 3840 3535 3840 3536 3828 2161 3828 2160 3828 3535 3841 3534 3841 2160 3841 2160 3842 3534 3842 3537 3842 2160 3843 3537 3843 3536 3843 3533 3844 3535 3844 3538 3844 3538 3845 3535 3845 3496 3845 3538 3827 3496 3827 3497 3827 2533 3833 2532 3833 3539 3833 3539 3833 2532 3833 3540 3833 3539 3846 3540 3846 3541 3846 3541 3846 3540 3846 3542 3846 3541 3847 3542 3847 3543 3847 3543 3847 3542 3847 3544 3847 3543 3848 3544 3848 3488 3848 3488 3848 3544 3848 3489 3848 2140 3849 2139 3849 3498 3849 3498 3849 2139 3849 3499 3849 2253 3850 2252 3850 3545 3850 3545 3850 2252 3850 3546 3850 3545 3851 3546 3851 3511 3851 3511 3851 3546 3851 3510 3851 3045 3852 3044 3852 3547 3852 3045 3853 3547 3853 3548 3853 3548 3854 3547 3854 3549 3854 3548 3855 3549 3855 3550 3855 3550 3856 3549 3856 3551 3856 3551 3857 3549 3857 3067 3857 3551 3858 3067 3858 3066 3858 3278 3859 3277 3859 3552 3859 3278 3860 3552 3860 3553 3860 3553 3861 3552 3861 3554 3861 3553 3862 3554 3862 3555 3862 3555 3863 3554 3863 3556 3863 3556 3864 3554 3864 3253 3864 3556 3865 3253 3865 3255 3865 3343 3866 3348 3866 3557 3866 3557 3866 3348 3866 3558 3866 3557 3867 3558 3867 3559 3867 3559 3867 3558 3867 3560 3867 3559 3868 3560 3868 3404 3868 3404 3868 3560 3868 3405 3868 3393 3869 3392 3869 3561 3869 3561 3869 3392 3869 3562 3869 3561 3870 3562 3870 3563 3870 3563 3870 3562 3870 3564 3870 3563 3871 3564 3871 3565 3871 3565 3871 3564 3871 3566 3871 3565 3872 3566 3872 3567 3872 3567 3872 3566 3872 3568 3872 3567 3873 3568 3873 3569 3873 3569 3873 3568 3873 3570 3873 3569 3874 3570 3874 3341 3874 3341 3874 3570 3874 3340 3874 3571 3875 3572 3875 3573 3875 3573 3876 3572 3876 3411 3876 3573 3877 3411 3877 3410 3877 3574 3878 3395 3878 3394 3878 3573 3879 3575 3879 3571 3879 3571 3880 3575 3880 3574 3880 3571 3881 3574 3881 3576 3881 3576 3882 3574 3882 3394 3882 3403 3883 3402 3883 3577 3883 3577 3884 3402 3884 3578 3884 3577 3885 3578 3885 3579 3885 3579 3886 3578 3886 3580 3886 3579 3887 3580 3887 3581 3887 3581 3888 3580 3888 3582 3888 3581 3889 3582 3889 3583 3889 3583 3890 3582 3890 3584 3890 3583 3891 3584 3891 3585 3891 3585 3892 3584 3892 3586 3892 3585 3893 3586 3893 3587 3893 3367 3894 3366 3894 3588 3894 3589 3895 3590 3895 3587 3895 3587 3896 3590 3896 3591 3896 3587 3897 3591 3897 3585 3897 3588 3898 3592 3898 3367 3898 3367 3899 3592 3899 3590 3899 3367 3900 3590 3900 3593 3900 3593 3901 3590 3901 3589 3901 3070 3902 3072 3902 3594 3902 3594 3903 3072 3903 3595 3903 3594 3904 3595 3904 3596 3904 3596 3905 3595 3905 3597 3905 3596 3906 3597 3906 3598 3906 3598 3907 3597 3907 3599 3907 3599 3908 3597 3908 3600 3908 3599 3909 3600 3909 3601 3909 3601 3910 3600 3910 3602 3910 3602 3911 3600 3911 3603 3911 3602 3912 3603 3912 3604 3912 3048 3913 3047 3913 3603 3913 3603 3914 3047 3914 3605 3914 3603 3915 3605 3915 3604 3915 3296 3913 3606 3913 3297 3913 3297 3916 3606 3916 3607 3916 3607 3917 3606 3917 3608 3917 3608 3918 3606 3918 3609 3918 3608 3919 3609 3919 3610 3919 3610 3920 3609 3920 3611 3920 3611 3921 3609 3921 3612 3921 3611 3922 3612 3922 3613 3922 3613 3923 3612 3923 3614 3923 3614 3924 3612 3924 3615 3924 3614 3925 3615 3925 3616 3925 3616 3926 3615 3926 3271 3926 3616 3927 3271 3927 3270 3927 3027 3928 3028 3928 3617 3928 3617 3929 3028 3929 3618 3929 3617 3930 3618 3930 3619 3930 3619 3931 3618 3931 3620 3931 3620 3932 3618 3932 3621 3932 3620 3933 3621 3933 3622 3933 3622 3934 3621 3934 3623 3934 3622 3935 3623 3935 3624 3935 3624 3936 3623 3936 3625 3936 3625 3937 3623 3937 3626 3937 3625 3938 3626 3938 3627 3938 3627 3939 3626 3939 3628 3939 3628 3940 3626 3940 3629 3940 3628 3941 3629 3941 3630 3941 3630 3942 3629 3942 3631 3942 3631 3943 3629 3943 3038 3943 3631 3944 3038 3944 3037 3944 3263 3945 3262 3945 3632 3945 3632 3946 3262 3946 3633 3946 3632 3947 3633 3947 3634 3947 3634 3948 3633 3948 3635 3948 3635 3949 3633 3949 3636 3949 3635 3950 3636 3950 3637 3950 3637 3951 3636 3951 3638 3951 3637 3952 3638 3952 3639 3952 3639 3953 3638 3953 3640 3953 3640 3954 3638 3954 3641 3954 3640 3955 3641 3955 3642 3955 3642 3956 3641 3956 3643 3956 3643 3957 3641 3957 3644 3957 3643 3958 3644 3958 3645 3958 3645 3959 3644 3959 3646 3959 3646 3960 3644 3960 3242 3960 3646 3961 3242 3961 3241 3961 3647 3962 3648 3962 3649 3962 3649 3963 3648 3963 3217 3963 3649 3964 3217 3964 3219 3964 3650 3965 3651 3965 3647 3965 3647 3966 3651 3966 3652 3966 3647 3967 3652 3967 3648 3967 3653 3968 3654 3968 3650 3968 3650 3969 3654 3969 3655 3969 3650 3970 3655 3970 3651 3970 3656 3971 3657 3971 3653 3971 3653 3972 3657 3972 3658 3972 3653 3973 3658 3973 3654 3973 3198 3974 3659 3974 3199 3974 3199 3975 3659 3975 3660 3975 3199 3976 3660 3976 3656 3976 3656 3977 3660 3977 3661 3977 3656 3978 3661 3978 3657 3978 3215 3979 3662 3979 3216 3979 3216 3980 3662 3980 3663 3980 3664 3981 3665 3981 3666 3981 3666 3982 3665 3982 3667 3982 3666 3983 3667 3983 3662 3983 3662 3984 3667 3984 3668 3984 3662 3985 3668 3985 3663 3985 3666 3986 3669 3986 3664 3986 3664 3987 3669 3987 3670 3987 3664 3988 3670 3988 3671 3988 3671 3989 3670 3989 3672 3989 3672 3990 3670 3990 3673 3990 3672 3991 3673 3991 3674 3991 3166 3992 3165 3992 3673 3992 3673 3993 3165 3993 3675 3993 3673 3994 3675 3994 3674 3994 2968 3992 2967 3992 3676 3992 3677 3995 3678 3995 3676 3995 3676 3996 3678 3996 3679 3996 3676 3997 3679 3997 2968 3997 3680 3998 3681 3998 3677 3998 3677 3999 3681 3999 3682 3999 3677 4000 3682 4000 3678 4000 3677 4001 3683 4001 3680 4001 3680 4002 3683 4002 3684 4002 3680 4003 3684 4003 3685 4003 3685 4004 3684 4004 3686 4004 3686 4005 3684 4005 3687 4005 3686 4006 3687 4006 3688 4006 2985 3979 2984 3979 3687 3979 3687 4007 2984 4007 3689 4007 3687 4008 3689 4008 3688 4008 3690 4009 3691 4009 3692 4009 2986 3974 2988 3974 3693 3974 3693 4010 2988 4010 3694 4010 3693 4011 3694 4011 3695 4011 3692 4012 3691 4012 3696 4012 3691 4013 3697 4013 3696 4013 3696 4014 3697 4014 3698 4014 3696 4015 3698 4015 3694 4015 3694 4016 3698 4016 3699 4016 3694 4017 3699 4017 3695 4017 3690 4018 3692 4018 3700 4018 3700 4019 3692 4019 3701 4019 3700 4020 3701 4020 3702 4020 3702 4021 3701 4021 3703 4021 3702 4022 3703 4022 3704 4022 3704 4023 3703 4023 3705 4023 3705 4024 3703 4024 2993 4024 3705 4025 2993 4025 2992 4025 3252 4026 3706 4026 3251 4026 3251 4027 3706 4027 3707 4027 3707 4028 3706 4028 3708 4028 3708 4029 3706 4029 3280 4029 3708 4030 3280 4030 3279 4030 3709 4030 3065 4030 3064 4030 3709 4031 3064 4031 3710 4031 3064 4032 3711 4032 3710 4032 3710 4033 3711 4033 3018 4033 3710 4034 3018 4034 3017 4034 3712 4035 3713 4035 3714 4035 3714 4035 3713 4035 3715 4035 3714 4036 3715 4036 2173 4036 2173 4036 3715 4036 2174 4036 3716 4037 3717 4037 3718 4037 3072 4038 3719 4038 3595 4038 3595 4039 3719 4039 3720 4039 3595 4040 3720 4040 3597 4040 3597 4041 3720 4041 3721 4041 3597 4042 3721 4042 3600 4042 3600 4043 3721 4043 3722 4043 3600 4044 3722 4044 3603 4044 3603 4045 3722 4045 3718 4045 3603 4046 3718 4046 3048 4046 3048 4047 3718 4047 3717 4047 3719 4048 3723 4048 3720 4048 3720 4049 3723 4049 3724 4049 3720 4050 3724 4050 3721 4050 3721 4051 3724 4051 3725 4051 3721 4052 3725 4052 3722 4052 3722 4053 3725 4053 3726 4053 3722 4054 3726 4054 3718 4054 3718 4055 3726 4055 3727 4055 3718 4056 3727 4056 3716 4056 3716 4057 3727 4057 3728 4057 3723 4058 3729 4058 3724 4058 3724 4059 3729 4059 3730 4059 3724 4060 3730 4060 3725 4060 3725 4061 3730 4061 3731 4061 3725 4062 3731 4062 3726 4062 3726 4063 3731 4063 3732 4063 3726 4064 3732 4064 3727 4064 3727 4065 3732 4065 3733 4065 3727 4066 3733 4066 3728 4066 3728 4067 3733 4067 3734 4067 3729 4068 3099 4068 3730 4068 3730 4069 3099 4069 3098 4069 3730 4070 3098 4070 3731 4070 3731 4071 3098 4071 3096 4071 3731 4072 3096 4072 3732 4072 3732 4073 3096 4073 3095 4073 3732 4074 3095 4074 3733 4074 3733 4075 3095 4075 3097 4075 3733 4076 3097 4076 3734 4076 3734 4077 3097 4077 3085 4077 3069 4078 3067 4078 3735 4078 3072 4079 3069 4079 3736 4079 3072 4080 3736 4080 3719 4080 3719 4081 3736 4081 3737 4081 3719 4082 3737 4082 3723 4082 3723 4083 3737 4083 3738 4083 3723 4084 3738 4084 3729 4084 3729 4085 3738 4085 3083 4085 3729 4086 3083 4086 3099 4086 3069 4087 3735 4087 3736 4087 3736 4088 3735 4088 3739 4088 3736 4089 3739 4089 3737 4089 3737 4090 3739 4090 3740 4090 3737 4091 3740 4091 3738 4091 3738 4092 3740 4092 3081 4092 3738 4093 3081 4093 3083 4093 3741 4094 3742 4094 3743 4094 3728 4095 3734 4095 3744 4095 3728 4096 3744 4096 3716 4096 3048 4097 3717 4097 3745 4097 3048 4098 3745 4098 3049 4098 3049 4099 3745 4099 3746 4099 3049 4100 3746 4100 3050 4100 3050 4101 3746 4101 3052 4101 3052 4102 3746 4102 3747 4102 3052 4103 3747 4103 3054 4103 3054 4104 3747 4104 3748 4104 3054 4105 3748 4105 3056 4105 3101 4106 3749 4106 3093 4106 3093 4107 3749 4107 3750 4107 3093 4108 3750 4108 3094 4108 3094 4109 3750 4109 3751 4109 3094 4110 3751 4110 3077 4110 3077 4111 3751 4111 3752 4111 3077 4112 3752 4112 3075 4112 3075 4113 3752 4113 3753 4113 3075 4114 3753 4114 3082 4114 3082 4115 3753 4115 3744 4115 3082 4116 3744 4116 3084 4116 3084 4117 3744 4117 3734 4117 3084 4118 3734 4118 3085 4118 3101 4119 3741 4119 3749 4119 3749 4120 3741 4120 3743 4120 3749 4121 3743 4121 3750 4121 3750 4122 3743 4122 3754 4122 3750 4123 3754 4123 3751 4123 3751 4124 3754 4124 3748 4124 3751 4125 3748 4125 3752 4125 3752 4126 3748 4126 3747 4126 3752 4127 3747 4127 3753 4127 3753 4128 3747 4128 3746 4128 3753 4129 3746 4129 3744 4129 3744 4130 3746 4130 3745 4130 3744 4131 3745 4131 3716 4131 3716 4132 3745 4132 3717 4132 3056 4133 3748 4133 3058 4133 3058 4134 3748 4134 3754 4134 3058 4135 3754 4135 3060 4135 3060 4136 3754 4136 3743 4136 3060 4137 3743 4137 3062 4137 3062 4138 3743 4138 3742 4138 3062 4139 3742 4139 3064 4139 3755 4140 3756 4140 3757 4140 3044 4141 3758 4141 3547 4141 3547 4142 3758 4142 3759 4142 3547 4143 3759 4143 3549 4143 3549 4144 3759 4144 3760 4144 3549 4145 3760 4145 3067 4145 3067 4146 3760 4146 3735 4146 3758 4147 3755 4147 3759 4147 3759 4148 3755 4148 3757 4148 3759 4149 3757 4149 3760 4149 3760 4150 3757 4150 3761 4150 3760 4151 3761 4151 3735 4151 3735 4152 3761 4152 3739 4152 3756 4153 3762 4153 3757 4153 3757 4154 3762 4154 3763 4154 3757 4155 3763 4155 3761 4155 3761 4156 3763 4156 3764 4156 3761 4157 3764 4157 3739 4157 3739 4158 3764 4158 3740 4158 3762 4159 3076 4159 3763 4159 3763 4160 3076 4160 3079 4160 3763 4161 3079 4161 3764 4161 3764 4162 3079 4162 3080 4162 3764 4163 3080 4163 3740 4163 3740 4164 3080 4164 3081 4164 3711 4165 3064 4165 3742 4165 3711 4166 3765 4166 3018 4166 3018 4167 3765 4167 3766 4167 3766 4168 3765 4168 3767 4168 3767 4169 3765 4169 3768 4169 3767 4170 3768 4170 3769 4170 3769 4171 3768 4171 3100 4171 3769 4172 3100 4172 3092 4172 3711 4173 3742 4173 3765 4173 3765 4174 3742 4174 3741 4174 3765 4175 3741 4175 3768 4175 3768 4176 3741 4176 3101 4176 3768 4177 3101 4177 3100 4177 3770 4178 3771 4178 3772 4178 3773 4179 3774 4179 3775 4179 3775 4180 3774 4180 3776 4180 3775 4181 3776 4181 3777 4181 3036 4182 3038 4182 3778 4182 3778 4183 3779 4183 3036 4183 3036 4184 3779 4184 3780 4184 3036 4185 3780 4185 3770 4185 3770 4186 3772 4186 3036 4186 3036 4187 3772 4187 3781 4187 3036 4188 3781 4188 3030 4188 3782 4189 3783 4189 3784 4189 3784 4190 3783 4190 3785 4190 3784 4191 3785 4191 3777 4191 3777 4192 3785 4192 3781 4192 3777 4193 3781 4193 3775 4193 3775 4194 3781 4194 3772 4194 3775 4195 3772 4195 3773 4195 3773 4196 3772 4196 3771 4196 3076 4197 3782 4197 3078 4197 3078 4198 3782 4198 3784 4198 3078 4199 3784 4199 3090 4199 3090 4200 3784 4200 3777 4200 3090 4201 3777 4201 3088 4201 3088 4202 3777 4202 3776 4202 3088 4203 3776 4203 3086 4203 3076 4204 3762 4204 3782 4204 3782 4205 3762 4205 3756 4205 3782 4206 3756 4206 3783 4206 3783 4207 3756 4207 3755 4207 3783 4208 3755 4208 3758 4208 3030 4209 3781 4209 3032 4209 3032 4210 3781 4210 3785 4210 3032 4211 3785 4211 3040 4211 3040 4212 3785 4212 3783 4212 3040 4213 3783 4213 3042 4213 3042 4214 3783 4214 3758 4214 3042 4215 3758 4215 3044 4215 3786 4216 3787 4216 3788 4216 3789 4217 3790 4217 3026 4217 3026 4218 3790 4218 3791 4218 3026 4219 3791 4219 3028 4219 3786 4220 3788 4220 3792 4220 3086 4221 3793 4221 3794 4221 3769 4222 3092 4222 3795 4222 3795 4223 3092 4223 3091 4223 3795 4224 3091 4224 3796 4224 3796 4225 3091 4225 3089 4225 3796 4226 3089 4226 3794 4226 3794 4227 3089 4227 3087 4227 3794 4228 3087 4228 3086 4228 3793 4229 3792 4229 3794 4229 3794 4230 3792 4230 3788 4230 3794 4231 3788 4231 3796 4231 3796 4232 3788 4232 3797 4232 3796 4233 3797 4233 3795 4233 3795 4234 3797 4234 3798 4234 3795 4235 3798 4235 3769 4235 3769 4236 3798 4236 3767 4236 3787 4237 3799 4237 3788 4237 3788 4238 3799 4238 3800 4238 3788 4239 3800 4239 3797 4239 3797 4240 3800 4240 3801 4240 3797 4241 3801 4241 3798 4241 3798 4242 3801 4242 3802 4242 3798 4243 3802 4243 3767 4243 3767 4244 3802 4244 3766 4244 3018 4245 3766 4245 3020 4245 3020 4246 3766 4246 3802 4246 3020 4247 3802 4247 3023 4247 3023 4248 3802 4248 3801 4248 3023 4249 3801 4249 3024 4249 3024 4250 3801 4250 3800 4250 3024 4251 3800 4251 3026 4251 3026 4252 3800 4252 3799 4252 3026 4253 3799 4253 3789 4253 3776 4254 3803 4254 3086 4254 3793 4255 3086 4255 3804 4255 3793 4256 3804 4256 3805 4256 3805 4257 3804 4257 3806 4257 3805 4258 3806 4258 3807 4258 3787 4259 3786 4259 3807 4259 3807 4260 3786 4260 3792 4260 3807 4261 3792 4261 3805 4261 3805 4262 3792 4262 3793 4262 3808 4263 3809 4263 3810 4263 3810 4264 3809 4264 3773 4264 3799 4265 3787 4265 3811 4265 3811 4266 3787 4266 3807 4266 3811 4267 3807 4267 3812 4267 3812 4268 3807 4268 3806 4268 3812 4269 3806 4269 3813 4269 3813 4270 3806 4270 3804 4270 3813 4271 3804 4271 3803 4271 3803 4272 3804 4272 3086 4272 3773 4273 3771 4273 3810 4273 3810 4274 3771 4274 3770 4274 3810 4275 3770 4275 3780 4275 3789 4276 3799 4276 3814 4276 3814 4277 3799 4277 3811 4277 3814 4278 3811 4278 3815 4278 3815 4279 3811 4279 3812 4279 3815 4280 3812 4280 3816 4280 3816 4281 3812 4281 3813 4281 3816 4282 3813 4282 3817 4282 3817 4283 3813 4283 3803 4283 3818 4284 3808 4284 3819 4284 3819 4285 3808 4285 3810 4285 3819 4286 3810 4286 3820 4286 3820 4287 3810 4287 3780 4287 3820 4288 3780 4288 3779 4288 3790 4289 3789 4289 3821 4289 3821 4290 3789 4290 3814 4290 3821 4291 3814 4291 3822 4291 3822 4292 3814 4292 3815 4292 3822 4293 3815 4293 3823 4293 3823 4294 3815 4294 3816 4294 3823 4295 3816 4295 3824 4295 3824 4296 3816 4296 3817 4296 3824 4297 3817 4297 3825 4297 3825 4298 3817 4298 3803 4298 3825 4299 3803 4299 3774 4299 3774 4300 3803 4300 3776 4300 3826 4301 3818 4301 3827 4301 3827 4302 3818 4302 3819 4302 3827 4303 3819 4303 3828 4303 3828 4304 3819 4304 3820 4304 3828 4305 3820 4305 3829 4305 3829 4306 3820 4306 3779 4306 3829 4307 3779 4307 3778 4307 3830 4308 3826 4308 3831 4308 3831 4309 3826 4309 3827 4309 3831 4310 3827 4310 3832 4310 3832 4311 3827 4311 3828 4311 3832 4312 3828 4312 3833 4312 3833 4313 3828 4313 3829 4313 3833 4314 3829 4314 3834 4314 3834 4315 3829 4315 3778 4315 3791 4316 3790 4316 3830 4316 3830 4317 3790 4317 3821 4317 3830 4318 3821 4318 3826 4318 3826 4319 3821 4319 3822 4319 3826 4320 3822 4320 3818 4320 3818 4321 3822 4321 3823 4321 3818 4322 3823 4322 3808 4322 3808 4323 3823 4323 3824 4323 3808 4324 3824 4324 3809 4324 3809 4325 3824 4325 3825 4325 3809 4326 3825 4326 3773 4326 3773 4327 3825 4327 3774 4327 3028 4328 3791 4328 3618 4328 3618 4329 3791 4329 3830 4329 3618 4330 3830 4330 3621 4330 3621 4331 3830 4331 3831 4331 3621 4332 3831 4332 3623 4332 3623 4333 3831 4333 3832 4333 3623 4334 3832 4334 3626 4334 3626 4335 3832 4335 3833 4335 3626 4336 3833 4336 3629 4336 3629 4337 3833 4337 3834 4337 3629 4338 3834 4338 3038 4338 3038 4339 3834 4339 3778 4339 3835 4340 3836 4340 3837 4340 3296 4341 3838 4341 3606 4341 3606 4342 3838 4342 3839 4342 3606 4343 3839 4343 3609 4343 3609 4344 3839 4344 3840 4344 3609 4345 3840 4345 3612 4345 3612 4346 3840 4346 3841 4346 3612 4347 3841 4347 3615 4347 3615 4348 3841 4348 3837 4348 3615 4349 3837 4349 3271 4349 3271 4350 3837 4350 3836 4350 3838 4351 3842 4351 3839 4351 3839 4352 3842 4352 3843 4352 3839 4353 3843 4353 3840 4353 3840 4354 3843 4354 3844 4354 3840 4355 3844 4355 3841 4355 3841 4356 3844 4356 3845 4356 3841 4357 3845 4357 3837 4357 3837 4358 3845 4358 3846 4358 3837 4359 3846 4359 3835 4359 3835 4360 3846 4360 3847 4360 3842 4361 3305 4361 3843 4361 3843 4362 3305 4362 3313 4362 3843 4363 3313 4363 3844 4363 3844 4364 3313 4364 3312 4364 3844 4365 3312 4365 3845 4365 3845 4366 3312 4366 3314 4366 3845 4367 3314 4367 3846 4367 3846 4368 3314 4368 3315 4368 3846 4369 3315 4369 3847 4369 3847 4370 3315 4370 3304 4370 3842 4371 3838 4371 3848 4371 3849 4372 3282 4372 3280 4372 3850 4373 3851 4373 3852 4373 3282 4374 3849 4374 3284 4374 3284 4375 3849 4375 3853 4375 3284 4376 3853 4376 3286 4376 3286 4377 3853 4377 3854 4377 3286 4378 3854 4378 3288 4378 3305 4379 3855 4379 3307 4379 3307 4380 3855 4380 3856 4380 3307 4381 3856 4381 3309 4381 3309 4382 3856 4382 3857 4382 3309 4383 3857 4383 3317 4383 3317 4384 3857 4384 3858 4384 3317 4385 3858 4385 3319 4385 3319 4386 3858 4386 3852 4386 3319 4387 3852 4387 3320 4387 3320 4388 3852 4388 3851 4388 3320 4389 3851 4389 3321 4389 3305 4390 3842 4390 3855 4390 3855 4391 3842 4391 3848 4391 3855 4392 3848 4392 3856 4392 3856 4393 3848 4393 3859 4393 3856 4394 3859 4394 3857 4394 3857 4395 3859 4395 3854 4395 3857 4396 3854 4396 3858 4396 3858 4397 3854 4397 3853 4397 3858 4398 3853 4398 3852 4398 3852 4399 3853 4399 3849 4399 3852 4400 3849 4400 3850 4400 3850 4401 3849 4401 3280 4401 3288 4402 3854 4402 3290 4402 3290 4403 3854 4403 3859 4403 3290 4404 3859 4404 3292 4404 3292 4405 3859 4405 3848 4405 3292 4406 3848 4406 3294 4406 3294 4407 3848 4407 3838 4407 3294 4408 3838 4408 3296 4408 3275 4409 3271 4409 3836 4409 3277 4410 3275 4410 3860 4410 3277 4411 3860 4411 3861 4411 3861 4412 3860 4412 3862 4412 3861 4413 3862 4413 3863 4413 3863 4414 3862 4414 3864 4414 3863 4415 3864 4415 3865 4415 3865 4416 3864 4416 3306 4416 3865 4417 3306 4417 3308 4417 3275 4418 3836 4418 3860 4418 3860 4419 3836 4419 3835 4419 3860 4420 3835 4420 3862 4420 3862 4421 3835 4421 3847 4421 3862 4422 3847 4422 3864 4422 3864 4423 3847 4423 3304 4423 3864 4424 3304 4424 3306 4424 3280 4425 3706 4425 3866 4425 3280 4426 3866 4426 3850 4426 3850 4427 3866 4427 3867 4427 3850 4428 3867 4428 3851 4428 3868 4429 3867 4429 3869 4429 3869 4430 3867 4430 3866 4430 3869 4431 3866 4431 3870 4431 3870 4432 3866 4432 3706 4432 3870 4433 3706 4433 3252 4433 3868 4434 3323 4434 3867 4434 3867 4435 3323 4435 3322 4435 3867 4436 3322 4436 3851 4436 3851 4437 3322 4437 3321 4437 3552 4438 3277 4438 3861 4438 3554 4439 3552 4439 3871 4439 3554 4440 3872 4440 3253 4440 3253 4441 3872 4441 3873 4441 3873 4442 3872 4442 3874 4442 3874 4443 3872 4443 3875 4443 3874 4444 3875 4444 3876 4444 3876 4445 3875 4445 3877 4445 3876 4446 3877 4446 3878 4446 3878 4447 3877 4447 3311 4447 3878 4448 3311 4448 3316 4448 3554 4449 3871 4449 3872 4449 3872 4450 3871 4450 3879 4450 3872 4451 3879 4451 3875 4451 3875 4452 3879 4452 3880 4452 3875 4453 3880 4453 3877 4453 3877 4454 3880 4454 3310 4454 3877 4455 3310 4455 3311 4455 3552 4456 3861 4456 3871 4456 3871 4457 3861 4457 3863 4457 3871 4458 3863 4458 3879 4458 3879 4459 3863 4459 3865 4459 3879 4460 3865 4460 3880 4460 3880 4461 3865 4461 3308 4461 3880 4462 3308 4462 3310 4462 3300 4463 3323 4463 3868 4463 3301 4464 3300 4464 3881 4464 3302 4465 3301 4465 3882 4465 3303 4466 3302 4466 3883 4466 3883 4467 3302 4467 3884 4467 3885 4468 3886 4468 3887 4468 3887 4469 3886 4469 3888 4469 3887 4470 3888 4470 3884 4470 3884 4471 3888 4471 3889 4471 3884 4472 3889 4472 3883 4472 3244 4473 3242 4473 3890 4473 3890 4474 3891 4474 3244 4474 3244 4475 3891 4475 3892 4475 3244 4476 3892 4476 3885 4476 3885 4477 3892 4477 3893 4477 3885 4478 3893 4478 3886 4478 3302 4479 3882 4479 3884 4479 3884 4480 3882 4480 3894 4480 3884 4481 3894 4481 3887 4481 3887 4482 3894 4482 3895 4482 3887 4483 3895 4483 3885 4483 3885 4484 3895 4484 3246 4484 3885 4485 3246 4485 3244 4485 3896 4486 3250 4486 3248 4486 3301 4487 3881 4487 3882 4487 3882 4488 3881 4488 3897 4488 3882 4489 3897 4489 3894 4489 3894 4490 3897 4490 3896 4490 3894 4491 3896 4491 3895 4491 3895 4492 3896 4492 3248 4492 3895 4493 3248 4493 3246 4493 3300 4494 3868 4494 3881 4494 3881 4495 3868 4495 3869 4495 3881 4496 3869 4496 3897 4496 3897 4497 3869 4497 3870 4497 3897 4498 3870 4498 3896 4498 3896 4499 3870 4499 3252 4499 3896 4500 3252 4500 3250 4500 3876 4501 3878 4501 3898 4501 3899 4502 3900 4502 3901 4502 3902 4503 3903 4503 3904 4503 3905 4504 3262 4504 3264 4504 3903 4505 3906 4505 3264 4505 3906 4506 3907 4506 3264 4506 3264 4507 3907 4507 3908 4507 3264 4508 3908 4508 3905 4508 3902 4509 3904 4509 3909 4509 3899 4510 3901 4510 3303 4510 3903 4511 3264 4511 3904 4511 3904 4512 3264 4512 3266 4512 3904 4513 3266 4513 3910 4513 3910 4514 3266 4514 3257 4514 3910 4515 3257 4515 3911 4515 3254 4516 3253 4516 3873 4516 3257 4517 3259 4517 3911 4517 3911 4518 3259 4518 3254 4518 3911 4519 3254 4519 3912 4519 3912 4520 3254 4520 3873 4520 3912 4521 3873 4521 3874 4521 3874 4522 3876 4522 3912 4522 3912 4523 3876 4523 3898 4523 3912 4524 3898 4524 3911 4524 3911 4525 3898 4525 3913 4525 3911 4526 3913 4526 3910 4526 3910 4527 3913 4527 3901 4527 3910 4528 3901 4528 3904 4528 3904 4529 3901 4529 3900 4529 3904 4530 3900 4530 3909 4530 3909 4531 3900 4531 3899 4531 3303 4532 3901 4532 3298 4532 3298 4533 3901 4533 3913 4533 3298 4534 3913 4534 3299 4534 3299 4535 3913 4535 3898 4535 3299 4536 3898 4536 3318 4536 3318 4537 3898 4537 3878 4537 3318 4538 3878 4538 3316 4538 3914 4539 3915 4539 3303 4539 3915 4540 3914 4540 3916 4540 3917 4541 3915 4541 3916 4541 3917 4542 3916 4542 3918 4542 3903 4543 3902 4543 3918 4543 3918 4544 3902 4544 3909 4544 3918 4545 3909 4545 3917 4545 3917 4546 3909 4546 3899 4546 3917 4547 3899 4547 3915 4547 3915 4548 3899 4548 3303 4548 3919 4549 3920 4549 3921 4549 3921 4550 3920 4550 3888 4550 3906 4551 3903 4551 3922 4551 3922 4552 3903 4552 3918 4552 3922 4553 3918 4553 3923 4553 3923 4554 3918 4554 3916 4554 3923 4555 3916 4555 3924 4555 3924 4556 3916 4556 3914 4556 3888 4557 3886 4557 3921 4557 3921 4558 3886 4558 3893 4558 3921 4559 3893 4559 3892 4559 3907 4560 3906 4560 3925 4560 3925 4561 3906 4561 3922 4561 3925 4562 3922 4562 3926 4562 3926 4563 3922 4563 3923 4563 3926 4564 3923 4564 3927 4564 3927 4565 3923 4565 3924 4565 3927 4566 3924 4566 3928 4566 3928 4567 3924 4567 3914 4567 3928 4568 3914 4568 3883 4568 3883 4569 3914 4569 3303 4569 3929 4570 3919 4570 3930 4570 3930 4571 3919 4571 3921 4571 3930 4572 3921 4572 3931 4572 3931 4573 3921 4573 3892 4573 3931 4574 3892 4574 3891 4574 3908 4575 3907 4575 3932 4575 3932 4576 3907 4576 3925 4576 3932 4577 3925 4577 3933 4577 3933 4578 3925 4578 3926 4578 3933 4579 3926 4579 3934 4579 3934 4580 3926 4580 3927 4580 3934 4581 3927 4581 3935 4581 3935 4582 3927 4582 3928 4582 3935 4583 3928 4583 3936 4583 3936 4584 3928 4584 3883 4584 3936 4585 3883 4585 3889 4585 3937 4586 3929 4586 3938 4586 3938 4587 3929 4587 3930 4587 3938 4588 3930 4588 3939 4588 3939 4589 3930 4589 3931 4589 3939 4590 3931 4590 3940 4590 3940 4591 3931 4591 3891 4591 3940 4592 3891 4592 3890 4592 3941 4593 3937 4593 3942 4593 3942 4594 3937 4594 3938 4594 3942 4595 3938 4595 3943 4595 3943 4596 3938 4596 3939 4596 3943 4597 3939 4597 3944 4597 3944 4598 3939 4598 3940 4598 3944 4599 3940 4599 3945 4599 3945 4600 3940 4600 3890 4600 3905 4601 3908 4601 3941 4601 3941 4602 3908 4602 3932 4602 3941 4603 3932 4603 3937 4603 3937 4604 3932 4604 3933 4604 3937 4605 3933 4605 3929 4605 3929 4606 3933 4606 3934 4606 3929 4607 3934 4607 3919 4607 3919 4608 3934 4608 3935 4608 3919 4609 3935 4609 3920 4609 3920 4610 3935 4610 3936 4610 3920 4611 3936 4611 3888 4611 3888 4612 3936 4612 3889 4612 3262 4613 3905 4613 3633 4613 3633 4614 3905 4614 3941 4614 3633 4615 3941 4615 3636 4615 3636 4616 3941 4616 3942 4616 3636 4617 3942 4617 3638 4617 3638 4618 3942 4618 3943 4618 3638 4619 3943 4619 3641 4619 3641 4620 3943 4620 3944 4620 3641 4621 3944 4621 3644 4621 3644 4622 3944 4622 3945 4622 3644 4623 3945 4623 3242 4623 3242 4624 3945 4624 3890 4624 3946 4625 3947 4625 3948 4625 3949 4626 2967 4626 2965 4626 3950 4627 3951 4627 2965 4627 2965 4628 3951 4628 3952 4628 2965 4629 3952 4629 3949 4629 3953 4630 3954 4630 3955 4630 3012 4631 3956 4631 3957 4631 3957 4632 3956 4632 3958 4632 3957 4633 3958 4633 3959 4633 2942 4634 3960 4634 2944 4634 2944 4635 3960 4635 3961 4635 2944 4636 3961 4636 2946 4636 2946 4637 3961 4637 3962 4637 2946 4638 3962 4638 2947 4638 2947 4639 3962 4639 3963 4639 2947 4640 3963 4640 2948 4640 2948 4641 3963 4641 3964 4641 2948 4642 3964 4642 2961 4642 2961 4643 3964 4643 3965 4643 2961 4644 3965 4644 2958 4644 2958 4645 3965 4645 3966 4645 2958 4646 3966 4646 2956 4646 2956 4647 3966 4647 3967 4647 2956 4648 3967 4648 2953 4648 2953 4649 3967 4649 3968 4649 2953 4650 3968 4650 2965 4650 2965 4651 3968 4651 3955 4651 2965 4652 3955 4652 3950 4652 3950 4653 3955 4653 3954 4653 3960 4654 3946 4654 3961 4654 3961 4655 3946 4655 3948 4655 3961 4656 3948 4656 3962 4656 3962 4657 3948 4657 3969 4657 3962 4658 3969 4658 3963 4658 3963 4659 3969 4659 3970 4659 3963 4660 3970 4660 3964 4660 3964 4661 3970 4661 3971 4661 3964 4662 3971 4662 3965 4662 3965 4663 3971 4663 3972 4663 3965 4664 3972 4664 3966 4664 3966 4665 3972 4665 3973 4665 3966 4666 3973 4666 3967 4666 3967 4667 3973 4667 3974 4667 3967 4668 3974 4668 3968 4668 3968 4669 3974 4669 3975 4669 3968 4670 3975 4670 3955 4670 3955 4671 3975 4671 3957 4671 3955 4672 3957 4672 3953 4672 3953 4673 3957 4673 3959 4673 3947 4674 3011 4674 3948 4674 3948 4675 3011 4675 3010 4675 3948 4676 3010 4676 3969 4676 3969 4677 3010 4677 3009 4677 3969 4678 3009 4678 3970 4678 3970 4679 3009 4679 3007 4679 3970 4680 3007 4680 3971 4680 3971 4681 3007 4681 3005 4681 3971 4682 3005 4682 3972 4682 3972 4683 3005 4683 3003 4683 3972 4684 3003 4684 3973 4684 3973 4685 3003 4685 3002 4685 3973 4686 3002 4686 3974 4686 3974 4687 3002 4687 3016 4687 3974 4688 3016 4688 3975 4688 3975 4689 3016 4689 3015 4689 3975 4690 3015 4690 3957 4690 3957 4691 3015 4691 3013 4691 3957 4692 3013 4692 3012 4692 3950 4693 3954 4693 3976 4693 3977 4694 3978 4694 3979 4694 3980 4695 3981 4695 3012 4695 3981 4696 3980 4696 3982 4696 3983 4697 3981 4697 3982 4697 3983 4698 3982 4698 3984 4698 3953 4699 3959 4699 3984 4699 3984 4700 3959 4700 3958 4700 3984 4701 3958 4701 3983 4701 3983 4702 3958 4702 3956 4702 3983 4703 3956 4703 3981 4703 3981 4704 3956 4704 3012 4704 3954 4705 3953 4705 3976 4705 3976 4706 3953 4706 3984 4706 3976 4707 3984 4707 3985 4707 3985 4708 3984 4708 3982 4708 3985 4709 3982 4709 3986 4709 3986 4710 3982 4710 3980 4710 3977 4711 3979 4711 3987 4711 3951 4712 3950 4712 3988 4712 3988 4713 3950 4713 3976 4713 3988 4714 3976 4714 3989 4714 3989 4715 3976 4715 3985 4715 3989 4716 3985 4716 3990 4716 3990 4717 3985 4717 3986 4717 3990 4718 3986 4718 3991 4718 3991 4719 3986 4719 3980 4719 3991 4720 3980 4720 3992 4720 3992 4721 3980 4721 3012 4721 3952 4722 3951 4722 3993 4722 3993 4723 3951 4723 3988 4723 3993 4724 3988 4724 3994 4724 3994 4725 3988 4725 3989 4725 3994 4726 3989 4726 3995 4726 3995 4727 3989 4727 3990 4727 3995 4728 3990 4728 3996 4728 3996 4729 3990 4729 3991 4729 3996 4730 3991 4730 3997 4730 3997 4731 3991 4731 3992 4731 3997 4732 3992 4732 3998 4732 3999 4733 4000 4733 4001 4733 4001 4734 4000 4734 4002 4734 4001 4735 4002 4735 4003 4735 3978 4736 3999 4736 3979 4736 3979 4737 3999 4737 4001 4737 3979 4738 4001 4738 4004 4738 4004 4739 4001 4739 4003 4739 4004 4740 4003 4740 4005 4740 4006 4741 3987 4741 4007 4741 4007 4742 3987 4742 3979 4742 4007 4743 3979 4743 4008 4743 4008 4744 3979 4744 4004 4744 4008 4745 4004 4745 4009 4745 4009 4746 4004 4746 4005 4746 4009 4747 4005 4747 4010 4747 4011 4748 4006 4748 4012 4748 4012 4749 4006 4749 4007 4749 4012 4750 4007 4750 4013 4750 4013 4751 4007 4751 4008 4751 4013 4752 4008 4752 4014 4752 4014 4753 4008 4753 4009 4753 4014 4754 4009 4754 4015 4754 4015 4755 4009 4755 4010 4755 4015 4756 4010 4756 4016 4756 3949 4757 3952 4757 4016 4757 4016 4758 3952 4758 3993 4758 4016 4759 3993 4759 4015 4759 4015 4760 3993 4760 3994 4760 4015 4761 3994 4761 4014 4761 4014 4762 3994 4762 3995 4762 4014 4763 3995 4763 4013 4763 4013 4764 3995 4764 3996 4764 4013 4765 3996 4765 4012 4765 4012 4766 3996 4766 3997 4766 4012 4767 3997 4767 4011 4767 4011 4768 3997 4768 3998 4768 2967 4769 3949 4769 3676 4769 3676 4770 3949 4770 4016 4770 3676 4771 4016 4771 3677 4771 3677 4772 4016 4772 4010 4772 3677 4773 4010 4773 3683 4773 3683 4774 4010 4774 4005 4774 3683 4775 4005 4775 3684 4775 3684 4776 4005 4776 4003 4776 3684 4777 4003 4777 3687 4777 3687 4778 4003 4778 4002 4778 3687 4779 4002 4779 2985 4779 2985 4780 4002 4780 4000 4780 2942 4781 2995 4781 4017 4781 4017 4782 4018 4782 4019 4782 4019 4783 4018 4783 4020 4783 4019 4784 4020 4784 4021 4784 4021 4785 4020 4785 4022 4785 4021 4786 4022 4786 2999 4786 2999 4787 4022 4787 3000 4787 2995 4788 2993 4788 4023 4788 4023 4789 4024 4789 2995 4789 2995 4790 4024 4790 4025 4790 2995 4791 4025 4791 4017 4791 4017 4792 4025 4792 4026 4792 4017 4793 4026 4793 4018 4793 2942 4794 4017 4794 3960 4794 3960 4795 4017 4795 4019 4795 3960 4796 4019 4796 3946 4796 3946 4797 4019 4797 4021 4797 3946 4798 4021 4798 3947 4798 3947 4799 4021 4799 2999 4799 3947 4800 2999 4800 3011 4800 4027 4801 2981 4801 2983 4801 3978 4802 3977 4802 4028 4802 3992 4803 3012 4803 3014 4803 4029 4804 4030 4804 4031 4804 4032 4805 2988 4805 2969 4805 4033 4806 4034 4806 2969 4806 2969 4807 4034 4807 4035 4807 2969 4808 4035 4808 4032 4808 4029 4809 4031 4809 4036 4809 3998 4810 3992 4810 4037 4810 3977 4811 3987 4811 4028 4811 4028 4812 3987 4812 4006 4812 4028 4813 4006 4813 4037 4813 4037 4814 4006 4814 4011 4814 4037 4815 4011 4815 3998 4815 2985 4816 4000 4816 2983 4816 2983 4817 4000 4817 3999 4817 2981 4818 4027 4818 2979 4818 2979 4819 4027 4819 4038 4819 2979 4820 4038 4820 2977 4820 2977 4821 4038 4821 4039 4821 2977 4822 4039 4822 2975 4822 3992 4823 3014 4823 4037 4823 4037 4824 3014 4824 3004 4824 4037 4825 3004 4825 4040 4825 4040 4826 3004 4826 3006 4826 4040 4827 3006 4827 4041 4827 4041 4828 3006 4828 3008 4828 4041 4829 3008 4829 4042 4829 4042 4830 3008 4830 3001 4830 4042 4831 3001 4831 4043 4831 4043 4832 3001 4832 3000 4832 4043 4833 3000 4833 4044 4833 4044 4834 4036 4834 4043 4834 4043 4835 4036 4835 4031 4835 4043 4836 4031 4836 4042 4836 4042 4837 4031 4837 4045 4837 4042 4838 4045 4838 4041 4838 4041 4839 4045 4839 4039 4839 4041 4840 4039 4840 4040 4840 4040 4841 4039 4841 4038 4841 4040 4842 4038 4842 4037 4842 4037 4843 4038 4843 4027 4843 4037 4844 4027 4844 4028 4844 4028 4845 4027 4845 2983 4845 4028 4846 2983 4846 3978 4846 3978 4847 2983 4847 3999 4847 2975 4848 4039 4848 2973 4848 2973 4849 4039 4849 4045 4849 2973 4850 4045 4850 2971 4850 2971 4851 4045 4851 4031 4851 2971 4852 4031 4852 2969 4852 2969 4853 4031 4853 4030 4853 2969 4854 4030 4854 4033 4854 4022 4855 4046 4855 3000 4855 4044 4856 3000 4856 4047 4856 4044 4857 4047 4857 4048 4857 4048 4858 4047 4858 4049 4858 4048 4859 4049 4859 4050 4859 4030 4860 4029 4860 4050 4860 4050 4861 4029 4861 4036 4861 4050 4862 4036 4862 4048 4862 4048 4863 4036 4863 4044 4863 4033 4864 4030 4864 4051 4864 4051 4865 4030 4865 4050 4865 4051 4866 4050 4866 4052 4866 4052 4867 4050 4867 4049 4867 4052 4868 4049 4868 4053 4868 4053 4869 4049 4869 4047 4869 4053 4870 4047 4870 4046 4870 4046 4871 4047 4871 3000 4871 4034 4872 4033 4872 4054 4872 4054 4873 4033 4873 4051 4873 4054 4874 4051 4874 4055 4874 4055 4875 4051 4875 4052 4875 4055 4876 4052 4876 4056 4876 4056 4877 4052 4877 4053 4877 4056 4878 4053 4878 4057 4878 4057 4879 4053 4879 4046 4879 4035 4880 4034 4880 4058 4880 4058 4881 4034 4881 4054 4881 4058 4882 4054 4882 4059 4882 4059 4883 4054 4883 4055 4883 4059 4884 4055 4884 4060 4884 4060 4885 4055 4885 4056 4885 4060 4886 4056 4886 4061 4886 4061 4887 4056 4887 4057 4887 4061 4888 4057 4888 4062 4888 4062 4889 4057 4889 4046 4889 4062 4890 4046 4890 4020 4890 4020 4891 4046 4891 4022 4891 4024 4892 4023 4892 4063 4892 4063 4893 4023 4893 4064 4893 4063 4894 4064 4894 4065 4894 4025 4895 4024 4895 4066 4895 4066 4896 4024 4896 4063 4896 4066 4897 4063 4897 4067 4897 4067 4898 4063 4898 4065 4898 4067 4899 4065 4899 4068 4899 4026 4900 4025 4900 4069 4900 4069 4901 4025 4901 4066 4901 4069 4902 4066 4902 4070 4902 4070 4903 4066 4903 4067 4903 4070 4904 4067 4904 4071 4904 4071 4905 4067 4905 4068 4905 4071 4906 4068 4906 4072 4906 4018 4907 4026 4907 4073 4907 4073 4908 4026 4908 4069 4908 4073 4909 4069 4909 4074 4909 4074 4910 4069 4910 4070 4910 4074 4911 4070 4911 4075 4911 4075 4912 4070 4912 4071 4912 4075 4913 4071 4913 4076 4913 4076 4914 4071 4914 4072 4914 4076 4915 4072 4915 4077 4915 4032 4916 4035 4916 4077 4916 4077 4917 4035 4917 4058 4917 4077 4918 4058 4918 4076 4918 4076 4919 4058 4919 4059 4919 4076 4920 4059 4920 4075 4920 4075 4921 4059 4921 4060 4921 4075 4922 4060 4922 4074 4922 4074 4923 4060 4923 4061 4923 4074 4924 4061 4924 4073 4924 4073 4925 4061 4925 4062 4925 4073 4926 4062 4926 4018 4926 4018 4927 4062 4927 4020 4927 2988 4928 4032 4928 3694 4928 3694 4929 4032 4929 4077 4929 3694 4930 4077 4930 3696 4930 3696 4931 4077 4931 4072 4931 3696 4932 4072 4932 3692 4932 3692 4933 4072 4933 4068 4933 3692 4934 4068 4934 3701 4934 3701 4935 4068 4935 4065 4935 3701 4936 4065 4936 3703 4936 3703 4937 4065 4937 4064 4937 3703 4938 4064 4938 2993 4938 2993 4939 4064 4939 4023 4939 2935 4940 2934 4940 4078 4940 4078 4941 2934 4941 2940 4941 4078 4942 2940 4942 4079 4942 4079 4943 4080 4943 4078 4943 4078 4944 4080 4944 4081 4944 4078 4945 4081 4945 4082 4945 2935 4946 4078 4946 4083 4946 4083 4947 4078 4947 4082 4947 4083 4948 4082 4948 4084 4948 4084 4949 4082 4949 2908 4949 4084 4950 2908 4950 2906 4950 2904 4951 2908 4951 4085 4951 4085 4952 2908 4952 4082 4952 4085 4953 4082 4953 4086 4953 4086 4954 4082 4954 4081 4954 2904 4955 4085 4955 2900 4955 2900 4956 4085 4956 4087 4956 4087 4957 4085 4957 4088 4957 4088 4958 4085 4958 4086 4958 4088 4959 4086 4959 4089 4959 4089 4960 4086 4960 4081 4960 4089 4961 4081 4961 4090 4961 4090 4962 4081 4962 4080 4962 4090 4963 4080 4963 4091 4963 4080 4964 4079 4964 4091 4964 4091 4965 4079 4965 2940 4965 4091 4966 2940 4966 2939 4966 4092 4967 4093 4967 2935 4967 4092 4968 2935 4968 4094 4968 4095 4969 4094 4969 2935 4969 4096 4970 4095 4970 2935 4970 4097 4971 4096 4971 2935 4971 4083 4972 4097 4972 2935 4972 2910 4973 4098 4973 2912 4973 2912 4974 4098 4974 4099 4974 2912 4975 4099 4975 2914 4975 2914 4976 4099 4976 4100 4976 2914 4977 4100 4977 2916 4977 2916 4978 4100 4978 4101 4978 2916 4979 4101 4979 2918 4979 2918 4980 4101 4980 4102 4980 2918 4981 4102 4981 2920 4981 2920 4982 4102 4982 4103 4982 2920 4983 4103 4983 2906 4983 2906 4984 4103 4984 4084 4984 4098 4985 4093 4985 4099 4985 4099 4986 4093 4986 4092 4986 4099 4987 4092 4987 4100 4987 4100 4988 4092 4988 4094 4988 4100 4989 4094 4989 4101 4989 4101 4990 4094 4990 4095 4990 4101 4991 4095 4991 4102 4991 4102 4992 4095 4992 4096 4992 4102 4993 4096 4993 4103 4993 4103 4994 4096 4994 4097 4994 4103 4995 4097 4995 4084 4995 4084 4996 4097 4996 4083 4996 2939 4997 2937 4997 4091 4997 4091 4998 2937 4998 4104 4998 4091 4999 4104 4999 4090 4999 4105 5000 2901 5000 2900 5000 2900 5001 4087 5001 4105 5001 4105 5002 4087 5002 4088 5002 4105 5003 4088 5003 4104 5003 4104 5004 4088 5004 4089 5004 4104 5005 4089 5005 4090 5005 2890 5006 2901 5006 4106 5006 4106 5007 2901 5007 4105 5007 4106 5008 4105 5008 4107 5008 4107 5009 4105 5009 4104 5009 4107 5010 4104 5010 2936 5010 2936 5011 4104 5011 2937 5011 2923 5012 2922 5012 4108 5012 4108 5013 2922 5013 4109 5013 4108 5014 4109 5014 4110 5014 4110 5015 4109 5015 4111 5015 4110 5016 4111 5016 2933 5016 2933 5017 4111 5017 2931 5017 2910 5018 2923 5018 4098 5018 4098 5019 2923 5019 4108 5019 4098 5020 4108 5020 4093 5020 4093 5021 4108 5021 4110 5021 4093 5022 4110 5022 2935 5022 2935 5023 4110 5023 2933 5023 2896 5024 2894 5024 4112 5024 2898 5025 2896 5025 4113 5025 2880 5026 2898 5026 4114 5026 4114 5027 2898 5027 4115 5027 4116 5028 4117 5028 4115 5028 4115 5029 4117 5029 4118 5029 4115 5030 4118 5030 4114 5030 2936 5031 4119 5031 4120 5031 4120 5032 4119 5032 4112 5032 4120 5033 4112 5033 4121 5033 4121 5034 4112 5034 2894 5034 4121 5035 2894 5035 2892 5035 2936 5036 4120 5036 4107 5036 4107 5037 4120 5037 4121 5037 4107 5038 4121 5038 4106 5038 4106 5039 4121 5039 2892 5039 4106 5040 2892 5040 2890 5040 2936 5041 4122 5041 4116 5041 4116 5042 4122 5042 4123 5042 4116 5043 4123 5043 4117 5043 2898 5044 4113 5044 4115 5044 4115 5045 4113 5045 4124 5045 4115 5046 4124 5046 4116 5046 4116 5047 4124 5047 2936 5047 2896 5048 4112 5048 4113 5048 4113 5049 4112 5049 4119 5049 4113 5050 4119 5050 4124 5050 4124 5051 4119 5051 2936 5051 4125 5052 4126 5052 2931 5052 4125 5053 2931 5053 4127 5053 4111 5054 4127 5054 2931 5054 4128 5055 4129 5055 4126 5055 4130 5056 4131 5056 4132 5056 2888 5057 4130 5057 2926 5057 2926 5058 4130 5058 4132 5058 2926 5059 4132 5059 2928 5059 2928 5060 4132 5060 4133 5060 2928 5061 4133 5061 2930 5061 2930 5062 4133 5062 4134 5062 2930 5063 4134 5063 2922 5063 2922 5064 4134 5064 4109 5064 4131 5065 4128 5065 4132 5065 4132 5066 4128 5066 4126 5066 4132 5067 4126 5067 4133 5067 4133 5068 4126 5068 4125 5068 4133 5069 4125 5069 4134 5069 4134 5070 4125 5070 4127 5070 4134 5071 4127 5071 4109 5071 4109 5072 4127 5072 4111 5072 4129 5073 4135 5073 4126 5073 4126 5074 4135 5074 2931 5074 4136 5075 4130 5075 2888 5075 4118 5076 4117 5076 4137 5076 4138 5077 4139 5077 4140 5077 2932 5078 2931 5078 4135 5078 2932 5079 4139 5079 2938 5079 2938 5080 4139 5080 4138 5080 2938 5081 4138 5081 2936 5081 4117 5082 4123 5082 4138 5082 4138 5083 4123 5083 4122 5083 4138 5084 4122 5084 2936 5084 4136 5085 4141 5085 4137 5085 4137 5086 4141 5086 4114 5086 4137 5087 4114 5087 4118 5087 2932 5088 4135 5088 4139 5088 4139 5089 4135 5089 4129 5089 4139 5090 4129 5090 4140 5090 4140 5091 4129 5091 4128 5091 4140 5092 4128 5092 4131 5092 4117 5093 4138 5093 4137 5093 4137 5094 4138 5094 4140 5094 4137 5095 4140 5095 4136 5095 4136 5096 4140 5096 4131 5096 4136 5097 4131 5097 4130 5097 2880 5098 4114 5098 2882 5098 2882 5099 4114 5099 4141 5099 2882 5100 4141 5100 2884 5100 2884 5101 4141 5101 4136 5101 2884 5102 4136 5102 2886 5102 2886 5103 4136 5103 2888 5103 3137 5104 3141 5104 4142 5104 3137 5105 4142 5105 4143 5105 4143 5106 4142 5106 4144 5106 4143 5107 4144 5107 4145 5107 4144 5108 4146 5108 4145 5108 4145 5109 4146 5109 4147 5109 4145 5110 4147 5110 4148 5110 4148 5111 4147 5111 3164 5111 4148 5112 3164 5112 3163 5112 4149 5113 3144 5113 3143 5113 4150 5114 3155 5114 3154 5114 4151 5115 4150 5115 4152 5115 4150 5116 3154 5116 4152 5116 4152 5117 3154 5117 3164 5117 4152 5118 3164 5118 4147 5118 4147 5119 4146 5119 4152 5119 4152 5120 4146 5120 4149 5120 4152 5121 4149 5121 4151 5121 4151 5122 4149 5122 3143 5122 3141 5123 3144 5123 4142 5123 4142 5124 3144 5124 4149 5124 4142 5125 4149 5125 4144 5125 4144 5126 4149 5126 4146 5126 3162 5127 3160 5127 4153 5127 3163 5128 3162 5128 4154 5128 3162 5129 4153 5129 4154 5129 4154 5130 4153 5130 4155 5130 4154 5131 4155 5131 4156 5131 3163 5132 4154 5132 4148 5132 4148 5133 4154 5133 4156 5133 4148 5134 4156 5134 4145 5134 4145 5135 4156 5135 4157 5135 4145 5136 4157 5136 4143 5136 4158 5137 4157 5137 4159 5137 4159 5138 4157 5138 4156 5138 4159 5139 4156 5139 4160 5139 4160 5140 4156 5140 4155 5140 4158 5141 3125 5141 4157 5141 4157 5142 3125 5142 3139 5142 4157 5143 3139 5143 4143 5143 4143 5144 3139 5144 3137 5144 4161 5145 4162 5145 4163 5145 4164 5146 4151 5146 3143 5146 3149 5147 4162 5147 3151 5147 3151 5148 4162 5148 4161 5148 3151 5149 4161 5149 3153 5149 3155 5150 4150 5150 4165 5150 4165 5151 4150 5151 4151 5151 4151 5152 4164 5152 4165 5152 4165 5153 4164 5153 4166 5153 4165 5154 4166 5154 3155 5154 3155 5155 4163 5155 4167 5155 4167 5156 4163 5156 4162 5156 4167 5157 4162 5157 4168 5157 4168 5158 4162 5158 3149 5158 4168 5159 3149 5159 3147 5159 3155 5160 4167 5160 4169 5160 4169 5161 4167 5161 4168 5161 4169 5162 4168 5162 4170 5162 4170 5163 4168 5163 3147 5163 4170 5164 3147 5164 3111 5164 3143 5165 3153 5165 4164 5165 4164 5166 3153 5166 4161 5166 4164 5167 4161 5167 4166 5167 4166 5168 4161 5168 4163 5168 4166 5169 4163 5169 3155 5169 4153 5170 3160 5170 4171 5170 4172 5171 4173 5171 3160 5171 4172 5172 3160 5172 4174 5172 4175 5173 4174 5173 3160 5173 4176 5174 4177 5174 4171 5174 4178 5175 3121 5175 4179 5175 4179 5176 3121 5176 3135 5176 4179 5177 3135 5177 4180 5177 3125 5178 4158 5178 3127 5178 3127 5179 4158 5179 4177 5179 3127 5180 4177 5180 3129 5180 3129 5181 4177 5181 4176 5181 3129 5182 4176 5182 3131 5182 4175 5183 4178 5183 4174 5183 4174 5184 4178 5184 4179 5184 4174 5185 4179 5185 4172 5185 4172 5186 4179 5186 4180 5186 4172 5187 4180 5187 4173 5187 3133 5188 3131 5188 4181 5188 4181 5189 3131 5189 4176 5189 4181 5190 4176 5190 4182 5190 4182 5191 4176 5191 4171 5191 4182 5192 4171 5192 3160 5192 4158 5193 4159 5193 4177 5193 4177 5194 4159 5194 4160 5194 4177 5195 4160 5195 4171 5195 4171 5196 4160 5196 4155 5196 4171 5197 4155 5197 4153 5197 3135 5198 3133 5198 4180 5198 4180 5199 3133 5199 4181 5199 4180 5200 4181 5200 4173 5200 4173 5201 4181 5201 4182 5201 4173 5202 4182 5202 3160 5202 3155 5203 4169 5203 3156 5203 3156 5204 4169 5204 4183 5204 3156 5205 4183 5205 3161 5205 3161 5206 4183 5206 4184 5206 3161 5207 4184 5207 3159 5207 3159 5208 4184 5208 4185 5208 3159 5209 4185 5209 3157 5209 3157 5210 4185 5210 4186 5210 4169 5211 4170 5211 4183 5211 4183 5212 4170 5212 4187 5212 4183 5213 4187 5213 4184 5213 4184 5214 4187 5214 4188 5214 4184 5215 4188 5215 4185 5215 4185 5216 4188 5216 4189 5216 4185 5217 4189 5217 4186 5217 4186 5218 4189 5218 4190 5218 4170 5219 3111 5219 4187 5219 4187 5220 3111 5220 3109 5220 4187 5221 3109 5221 4188 5221 4188 5222 3109 5222 3107 5222 4188 5223 3107 5223 4189 5223 4189 5224 3107 5224 3105 5224 4189 5225 3105 5225 4190 5225 4190 5226 3105 5226 3103 5226 3122 5227 3121 5227 4191 5227 4191 5228 3121 5228 4178 5228 4191 5229 4178 5229 4192 5229 4192 5230 4178 5230 4175 5230 4192 5231 4175 5231 3158 5231 3158 5232 4175 5232 3160 5232 3113 5233 3122 5233 4193 5233 4193 5234 3122 5234 4191 5234 4193 5235 4191 5235 4194 5235 4194 5236 4191 5236 4192 5236 4194 5237 4192 5237 3157 5237 3157 5238 4192 5238 3158 5238 4195 5239 4196 5239 4197 5239 3117 5240 4196 5240 3119 5240 3119 5241 4196 5241 4195 5241 3119 5242 4195 5242 3103 5242 3103 5243 4195 5243 4190 5243 3157 5244 4186 5244 4198 5244 4198 5245 4186 5245 4190 5245 3157 5246 4197 5246 4199 5246 4199 5247 4197 5247 4196 5247 4199 5248 4196 5248 4200 5248 4200 5249 4196 5249 3117 5249 4200 5250 3117 5250 3115 5250 3157 5251 4199 5251 4194 5251 4194 5252 4199 5252 4200 5252 4194 5253 4200 5253 4193 5253 4193 5254 4200 5254 3115 5254 4193 5255 3115 5255 3113 5255 4190 5256 4195 5256 4198 5256 4198 5257 4195 5257 4197 5257 4198 5258 4197 5258 3157 5258 4201 5259 3215 5259 3213 5259 4202 5260 4203 5260 4204 5260 4204 5261 4203 5261 4205 5261 3196 5262 3199 5262 4206 5262 4206 5263 4207 5263 3196 5263 3196 5264 4207 5264 4208 5264 3196 5265 4208 5265 4209 5265 4201 5266 3213 5266 4210 5266 4210 5267 3213 5267 4211 5267 4211 5268 3213 5268 4212 5268 4211 5269 4212 5269 4213 5269 3230 5270 3229 5270 4214 5270 4214 5271 3229 5271 4215 5271 4214 5272 4215 5272 4216 5272 4216 5273 4217 5273 4214 5273 4214 5274 4217 5274 4218 5274 4214 5275 4218 5275 4212 5275 4212 5276 4218 5276 4219 5276 4212 5277 4219 5277 4213 5277 4220 5278 3196 5278 4221 5278 4221 5279 3196 5279 4209 5279 4221 5280 4209 5280 4222 5280 4223 5281 4224 5281 4225 5281 4225 5282 4224 5282 4226 5282 4225 5283 4226 5283 4227 5283 4227 5284 4226 5284 4228 5284 4227 5285 4228 5285 4229 5285 4229 5286 4228 5286 4220 5286 4229 5287 4220 5287 4204 5287 4204 5288 4220 5288 4221 5288 4204 5289 4221 5289 4202 5289 4202 5290 4221 5290 4222 5290 3211 5291 3209 5291 4224 5291 4224 5292 3209 5292 3207 5292 4224 5293 3207 5293 4226 5293 4226 5294 3207 5294 3206 5294 4226 5295 3206 5295 4228 5295 4228 5296 3206 5296 3204 5296 4228 5297 3204 5297 4220 5297 4220 5298 3204 5298 3202 5298 4220 5299 3202 5299 3196 5299 3230 5300 4223 5300 3238 5300 3238 5301 4223 5301 4225 5301 3238 5302 4225 5302 3236 5302 3236 5303 4225 5303 4227 5303 3236 5304 4227 5304 3234 5304 3234 5305 4227 5305 4229 5305 3234 5306 4229 5306 3231 5306 3231 5307 4229 5307 4204 5307 3231 5308 4204 5308 3225 5308 3225 5309 4204 5309 4205 5309 3225 5310 4205 5310 3226 5310 3230 5311 4214 5311 4223 5311 4223 5312 4214 5312 4212 5312 4223 5313 4212 5313 4224 5313 4224 5314 4212 5314 3213 5314 4224 5315 3213 5315 3211 5315 4213 5316 4219 5316 4230 5316 4231 5317 4232 5317 4233 5317 4234 5318 4235 5318 3229 5318 4215 5319 3229 5319 4236 5319 4215 5320 4236 5320 4237 5320 4237 5321 4236 5321 4238 5321 4237 5322 4238 5322 4239 5322 4218 5323 4217 5323 4239 5323 4239 5324 4217 5324 4216 5324 4239 5325 4216 5325 4237 5325 4237 5326 4216 5326 4215 5326 4219 5327 4218 5327 4230 5327 4230 5328 4218 5328 4239 5328 4230 5329 4239 5329 4240 5329 4240 5330 4239 5330 4238 5330 4240 5331 4238 5331 4241 5331 4241 5332 4238 5332 4236 5332 4241 5333 4236 5333 4235 5333 4235 5334 4236 5334 3229 5334 4211 5335 4213 5335 4242 5335 4242 5336 4213 5336 4230 5336 4242 5337 4230 5337 4243 5337 4243 5338 4230 5338 4240 5338 4243 5339 4240 5339 4244 5339 4244 5340 4240 5340 4241 5340 4244 5341 4241 5341 4245 5341 4245 5342 4241 5342 4235 5342 4210 5343 4211 5343 4246 5343 4246 5344 4211 5344 4242 5344 4246 5345 4242 5345 4247 5345 4247 5346 4242 5346 4243 5346 4247 5347 4243 5347 4248 5347 4248 5348 4243 5348 4244 5348 4248 5349 4244 5349 4249 5349 4249 5350 4244 5350 4245 5350 4249 5351 4245 5351 4250 5351 4250 5352 4245 5352 4235 5352 4250 5353 4235 5353 4251 5353 4251 5354 4235 5354 4234 5354 4252 5355 4253 5355 4254 5355 4254 5356 4253 5356 4255 5356 4254 5357 4255 5357 4256 5357 4257 5358 4252 5358 4258 5358 4258 5359 4252 5359 4254 5359 4258 5360 4254 5360 4259 5360 4259 5361 4254 5361 4256 5361 4259 5362 4256 5362 4260 5362 4232 5363 4257 5363 4233 5363 4233 5364 4257 5364 4258 5364 4233 5365 4258 5365 4261 5365 4261 5366 4258 5366 4259 5366 4261 5367 4259 5367 4262 5367 4262 5368 4259 5368 4260 5368 4262 5369 4260 5369 4263 5369 4264 5370 4231 5370 4265 5370 4265 5371 4231 5371 4233 5371 4265 5372 4233 5372 4266 5372 4266 5373 4233 5373 4261 5373 4266 5374 4261 5374 4267 5374 4267 5375 4261 5375 4262 5375 4267 5376 4262 5376 4268 5376 4268 5377 4262 5377 4263 5377 4268 5378 4263 5378 4269 5378 4201 5379 4210 5379 4269 5379 4269 5380 4210 5380 4246 5380 4269 5381 4246 5381 4268 5381 4268 5382 4246 5382 4247 5382 4268 5383 4247 5383 4267 5383 4267 5384 4247 5384 4248 5384 4267 5385 4248 5385 4266 5385 4266 5386 4248 5386 4249 5386 4266 5387 4249 5387 4265 5387 4265 5388 4249 5388 4250 5388 4265 5389 4250 5389 4264 5389 4264 5390 4250 5390 4251 5390 3215 5391 4201 5391 3662 5391 3662 5392 4201 5392 4269 5392 3662 5393 4269 5393 3666 5393 3666 5394 4269 5394 4263 5394 3666 5395 4263 5395 3669 5395 3669 5396 4263 5396 4260 5396 3669 5397 4260 5397 3670 5397 3670 5398 4260 5398 4256 5398 3670 5399 4256 5399 3673 5399 3673 5400 4256 5400 4255 5400 3673 5401 4255 5401 3166 5401 3166 5402 4255 5402 4253 5402 4270 5403 4271 5403 3226 5403 4271 5404 4270 5404 4272 5404 4273 5405 4271 5405 4272 5405 4273 5406 4272 5406 4274 5406 4275 5407 4276 5407 4274 5407 4274 5408 4276 5408 4277 5408 4274 5409 4277 5409 4273 5409 4273 5410 4277 5410 4278 5410 4273 5411 4278 5411 4271 5411 4271 5412 4278 5412 3226 5412 4279 5413 4280 5413 4281 5413 4281 5414 4280 5414 4202 5414 4282 5415 4275 5415 4283 5415 4283 5416 4275 5416 4274 5416 4283 5417 4274 5417 4284 5417 4284 5418 4274 5418 4272 5418 4284 5419 4272 5419 4285 5419 4285 5420 4272 5420 4270 5420 4202 5421 4222 5421 4281 5421 4281 5422 4222 5422 4209 5422 4281 5423 4209 5423 4208 5423 4286 5424 4282 5424 4287 5424 4287 5425 4282 5425 4283 5425 4287 5426 4283 5426 4288 5426 4288 5427 4283 5427 4284 5427 4288 5428 4284 5428 4289 5428 4289 5429 4284 5429 4285 5429 4289 5430 4285 5430 4290 5430 4290 5431 4285 5431 4270 5431 4290 5432 4270 5432 4205 5432 4205 5433 4270 5433 3226 5433 4291 5434 4279 5434 4292 5434 4292 5435 4279 5435 4281 5435 4292 5436 4281 5436 4293 5436 4293 5437 4281 5437 4208 5437 4293 5438 4208 5438 4207 5438 4294 5439 4286 5439 4295 5439 4295 5440 4286 5440 4287 5440 4295 5441 4287 5441 4296 5441 4296 5442 4287 5442 4288 5442 4296 5443 4288 5443 4297 5443 4297 5444 4288 5444 4289 5444 4297 5445 4289 5445 4298 5445 4298 5446 4289 5446 4290 5446 4298 5447 4290 5447 4299 5447 4299 5448 4290 5448 4205 5448 4299 5449 4205 5449 4203 5449 4300 5450 4291 5450 4301 5450 4301 5451 4291 5451 4292 5451 4301 5452 4292 5452 4302 5452 4302 5453 4292 5453 4293 5453 4302 5454 4293 5454 4303 5454 4303 5455 4293 5455 4207 5455 4303 5456 4207 5456 4206 5456 4304 5457 4300 5457 4305 5457 4305 5458 4300 5458 4301 5458 4305 5459 4301 5459 4306 5459 4306 5460 4301 5460 4302 5460 4306 5461 4302 5461 4307 5461 4307 5462 4302 5462 4303 5462 4307 5463 4303 5463 4308 5463 4308 5464 4303 5464 4206 5464 4309 5465 4294 5465 4304 5465 4304 5466 4294 5466 4295 5466 4304 5467 4295 5467 4300 5467 4300 5468 4295 5468 4296 5468 4300 5469 4296 5469 4291 5469 4291 5470 4296 5470 4297 5470 4291 5471 4297 5471 4279 5471 4279 5472 4297 5472 4298 5472 4279 5473 4298 5473 4280 5473 4280 5474 4298 5474 4299 5474 4280 5475 4299 5475 4202 5475 4202 5476 4299 5476 4203 5476 3219 5477 4309 5477 3649 5477 3649 5478 4309 5478 4304 5478 3649 5479 4304 5479 3647 5479 3647 5480 4304 5480 4305 5480 3647 5481 4305 5481 3650 5481 3650 5482 4305 5482 4306 5482 3650 5483 4306 5483 3653 5483 3653 5484 4306 5484 4307 5484 3653 5485 4307 5485 3656 5485 3656 5486 4307 5486 4308 5486 3656 5487 4308 5487 3199 5487 3199 5488 4308 5488 4206 5488 4310 5489 4311 5489 4312 5489 4252 5490 4257 5490 4313 5490 4234 5491 3229 5491 3228 5491 4251 5492 4314 5492 4264 5492 4264 5493 4314 5493 4231 5493 3168 5494 3166 5494 4253 5494 4315 5495 4316 5495 4317 5495 4317 5496 4316 5496 3192 5496 3192 5497 3190 5497 4317 5497 4317 5498 3190 5498 3176 5498 4317 5499 3176 5499 4318 5499 4318 5500 3176 5500 3179 5500 4318 5501 3179 5501 4319 5501 3179 5502 3181 5502 4319 5502 4319 5503 3181 5503 3184 5503 4319 5504 3184 5504 4320 5504 3184 5505 3186 5505 4320 5505 4320 5506 3186 5506 3171 5506 4320 5507 3171 5507 4321 5507 3171 5508 3173 5508 4321 5508 4321 5509 3173 5509 3170 5509 4321 5510 3170 5510 4313 5510 4313 5511 3170 5511 3168 5511 4313 5512 3168 5512 4252 5512 4252 5513 3168 5513 4253 5513 4257 5514 4232 5514 4313 5514 4313 5515 4232 5515 4322 5515 4313 5516 4322 5516 4321 5516 4321 5517 4322 5517 4323 5517 4321 5518 4323 5518 4320 5518 4320 5519 4323 5519 4324 5519 4320 5520 4324 5520 4319 5520 4319 5521 4324 5521 4325 5521 4319 5522 4325 5522 4318 5522 4318 5523 4325 5523 4326 5523 4318 5524 4326 5524 4317 5524 4317 5525 4326 5525 4312 5525 4317 5526 4312 5526 4315 5526 4315 5527 4312 5527 4311 5527 4232 5528 4231 5528 4322 5528 4322 5529 4231 5529 4314 5529 4322 5530 4314 5530 4323 5530 4323 5531 4314 5531 4327 5531 4323 5532 4327 5532 4324 5532 4324 5533 4327 5533 4328 5533 4324 5534 4328 5534 4325 5534 4325 5535 4328 5535 4329 5535 4325 5536 4329 5536 4326 5536 4326 5537 4329 5537 4330 5537 4326 5538 4330 5538 4312 5538 4312 5539 4330 5539 4331 5539 4312 5540 4331 5540 4310 5540 4310 5541 4331 5541 4332 5541 4251 5542 4234 5542 4314 5542 4314 5543 4234 5543 3228 5543 4314 5544 3228 5544 4327 5544 4327 5545 3228 5545 3240 5545 4327 5546 3240 5546 4328 5546 4328 5547 3240 5547 3239 5547 4328 5548 3239 5548 4329 5548 4329 5549 3239 5549 3237 5549 4329 5550 3237 5550 4330 5550 4330 5551 3237 5551 3235 5551 4330 5552 3235 5552 4331 5552 4331 5553 3235 5553 3233 5553 4331 5554 3233 5554 4332 5554 4332 5555 3233 5555 3232 5555 4316 5556 4315 5556 4333 5556 4309 5557 3219 5557 3222 5557 4275 5558 4282 5558 3222 5558 4282 5559 4286 5559 3222 5559 3222 5560 4286 5560 4294 5560 3222 5561 4294 5561 4309 5561 4277 5562 4276 5562 4333 5562 3227 5563 3226 5563 4334 5563 4334 5564 3226 5564 4278 5564 3192 5565 4316 5565 3222 5565 3222 5566 4316 5566 4333 5566 3222 5567 4333 5567 4275 5567 4275 5568 4333 5568 4276 5568 4315 5569 4311 5569 4333 5569 4333 5570 4311 5570 4334 5570 4333 5571 4334 5571 4277 5571 4277 5572 4334 5572 4278 5572 3232 5573 3227 5573 4332 5573 4332 5574 3227 5574 4334 5574 4332 5575 4334 5575 4310 5575 4310 5576 4334 5576 4311 5576 4335 5577 4336 5577 4337 5577 4338 5578 4339 5578 4340 5578 2646 5579 4338 5579 4341 5579 3601 5580 4342 5580 3599 5580 3599 5581 4342 5581 4343 5581 3599 5582 4343 5582 3598 5582 3598 5583 4343 5583 4344 5583 3598 5584 4344 5584 3596 5584 3596 5585 4344 5585 4340 5585 3596 5586 4340 5586 3594 5586 3594 5587 4340 5587 4339 5587 3594 5588 4339 5588 3070 5588 3601 5589 3602 5589 4342 5589 4342 5590 3602 5590 4345 5590 4342 5591 4345 5591 4346 5591 4338 5592 4340 5592 4341 5592 4341 5593 4340 5593 4344 5593 4341 5594 4344 5594 4347 5594 4347 5595 4344 5595 4343 5595 4347 5596 4343 5596 4348 5596 4348 5597 4343 5597 4342 5597 4348 5598 4342 5598 4337 5598 4337 5599 4342 5599 4346 5599 4337 5600 4346 5600 4335 5600 2646 5601 4341 5601 2650 5601 2650 5602 4341 5602 4347 5602 2650 5603 4347 5603 2651 5603 2651 5604 4347 5604 4348 5604 2651 5605 4348 5605 2653 5605 2653 5606 4348 5606 4337 5606 2653 5607 4337 5607 2645 5607 2645 5608 4337 5608 4336 5608 2645 5609 4336 5609 2454 5609 4349 5610 4350 5610 4351 5610 3605 5611 3047 5611 4352 5611 4352 5612 3047 5612 4353 5612 4352 5613 4353 5613 4354 5613 2454 5614 4351 5614 2455 5614 2455 5615 4351 5615 4350 5615 2455 5616 4350 5616 2457 5616 2454 5617 4336 5617 4351 5617 4351 5618 4336 5618 4354 5618 4351 5619 4354 5619 4349 5619 4349 5620 4354 5620 4353 5620 4345 5621 4352 5621 4346 5621 4346 5622 4352 5622 4354 5622 4346 5623 4354 5623 4335 5623 4335 5624 4354 5624 4336 5624 4345 5625 3602 5625 4352 5625 4352 5626 3602 5626 3604 5626 4352 5627 3604 5627 3605 5627 3071 5628 3070 5628 4355 5628 4355 5629 3070 5629 4339 5629 4355 5630 4339 5630 4356 5630 4356 5631 4339 5631 4338 5631 4356 5632 4338 5632 2648 5632 2648 5633 4338 5633 2646 5633 3073 5634 3071 5634 4357 5634 4357 5635 3071 5635 4355 5635 4357 5636 4355 5636 4358 5636 4358 5637 4355 5637 4356 5637 4358 5638 4356 5638 2621 5638 2621 5639 4356 5639 2648 5639 3053 5640 3055 5640 4359 5640 3059 5641 3061 5641 4360 5641 3063 5642 3065 5642 4361 5642 4361 5643 3065 5643 4362 5643 4361 5644 4362 5644 4363 5644 4363 5645 4362 5645 4364 5645 4363 5646 4364 5646 4365 5646 4365 5647 4364 5647 4366 5647 4365 5648 4366 5648 2450 5648 2450 5649 4366 5649 2452 5649 3061 5650 3063 5650 4360 5650 4360 5651 3063 5651 4361 5651 4360 5652 4361 5652 4367 5652 4367 5653 4361 5653 4363 5653 4367 5654 4363 5654 4368 5654 4368 5655 4363 5655 4365 5655 4368 5656 4365 5656 2448 5656 2448 5657 4365 5657 2450 5657 3057 5658 3059 5658 4369 5658 4369 5659 3059 5659 4360 5659 4369 5660 4360 5660 4370 5660 4370 5661 4360 5661 4367 5661 4370 5662 4367 5662 4371 5662 4371 5663 4367 5663 4368 5663 4371 5664 4368 5664 2446 5664 2446 5665 4368 5665 2448 5665 3055 5666 3057 5666 4359 5666 4359 5667 3057 5667 4369 5667 4359 5668 4369 5668 4372 5668 4372 5669 4369 5669 4370 5669 4372 5670 4370 5670 4373 5670 4373 5671 4370 5671 4371 5671 4373 5672 4371 5672 2444 5672 2444 5673 4371 5673 2446 5673 3051 5674 3053 5674 4374 5674 4374 5675 3053 5675 4359 5675 4374 5676 4359 5676 4375 5676 4375 5677 4359 5677 4372 5677 4375 5678 4372 5678 4376 5678 4376 5679 4372 5679 4373 5679 4376 5680 4373 5680 2443 5680 2443 5681 4373 5681 2444 5681 3046 5682 3051 5682 4377 5682 4377 5683 3051 5683 4374 5683 4377 5684 4374 5684 4378 5684 4378 5685 4374 5685 4375 5685 4378 5686 4375 5686 4379 5686 4379 5687 4375 5687 4376 5687 4379 5688 4376 5688 2459 5688 2459 5689 4376 5689 2443 5689 3047 5690 3046 5690 4353 5690 4353 5691 3046 5691 4377 5691 4353 5692 4377 5692 4349 5692 4349 5693 4377 5693 4378 5693 4349 5694 4378 5694 4350 5694 4350 5695 4378 5695 4379 5695 4350 5696 4379 5696 2457 5696 2457 5697 4379 5697 2459 5697 3074 5698 3073 5698 4380 5698 4380 5699 3073 5699 4357 5699 4380 5700 4357 5700 4381 5700 4381 5701 4357 5701 4358 5701 3068 5702 3074 5702 4382 5702 4382 5703 3074 5703 4380 5703 4382 5704 4380 5704 4383 5704 4383 5705 4380 5705 4381 5705 2626 5706 4383 5706 2623 5706 2623 5707 4383 5707 4381 5707 2623 5708 4381 5708 2620 5708 2620 5709 4381 5709 4358 5709 2620 5710 4358 5710 2621 5710 3066 5711 3068 5711 4384 5711 4384 5712 3068 5712 4382 5712 4384 5713 4382 5713 4385 5713 4385 5714 4382 5714 4383 5714 4385 5715 4383 5715 4386 5715 4386 5716 4383 5716 2626 5716 4362 5717 3065 5717 3709 5717 4366 5718 4387 5718 2452 5718 2452 5719 4387 5719 2453 5719 3709 5720 4388 5720 4362 5720 4362 5721 4388 5721 4389 5721 4362 5722 4389 5722 4364 5722 4364 5723 4389 5723 4390 5723 4364 5724 4390 5724 4366 5724 4366 5725 4390 5725 4391 5725 4366 5726 4391 5726 4387 5726 3551 5727 3066 5727 4392 5727 4392 5728 3066 5728 4384 5728 4392 5729 4384 5729 4393 5729 4393 5730 4384 5730 4385 5730 4393 5731 4385 5731 4394 5731 4394 5732 4385 5732 4386 5732 4394 5733 4386 5733 2629 5733 2629 5734 4386 5734 2626 5734 3550 5735 3551 5735 4395 5735 4395 5736 3551 5736 4392 5736 4395 5737 4392 5737 4396 5737 4396 5738 4392 5738 4393 5738 4396 5739 4393 5739 4397 5739 4397 5740 4393 5740 4394 5740 4397 5741 4394 5741 2631 5741 2631 5742 4394 5742 2629 5742 3548 5743 3550 5743 4398 5743 4398 5744 3550 5744 4395 5744 4398 5745 4395 5745 4399 5745 4399 5746 4395 5746 4396 5746 4399 5747 4396 5747 4400 5747 4400 5748 4396 5748 4397 5748 4400 5749 4397 5749 2643 5749 2643 5750 4397 5750 2631 5750 3045 5751 3548 5751 4401 5751 4401 5752 3548 5752 4398 5752 4401 5753 4398 5753 4402 5753 4402 5754 4398 5754 4399 5754 4402 5755 4399 5755 4403 5755 4403 5756 4399 5756 4400 5756 4403 5757 4400 5757 2642 5757 2642 5758 4400 5758 2643 5758 2561 5759 2453 5759 4387 5759 2561 5760 4387 5760 4404 5760 4387 5761 4391 5761 4404 5761 4404 5762 4391 5762 4390 5762 4404 5763 4390 5763 4405 5763 2560 5764 2561 5764 4406 5764 4406 5765 2561 5765 4404 5765 4406 5766 4404 5766 4407 5766 4407 5767 4404 5767 4405 5767 4407 5768 4405 5768 3017 5768 3017 5769 4405 5769 3710 5769 3709 5770 3710 5770 4388 5770 4388 5771 3710 5771 4405 5771 4388 5772 4405 5772 4389 5772 4389 5773 4405 5773 4390 5773 4408 5774 4409 5774 4410 5774 4411 5775 4412 5775 4413 5775 4403 5776 2642 5776 2640 5776 4402 5777 4403 5777 4414 5777 4401 5778 4402 5778 4415 5778 3045 5779 4401 5779 4416 5779 3045 5780 4416 5780 3043 5780 3043 5781 4416 5781 4417 5781 3043 5782 4417 5782 3041 5782 3041 5783 4417 5783 4410 5783 3041 5784 4410 5784 3039 5784 4403 5785 2640 5785 4414 5785 4414 5786 2640 5786 2638 5786 4414 5787 2638 5787 4418 5787 4418 5788 2638 5788 2636 5788 4418 5789 2636 5789 4419 5789 4419 5790 2636 5790 2437 5790 4419 5791 2437 5791 4420 5791 4402 5792 4414 5792 4415 5792 4415 5793 4414 5793 4418 5793 4415 5794 4418 5794 4421 5794 4421 5795 4418 5795 4419 5795 4421 5796 4419 5796 4413 5796 4413 5797 4419 5797 4420 5797 4413 5798 4420 5798 4411 5798 4401 5799 4415 5799 4416 5799 4416 5800 4415 5800 4421 5800 4416 5801 4421 5801 4417 5801 4417 5802 4421 5802 4413 5802 4417 5803 4413 5803 4410 5803 4410 5804 4413 5804 4412 5804 4410 5805 4412 5805 4408 5805 3039 5806 4410 5806 3033 5806 3033 5807 4410 5807 4409 5807 3033 5808 4409 5808 3031 5808 3017 5809 3019 5809 4407 5809 4407 5810 3019 5810 4422 5810 4407 5811 4422 5811 4406 5811 4406 5812 4422 5812 4423 5812 4406 5813 4423 5813 2560 5813 2560 5814 4423 5814 2558 5814 2437 5815 2439 5815 4420 5815 4420 5816 2439 5816 4424 5816 4420 5817 4424 5817 4411 5817 4425 5818 3029 5818 3031 5818 3031 5819 4409 5819 4425 5819 4425 5820 4409 5820 4408 5820 4425 5821 4408 5821 4424 5821 4424 5822 4408 5822 4412 5822 4424 5823 4412 5823 4411 5823 3034 5824 3029 5824 4426 5824 4426 5825 3029 5825 4425 5825 4426 5826 4425 5826 4427 5826 4427 5827 4425 5827 4424 5827 4427 5828 4424 5828 2441 5828 2441 5829 4424 5829 2439 5829 4428 5830 2591 5830 2569 5830 4429 5831 4428 5831 4430 5831 3027 5832 4429 5832 4431 5832 4428 5833 2569 5833 4430 5833 4430 5834 2569 5834 2570 5834 4430 5835 2570 5835 4432 5835 4432 5836 2570 5836 2566 5836 4432 5837 2566 5837 4433 5837 4433 5838 2566 5838 2558 5838 4433 5839 2558 5839 4423 5839 4429 5840 4430 5840 4431 5840 4431 5841 4430 5841 4432 5841 4431 5842 4432 5842 4434 5842 4434 5843 4432 5843 4433 5843 4434 5844 4433 5844 4435 5844 4435 5845 4433 5845 4423 5845 4435 5846 4423 5846 4422 5846 3027 5847 4431 5847 3025 5847 3025 5848 4431 5848 4434 5848 3025 5849 4434 5849 3022 5849 3022 5850 4434 5850 4435 5850 3022 5851 4435 5851 3021 5851 3021 5852 4435 5852 4422 5852 3021 5853 4422 5853 3019 5853 3035 5854 3034 5854 4436 5854 4436 5855 3034 5855 4426 5855 4436 5856 4426 5856 4437 5856 4437 5857 4426 5857 4427 5857 4437 5858 4427 5858 2601 5858 2601 5859 4427 5859 2441 5859 3037 5860 3035 5860 4438 5860 4438 5861 3035 5861 4436 5861 4438 5862 4436 5862 4439 5862 4439 5863 4436 5863 4437 5863 4439 5864 4437 5864 2603 5864 2603 5865 4437 5865 2601 5865 4440 5866 4441 5866 4442 5866 3631 5867 3037 5867 4443 5867 4443 5868 3037 5868 4438 5868 4443 5869 4438 5869 4444 5869 4444 5870 4438 5870 4439 5870 4444 5871 4439 5871 2604 5871 2604 5872 4439 5872 2603 5872 3630 5873 3631 5873 4445 5873 4445 5874 3631 5874 4443 5874 4445 5875 4443 5875 4446 5875 4446 5876 4443 5876 4444 5876 4446 5877 4444 5877 2595 5877 2595 5878 4444 5878 2604 5878 2595 5879 2594 5879 4446 5879 4446 5880 2594 5880 4447 5880 4446 5881 4447 5881 4445 5881 4445 5882 4447 5882 4448 5882 4445 5883 4448 5883 3630 5883 3625 5884 3627 5884 4448 5884 4448 5885 3627 5885 3628 5885 4448 5886 3628 5886 3630 5886 4441 5887 2600 5887 2599 5887 4441 5888 2599 5888 4442 5888 4442 5889 2599 5889 2598 5889 4442 5890 2598 5890 4449 5890 4449 5891 2598 5891 2597 5891 4449 5892 2597 5892 4450 5892 4440 5893 4442 5893 4451 5893 4451 5894 4442 5894 4449 5894 4451 5895 4449 5895 4452 5895 4452 5896 4449 5896 4450 5896 4452 5897 4450 5897 4453 5897 2594 5898 2600 5898 4447 5898 4447 5899 2600 5899 4441 5899 4447 5900 4441 5900 4448 5900 4448 5901 4441 5901 4440 5901 4448 5902 4440 5902 3625 5902 3625 5903 4440 5903 4451 5903 3625 5904 4451 5904 3624 5904 3624 5905 4451 5905 4452 5905 3624 5906 4452 5906 3622 5906 3622 5907 4452 5907 4453 5907 3622 5908 4453 5908 3620 5908 3620 5909 4453 5909 3619 5909 3617 5910 3619 5910 4454 5910 4454 5911 3619 5911 4453 5911 4454 5912 4453 5912 4455 5912 4455 5913 4453 5913 4450 5913 4455 5914 4450 5914 2592 5914 2592 5915 4450 5915 2597 5915 3027 5916 3617 5916 4429 5916 4429 5917 3617 5917 4454 5917 4429 5918 4454 5918 4428 5918 4428 5919 4454 5919 4455 5919 4428 5920 4455 5920 2591 5920 2591 5921 4455 5921 2592 5921 3285 5922 3287 5922 4456 5922 3291 5923 3293 5923 4457 5923 3295 5924 3297 5924 4458 5924 4458 5925 3297 5925 4459 5925 4458 5926 4459 5926 4460 5926 4460 5927 4459 5927 4461 5927 4460 5928 4461 5928 4462 5928 4462 5929 4461 5929 4463 5929 4462 5930 4463 5930 2348 5930 2348 5931 4463 5931 2347 5931 3293 5932 3295 5932 4457 5932 4457 5933 3295 5933 4458 5933 4457 5934 4458 5934 4464 5934 4464 5935 4458 5935 4460 5935 4464 5936 4460 5936 4465 5936 4465 5937 4460 5937 4462 5937 4465 5938 4462 5938 2350 5938 2350 5939 4462 5939 2348 5939 3289 5940 3291 5940 4466 5940 4466 5941 3291 5941 4457 5941 4466 5942 4457 5942 4467 5942 4467 5943 4457 5943 4464 5943 4467 5944 4464 5944 4468 5944 4468 5945 4464 5945 4465 5945 4468 5946 4465 5946 2352 5946 2352 5947 4465 5947 2350 5947 3287 5948 3289 5948 4456 5948 4456 5949 3289 5949 4466 5949 4456 5950 4466 5950 4469 5950 4469 5951 4466 5951 4467 5951 4469 5952 4467 5952 4470 5952 4470 5953 4467 5953 4468 5953 4470 5954 4468 5954 2354 5954 2354 5955 4468 5955 2352 5955 3283 5956 3285 5956 4471 5956 4471 5957 3285 5957 4456 5957 4471 5958 4456 5958 4472 5958 4472 5959 4456 5959 4469 5959 4472 5960 4469 5960 4473 5960 4473 5961 4469 5961 4470 5961 4473 5962 4470 5962 2356 5962 2356 5963 4470 5963 2354 5963 3281 5964 3283 5964 4474 5964 4474 5965 3283 5965 4471 5965 4474 5966 4471 5966 4475 5966 4475 5967 4471 5967 4472 5967 4475 5968 4472 5968 4476 5968 4476 5969 4472 5969 4473 5969 4476 5970 4473 5970 2358 5970 2358 5971 4473 5971 2356 5971 3279 5972 3281 5972 4477 5972 4477 5973 3281 5973 4474 5973 4477 5974 4474 5974 4478 5974 4478 5975 4474 5975 4475 5975 4478 5976 4475 5976 4479 5976 4479 5977 4475 5977 4476 5977 4479 5978 4476 5978 2359 5978 2359 5979 4476 5979 2358 5979 3708 5980 3279 5980 4480 5980 4480 5981 3279 5981 4477 5981 4480 5982 4477 5982 4481 5982 4481 5983 4477 5983 4478 5983 4481 5984 4478 5984 4482 5984 4482 5985 4478 5985 4479 5985 4482 5986 4479 5986 2315 5986 2315 5987 4479 5987 2359 5987 4483 5988 4484 5988 4485 5988 2343 5989 2345 5989 4486 5989 4486 5990 2345 5990 4483 5990 4486 5991 4483 5991 4487 5991 4487 5992 4483 5992 4485 5992 3607 5993 3608 5993 4488 5993 4488 5994 3608 5994 4489 5994 4488 5995 4489 5995 4484 5995 4484 5996 4489 5996 4490 5996 4484 5997 4490 5997 4485 5997 3297 5998 3607 5998 4459 5998 4459 5999 3607 5999 4488 5999 4459 6000 4488 6000 4461 6000 4461 6001 4488 6001 4484 6001 4461 6002 4484 6002 4463 6002 4463 6003 4484 6003 4483 6003 4463 6004 4483 6004 2347 6004 2347 6005 4483 6005 2345 6005 2315 6006 2317 6006 4482 6006 4482 6007 2317 6007 4491 6007 4482 6008 4491 6008 4481 6008 4481 6009 4491 6009 4492 6009 4481 6010 4492 6010 4480 6010 4480 6011 4492 6011 4493 6011 4480 6012 4493 6012 3708 6012 3708 6013 4493 6013 3707 6013 2317 6014 2318 6014 4491 6014 4491 6015 2318 6015 4494 6015 4491 6016 4494 6016 4492 6016 4492 6017 4494 6017 4495 6017 4492 6018 4495 6018 4493 6018 4493 6019 4495 6019 4496 6019 4493 6020 4496 6020 3707 6020 3707 6021 4496 6021 3251 6021 4489 6022 3608 6022 3610 6022 4485 6023 4490 6023 4497 6023 4497 6024 4490 6024 4489 6024 2343 6025 4486 6025 4498 6025 4498 6026 4486 6026 4487 6026 4498 6027 4487 6027 4485 6027 4489 6028 3610 6028 4497 6028 4497 6029 3610 6029 3611 6029 4497 6030 3611 6030 4499 6030 4499 6031 3611 6031 3613 6031 4499 6032 3613 6032 4500 6032 3613 6033 3614 6033 4500 6033 4500 6034 3614 6034 3616 6034 4500 6035 3616 6035 4501 6035 4501 6036 3616 6036 3270 6036 4501 6037 3270 6037 4502 6037 4485 6038 4497 6038 4498 6038 4498 6039 4497 6039 4499 6039 4498 6040 4499 6040 4503 6040 4503 6041 4499 6041 4500 6041 4503 6042 4500 6042 4504 6042 4504 6043 4500 6043 4501 6043 4504 6044 4501 6044 4505 6044 4505 6045 4501 6045 4502 6045 4505 6046 4502 6046 4506 6046 2343 6047 4498 6047 2360 6047 2360 6048 4498 6048 4503 6048 2360 6049 4503 6049 2361 6049 2361 6050 4503 6050 4504 6050 2361 6051 4504 6051 2364 6051 2364 6052 4504 6052 4505 6052 2364 6053 4505 6053 2377 6053 2377 6054 4505 6054 4506 6054 2377 6055 4506 6055 2376 6055 3249 6056 3251 6056 4496 6056 3249 6057 4496 6057 4507 6057 4507 6058 4496 6058 4495 6058 4507 6059 4495 6059 4508 6059 4508 6060 4495 6060 4494 6060 4508 6061 4494 6061 4509 6061 4509 6062 4494 6062 2318 6062 4509 6063 2318 6063 2314 6063 3272 6064 3273 6064 4510 6064 4510 6065 3273 6065 4511 6065 4510 6066 4511 6066 4512 6066 4512 6067 4511 6067 4513 6067 4512 6068 4513 6068 2374 6068 2374 6069 4513 6069 2338 6069 3270 6070 3272 6070 4502 6070 4502 6071 3272 6071 4510 6071 4502 6072 4510 6072 4506 6072 4506 6073 4510 6073 4512 6073 4506 6074 4512 6074 2376 6074 2376 6075 4512 6075 2374 6075 4508 6076 4509 6076 4514 6076 4509 6077 2314 6077 2406 6077 4515 6078 4507 6078 4508 6078 4507 6079 4515 6079 3249 6079 4509 6080 2406 6080 4514 6080 4514 6081 2406 6081 2404 6081 4514 6082 2404 6082 4516 6082 4516 6083 2404 6083 2402 6083 4516 6084 2402 6084 4517 6084 4517 6085 2402 6085 2400 6085 4517 6086 2400 6086 4518 6086 4508 6087 4514 6087 4515 6087 4515 6088 4514 6088 4516 6088 4515 6089 4516 6089 4519 6089 4519 6090 4516 6090 4517 6090 4519 6091 4517 6091 4520 6091 4520 6092 4517 6092 4518 6092 4520 6093 4518 6093 4521 6093 3249 6094 4515 6094 3247 6094 3247 6095 4515 6095 4519 6095 3247 6096 4519 6096 3245 6096 3245 6097 4519 6097 4520 6097 3245 6098 4520 6098 3243 6098 3243 6099 4520 6099 4521 6099 3243 6100 4521 6100 3241 6100 4522 6101 4523 6101 2332 6101 2332 6102 4523 6102 2334 6102 4524 6103 3276 6103 3278 6103 3278 6104 4525 6104 4524 6104 4524 6105 4525 6105 4526 6105 4524 6106 4526 6106 4522 6106 4522 6107 4526 6107 4527 6107 4522 6108 4527 6108 4523 6108 3274 6109 3276 6109 4528 6109 4528 6110 3276 6110 4524 6110 4528 6111 4524 6111 4529 6111 4529 6112 4524 6112 4522 6112 4529 6113 4522 6113 2340 6113 2340 6114 4522 6114 2332 6114 3273 6115 3274 6115 4511 6115 4511 6116 3274 6116 4528 6116 4511 6117 4528 6117 4513 6117 4513 6118 4528 6118 4529 6118 4513 6119 4529 6119 2338 6119 2338 6120 4529 6120 2340 6120 4530 6121 4531 6121 4532 6121 3646 6122 3241 6122 4533 6122 4533 6123 3241 6123 4521 6123 4533 6124 4521 6124 4534 6124 4534 6125 4521 6125 4518 6125 4534 6126 4518 6126 2399 6126 2399 6127 4518 6127 2400 6127 3645 6128 3646 6128 4535 6128 4535 6129 3646 6129 4533 6129 4535 6130 4533 6130 4536 6130 4536 6131 4533 6131 4534 6131 4536 6132 4534 6132 2391 6132 2391 6133 4534 6133 2399 6133 2391 6134 2393 6134 4536 6134 4536 6135 2393 6135 4537 6135 4536 6136 4537 6136 4535 6136 4535 6137 4537 6137 4538 6137 4535 6138 4538 6138 3645 6138 3640 6139 3642 6139 4538 6139 4538 6140 3642 6140 3643 6140 4538 6141 3643 6141 3645 6141 4531 6142 2394 6142 2389 6142 4531 6143 2389 6143 4532 6143 4532 6144 2389 6144 2388 6144 4532 6145 2388 6145 4539 6145 4539 6146 2388 6146 2383 6146 4539 6147 2383 6147 4540 6147 4530 6148 4532 6148 4541 6148 4541 6149 4532 6149 4539 6149 4541 6150 4539 6150 4542 6150 4542 6151 4539 6151 4540 6151 4542 6152 4540 6152 4543 6152 2393 6153 2394 6153 4537 6153 4537 6154 2394 6154 4531 6154 4537 6155 4531 6155 4538 6155 4538 6156 4531 6156 4530 6156 4538 6157 4530 6157 3640 6157 3640 6158 4530 6158 4541 6158 3640 6159 4541 6159 3639 6159 3639 6160 4541 6160 4542 6160 3639 6161 4542 6161 3637 6161 3637 6162 4542 6162 4543 6162 3637 6163 4543 6163 3635 6163 3635 6164 4543 6164 3634 6164 3632 6165 3634 6165 4544 6165 4544 6166 3634 6166 4543 6166 4544 6167 4543 6167 4545 6167 4545 6168 4543 6168 4540 6168 4545 6169 4540 6169 2382 6169 2382 6170 4540 6170 2383 6170 3263 6171 3632 6171 4546 6171 4546 6172 3632 6172 4544 6172 4546 6173 4544 6173 4547 6173 4547 6174 4544 6174 4545 6174 4547 6175 4545 6175 2380 6175 2380 6176 4545 6176 2382 6176 4548 6177 2329 6177 2330 6177 4549 6178 4548 6178 4550 6178 4551 6179 4549 6179 4552 6179 3255 6180 4551 6180 4553 6180 4548 6181 2330 6181 4550 6181 4550 6182 2330 6182 2336 6182 4550 6183 2336 6183 4554 6183 4554 6184 2336 6184 2335 6184 4554 6185 2335 6185 4555 6185 4549 6186 4550 6186 4552 6186 4552 6187 4550 6187 4554 6187 4552 6188 4554 6188 4556 6188 4556 6189 4554 6189 4555 6189 4556 6190 4555 6190 4557 6190 2335 6191 2334 6191 4555 6191 4555 6192 2334 6192 4523 6192 4555 6193 4523 6193 4557 6193 4557 6194 4523 6194 4527 6194 4557 6195 4527 6195 4526 6195 4551 6196 4552 6196 4553 6196 4553 6197 4552 6197 4556 6197 4553 6198 4556 6198 4558 6198 4558 6199 4556 6199 4557 6199 4558 6200 4557 6200 4559 6200 4559 6201 4557 6201 4526 6201 4559 6202 4526 6202 4525 6202 3255 6203 4553 6203 3556 6203 3556 6204 4553 6204 4558 6204 3556 6205 4558 6205 3555 6205 3555 6206 4558 6206 4559 6206 3555 6207 4559 6207 3553 6207 3553 6208 4559 6208 4525 6208 3553 6209 4525 6209 3278 6209 3265 6210 3263 6210 4560 6210 4560 6211 3263 6211 4546 6211 4560 6212 4546 6212 4561 6212 4561 6213 4546 6213 4547 6213 4561 6214 4547 6214 2379 6214 2379 6215 4547 6215 2380 6215 3267 6216 3265 6216 4562 6216 4562 6217 3265 6217 4560 6217 4562 6218 4560 6218 4563 6218 4563 6219 4560 6219 4561 6219 4563 6220 4561 6220 2306 6220 2306 6221 4561 6221 2379 6221 4564 6222 4565 6222 4566 6222 4565 6223 2310 6223 2323 6223 4567 6224 4568 6224 4569 6224 4569 6225 4568 6225 4564 6225 4570 6226 4571 6226 4567 6226 4565 6227 2323 6227 4566 6227 4566 6228 2323 6228 2325 6228 4566 6229 2325 6229 4572 6229 4572 6230 2325 6230 2327 6230 4572 6231 2327 6231 4573 6231 4573 6232 2327 6232 2329 6232 4573 6233 2329 6233 4548 6233 4564 6234 4566 6234 4569 6234 4569 6235 4566 6235 4572 6235 4569 6236 4572 6236 4574 6236 4574 6237 4572 6237 4573 6237 4574 6238 4573 6238 4575 6238 4575 6239 4573 6239 4548 6239 4575 6240 4548 6240 4549 6240 4567 6241 4569 6241 4570 6241 4570 6242 4569 6242 4574 6242 4570 6243 4574 6243 4576 6243 4576 6244 4574 6244 4575 6244 4576 6245 4575 6245 4577 6245 4577 6246 4575 6246 4549 6246 4577 6247 4549 6247 4551 6247 3269 6248 4571 6248 3258 6248 3258 6249 4571 6249 4570 6249 3258 6250 4570 6250 3260 6250 3260 6251 4570 6251 4576 6251 3260 6252 4576 6252 3261 6252 3261 6253 4576 6253 4577 6253 3261 6254 4577 6254 3256 6254 3256 6255 4577 6255 4551 6255 3256 6256 4551 6256 3255 6256 4565 6257 4564 6257 4578 6257 4579 6258 3268 6258 3267 6258 4563 6259 2306 6259 2308 6259 4562 6260 4563 6260 4578 6260 4563 6261 2308 6261 4578 6261 4578 6262 2308 6262 2310 6262 4578 6263 2310 6263 4565 6263 4564 6264 4568 6264 4578 6264 4578 6265 4568 6265 4579 6265 4578 6266 4579 6266 4562 6266 4562 6267 4579 6267 3267 6267 3269 6268 3268 6268 4571 6268 4571 6269 3268 6269 4579 6269 4571 6270 4579 6270 4567 6270 4567 6271 4579 6271 4568 6271 2980 6272 2978 6272 4580 6272 2974 6273 2972 6273 4581 6273 2990 6274 2989 6274 4582 6274 2589 6275 2587 6275 4583 6275 4583 6276 2587 6276 4584 6276 4583 6277 4584 6277 4585 6277 4585 6278 4584 6278 4586 6278 4585 6279 4586 6279 4582 6279 4582 6280 4586 6280 4587 6280 4582 6281 4587 6281 2990 6281 2990 6282 4587 6282 2970 6282 2972 6283 2970 6283 4581 6283 4581 6284 2970 6284 4587 6284 4581 6285 4587 6285 4588 6285 4588 6286 4587 6286 4586 6286 4588 6287 4586 6287 4589 6287 4589 6288 4586 6288 4584 6288 4589 6289 4584 6289 2585 6289 2585 6290 4584 6290 2587 6290 2585 6291 2583 6291 4589 6291 4589 6292 2583 6292 4590 6292 4589 6293 4590 6293 4588 6293 4588 6294 4590 6294 4591 6294 4588 6295 4591 6295 4581 6295 4581 6296 4591 6296 4592 6296 4581 6297 4592 6297 2974 6297 2974 6298 4592 6298 2976 6298 2978 6299 2976 6299 4580 6299 4580 6300 2976 6300 4592 6300 4580 6301 4592 6301 4593 6301 4593 6302 4592 6302 4591 6302 4593 6303 4591 6303 4594 6303 4594 6304 4591 6304 4590 6304 4594 6305 4590 6305 2581 6305 2581 6306 4590 6306 2583 6306 2581 6307 2579 6307 4594 6307 4594 6308 2579 6308 4595 6308 4594 6309 4595 6309 4593 6309 4593 6310 4595 6310 4596 6310 4593 6311 4596 6311 4580 6311 4580 6312 4596 6312 4597 6312 4580 6313 4597 6313 2980 6313 2980 6314 4597 6314 2982 6314 2984 6315 2982 6315 4598 6315 4598 6316 2982 6316 4597 6316 4598 6317 4597 6317 4599 6317 4599 6318 4597 6318 4596 6318 4599 6319 4596 6319 4600 6319 4600 6320 4596 6320 4595 6320 4600 6321 4595 6321 2577 6321 2577 6322 4595 6322 2579 6322 4601 6323 2987 6323 2986 6323 3326 6324 3325 6324 4602 6324 4602 6325 3325 6325 4603 6325 4602 6326 4603 6326 4604 6326 4604 6327 4603 6327 4605 6327 2986 6328 4606 6328 4601 6328 4601 6329 4606 6329 4607 6329 4601 6330 4607 6330 4605 6330 4605 6331 4607 6331 4608 6331 4605 6332 4608 6332 4604 6332 2989 6333 2987 6333 4582 6333 4582 6334 2987 6334 4601 6334 4582 6335 4601 6335 4585 6335 4585 6336 4601 6336 4605 6336 4585 6337 4605 6337 4583 6337 4583 6338 4605 6338 4603 6338 4583 6339 4603 6339 2589 6339 2589 6340 4603 6340 3325 6340 2577 6341 2576 6341 4600 6341 4600 6342 2576 6342 4609 6342 4600 6343 4609 6343 4599 6343 4599 6344 4609 6344 4610 6344 4599 6345 4610 6345 4598 6345 4598 6346 4610 6346 4611 6346 4598 6347 4611 6347 2984 6347 3686 6348 3688 6348 4611 6348 4611 6349 3688 6349 3689 6349 4611 6350 3689 6350 2984 6350 2563 6351 2562 6351 4612 6351 4612 6352 2562 6352 4613 6352 4612 6353 4613 6353 4614 6353 4614 6354 4613 6354 4615 6354 4614 6355 4615 6355 4616 6355 4616 6356 4615 6356 4617 6356 2562 6357 2575 6357 4613 6357 4613 6358 2575 6358 4618 6358 4613 6359 4618 6359 4615 6359 4615 6360 4618 6360 4619 6360 4615 6361 4619 6361 4617 6361 4617 6362 4619 6362 4620 6362 2575 6363 2574 6363 4618 6363 4618 6364 2574 6364 4621 6364 4618 6365 4621 6365 4619 6365 4619 6366 4621 6366 4622 6366 4619 6367 4622 6367 4620 6367 4620 6368 4622 6368 4623 6368 2576 6369 2563 6369 4609 6369 4609 6370 2563 6370 4612 6370 4609 6371 4612 6371 4610 6371 4610 6372 4612 6372 4614 6372 4610 6373 4614 6373 4611 6373 4611 6374 4614 6374 4616 6374 4611 6375 4616 6375 3686 6375 3686 6376 4616 6376 4617 6376 3686 6377 4617 6377 3685 6377 3685 6378 4617 6378 4620 6378 3685 6379 4620 6379 3680 6379 3680 6380 4620 6380 4623 6380 3678 6381 3682 6381 4623 6381 4623 6382 3682 6382 3681 6382 4623 6383 3681 6383 3680 6383 2573 6384 2564 6384 4624 6384 4624 6385 2564 6385 4625 6385 4624 6386 4625 6386 4626 6386 4626 6387 4625 6387 4627 6387 4626 6388 4627 6388 4628 6388 4628 6389 4627 6389 4629 6389 4630 6390 4629 6390 4631 6390 4631 6391 4629 6391 4627 6391 4631 6392 4627 6392 4632 6392 4632 6393 4627 6393 4625 6393 4632 6394 4625 6394 2565 6394 2565 6395 4625 6395 2564 6395 2574 6396 2573 6396 4621 6396 4621 6397 2573 6397 4624 6397 4621 6398 4624 6398 4622 6398 4622 6399 4624 6399 4626 6399 4622 6400 4626 6400 4623 6400 4623 6401 4626 6401 4628 6401 4623 6402 4628 6402 3678 6402 3678 6403 4628 6403 4629 6403 3678 6404 4629 6404 3679 6404 3679 6405 4629 6405 4630 6405 3679 6406 4630 6406 2968 6406 2986 6407 3693 6407 4606 6407 4606 6408 3693 6408 4633 6408 4606 6409 4633 6409 4607 6409 4607 6410 4633 6410 4634 6410 4607 6411 4634 6411 4608 6411 4608 6412 4634 6412 4635 6412 4608 6413 4635 6413 4604 6413 4604 6414 4635 6414 4636 6414 4604 6415 4636 6415 4602 6415 4602 6416 4636 6416 4637 6416 4602 6417 4637 6417 3326 6417 3326 6418 4637 6418 2792 6418 4631 6419 4632 6419 4638 6419 4630 6420 4631 6420 4639 6420 2968 6421 4630 6421 4640 6421 2968 6422 4640 6422 2966 6422 2966 6423 4640 6423 4641 6423 2966 6424 4641 6424 2964 6424 2964 6425 4641 6425 2954 6425 2954 6426 4641 6426 4642 6426 2954 6427 4642 6427 2955 6427 2955 6428 4642 6428 4643 6428 2955 6429 4643 6429 2957 6429 2957 6430 4643 6430 4644 6430 2957 6431 4644 6431 2959 6431 2959 6432 4644 6432 2960 6432 2960 6433 4644 6433 4645 6433 2960 6434 4645 6434 2962 6434 2962 6435 4645 6435 4646 6435 2962 6436 4646 6436 2963 6436 2963 6437 4646 6437 2949 6437 2949 6438 4646 6438 4647 6438 2949 6439 4647 6439 2950 6439 2950 6440 4647 6440 4648 6440 2950 6441 4648 6441 2951 6441 4631 6442 4638 6442 4639 6442 4639 6443 4638 6443 4649 6443 4639 6444 4649 6444 4650 6444 4650 6445 4649 6445 4651 6445 4650 6446 4651 6446 4652 6446 4652 6447 4651 6447 4653 6447 4652 6448 4653 6448 4654 6448 4654 6449 4653 6449 4655 6449 4654 6450 4655 6450 4656 6450 4656 6451 4655 6451 4657 6451 4656 6452 4657 6452 4658 6452 4658 6453 4657 6453 4659 6453 4658 6454 4659 6454 4660 6454 4660 6455 4659 6455 4661 6455 4660 6456 4661 6456 4662 6456 4662 6457 4661 6457 4663 6457 4662 6458 4663 6458 4664 6458 4664 6459 4663 6459 4665 6459 4664 6460 4665 6460 4666 6460 4666 6461 4665 6461 4667 6461 4666 6462 4667 6462 4668 6462 2612 6463 4667 6463 2614 6463 2614 6464 4667 6464 4665 6464 2614 6465 4665 6465 2616 6465 2616 6466 4665 6466 4663 6466 2616 6467 4663 6467 2618 6467 2618 6468 4663 6468 4661 6468 2618 6469 4661 6469 2619 6469 2619 6470 4661 6470 4659 6470 2619 6471 4659 6471 2606 6471 2606 6472 4659 6472 4657 6472 2606 6473 4657 6473 2607 6473 2607 6474 4657 6474 4655 6474 2607 6475 4655 6475 2593 6475 2593 6476 4655 6476 4653 6476 2593 6477 4653 6477 2567 6477 2567 6478 4653 6478 4651 6478 2567 6479 4651 6479 2568 6479 2568 6480 4651 6480 4649 6480 2568 6481 4649 6481 2571 6481 2571 6482 4649 6482 4638 6482 2571 6483 4638 6483 2572 6483 2572 6484 4638 6484 4632 6484 2572 6485 4632 6485 2565 6485 2612 6486 4669 6486 4667 6486 4667 6487 4669 6487 4670 6487 4667 6488 4670 6488 4668 6488 4668 6489 4670 6489 4671 6489 4668 6490 4671 6490 4672 6490 4630 6491 4639 6491 4640 6491 4640 6492 4639 6492 4650 6492 4640 6493 4650 6493 4641 6493 4641 6494 4650 6494 4652 6494 4641 6495 4652 6495 4642 6495 4642 6496 4652 6496 4654 6496 4642 6497 4654 6497 4643 6497 4643 6498 4654 6498 4656 6498 4643 6499 4656 6499 4644 6499 4644 6500 4656 6500 4658 6500 4644 6501 4658 6501 4645 6501 4645 6502 4658 6502 4660 6502 4645 6503 4660 6503 4646 6503 4646 6504 4660 6504 4662 6504 4646 6505 4662 6505 4647 6505 4647 6506 4662 6506 4664 6506 4647 6507 4664 6507 4648 6507 4648 6508 4664 6508 4666 6508 4648 6509 4666 6509 4673 6509 4673 6510 4666 6510 4668 6510 4673 6511 4668 6511 4674 6511 4674 6512 4668 6512 4672 6512 4674 6513 4672 6513 4675 6513 2951 6514 4648 6514 2952 6514 2952 6515 4648 6515 4673 6515 2952 6516 4673 6516 2945 6516 2945 6517 4673 6517 4674 6517 2945 6518 4674 6518 2943 6518 2943 6519 4674 6519 4675 6519 2943 6520 4675 6520 2941 6520 4676 6521 2801 6521 2800 6521 4677 6522 4678 6522 4679 6522 3705 6523 2992 6523 4680 6523 4680 6524 2992 6524 4677 6524 3705 6525 4680 6525 3704 6525 3704 6526 4680 6526 4681 6526 3704 6527 4681 6527 3702 6527 3702 6528 4681 6528 3700 6528 3700 6529 4681 6529 4682 6529 3700 6530 4682 6530 3690 6530 3690 6531 4682 6531 3691 6531 3691 6532 4682 6532 4683 6532 3691 6533 4683 6533 3697 6533 4676 6534 2800 6534 4684 6534 4684 6535 2800 6535 2806 6535 4684 6536 2806 6536 4685 6536 4685 6537 2806 6537 2805 6537 4685 6538 2805 6538 4686 6538 4686 6539 2805 6539 2804 6539 4686 6540 2804 6540 4687 6540 4687 6541 2804 6541 2794 6541 4687 6542 2794 6542 4688 6542 4677 6543 4679 6543 4680 6543 4680 6544 4679 6544 4689 6544 4680 6545 4689 6545 4681 6545 4681 6546 4689 6546 4690 6546 4681 6547 4690 6547 4682 6547 4682 6548 4690 6548 4691 6548 4682 6549 4691 6549 4683 6549 4683 6550 4691 6550 4692 6550 4683 6551 4692 6551 4693 6551 2794 6552 2792 6552 4688 6552 4688 6553 2792 6553 4637 6553 4688 6554 4637 6554 4636 6554 4636 6555 4692 6555 4688 6555 4688 6556 4692 6556 4691 6556 4688 6557 4691 6557 4687 6557 4687 6558 4691 6558 4690 6558 4687 6559 4690 6559 4686 6559 4686 6560 4690 6560 4689 6560 4686 6561 4689 6561 4685 6561 4685 6562 4689 6562 4679 6562 4685 6563 4679 6563 4684 6563 4684 6564 4679 6564 4678 6564 4684 6565 4678 6565 4676 6565 4636 6566 4635 6566 4692 6566 4692 6567 4635 6567 4634 6567 4692 6568 4634 6568 4693 6568 4693 6569 4634 6569 4633 6569 4693 6570 4633 6570 3693 6570 3693 6571 3695 6571 4693 6571 4693 6572 3695 6572 3699 6572 4693 6573 3699 6573 4683 6573 4683 6574 3699 6574 3698 6574 4683 6575 3698 6575 3697 6575 4669 6576 2612 6576 2611 6576 4694 6577 2994 6577 2941 6577 2941 6578 4675 6578 4694 6578 4694 6579 4675 6579 4672 6579 4694 6580 4672 6580 4695 6580 4695 6581 4672 6581 4671 6581 4695 6582 4671 6582 4670 6582 2610 6583 4696 6583 2611 6583 2611 6584 4696 6584 4695 6584 2611 6585 4695 6585 4669 6585 4669 6586 4695 6586 4670 6586 2996 6587 2994 6587 4697 6587 4697 6588 2994 6588 4694 6588 4697 6589 4694 6589 4698 6589 4698 6590 4694 6590 4695 6590 4698 6591 4695 6591 4699 6591 4699 6592 4695 6592 4696 6592 2991 6593 2998 6593 4700 6593 4700 6594 2998 6594 4701 6594 4700 6595 4701 6595 4702 6595 4702 6596 4701 6596 4703 6596 4702 6597 4703 6597 4704 6597 4704 6598 4703 6598 4705 6598 4704 6599 4705 6599 2802 6599 2802 6600 4705 6600 2803 6600 2992 6601 2991 6601 4677 6601 4677 6602 2991 6602 4700 6602 4677 6603 4700 6603 4678 6603 4678 6604 4700 6604 4702 6604 4678 6605 4702 6605 4676 6605 4676 6606 4702 6606 4704 6606 4676 6607 4704 6607 2801 6607 2801 6608 4704 6608 2802 6608 2610 6609 3327 6609 4696 6609 4696 6610 3327 6610 4706 6610 4696 6611 4706 6611 4699 6611 4699 6612 4706 6612 4707 6612 2997 6613 2996 6613 4708 6613 4708 6614 2996 6614 4697 6614 4708 6615 4697 6615 4707 6615 4707 6616 4697 6616 4698 6616 4707 6617 4698 6617 4699 6617 2998 6618 2997 6618 4701 6618 4701 6619 2997 6619 4708 6619 4701 6620 4708 6620 4703 6620 4703 6621 4708 6621 4707 6621 4703 6622 4707 6622 4705 6622 4705 6623 4707 6623 4706 6623 4705 6624 4706 6624 2803 6624 2803 6625 4706 6625 3327 6625 4709 6626 2902 6626 2889 6626 4710 6627 1979 6627 2020 6627 4711 6628 4710 6628 4712 6628 4710 6629 2020 6629 4712 6629 4712 6630 2020 6630 2022 6630 4712 6631 2022 6631 4713 6631 4713 6632 4714 6632 4712 6632 4712 6633 4714 6633 4709 6633 4712 6634 4709 6634 4711 6634 4711 6635 4709 6635 2889 6635 2899 6636 2902 6636 4715 6636 4715 6637 2902 6637 4709 6637 4715 6638 4709 6638 4716 6638 4716 6639 4709 6639 4714 6639 4714 6640 4717 6640 4718 6640 2903 6641 2899 6641 4719 6641 4719 6642 2899 6642 4715 6642 4719 6643 4715 6643 4718 6643 4718 6644 4715 6644 4716 6644 4718 6645 4716 6645 4714 6645 4717 6646 4714 6646 4720 6646 4720 6647 4714 6647 4713 6647 4720 6648 4713 6648 4721 6648 4721 6649 4713 6649 2022 6649 4721 6650 2022 6650 2037 6650 1979 6651 4710 6651 4722 6651 4710 6652 4711 6652 4723 6652 4711 6653 2889 6653 2891 6653 4711 6654 2891 6654 4723 6654 4723 6655 2891 6655 2893 6655 4723 6656 2893 6656 4724 6656 4724 6657 2893 6657 2895 6657 4724 6658 2895 6658 4725 6658 4725 6659 2895 6659 2897 6659 4725 6660 2897 6660 4726 6660 4726 6661 2897 6661 2879 6661 4726 6662 2879 6662 4727 6662 4710 6663 4723 6663 4722 6663 4722 6664 4723 6664 4724 6664 4722 6665 4724 6665 4728 6665 4728 6666 4724 6666 4725 6666 4728 6667 4725 6667 4729 6667 4729 6668 4725 6668 4726 6668 4729 6669 4726 6669 4730 6669 4730 6670 4726 6670 4727 6670 4730 6671 4727 6671 4731 6671 1979 6672 4722 6672 1980 6672 1980 6673 4722 6673 4728 6673 1980 6674 4728 6674 1982 6674 1982 6675 4728 6675 4729 6675 1982 6676 4729 6676 1990 6676 1990 6677 4729 6677 4730 6677 1990 6678 4730 6678 1992 6678 1992 6679 4730 6679 4731 6679 1992 6680 4731 6680 2028 6680 4721 6681 2037 6681 2036 6681 4717 6682 4720 6682 4732 6682 4732 6683 4720 6683 4721 6683 4721 6684 2036 6684 4732 6684 4732 6685 2036 6685 2034 6685 4732 6686 2034 6686 4733 6686 4733 6687 4734 6687 4732 6687 4732 6688 4734 6688 4735 6688 4732 6689 4735 6689 4717 6689 4717 6690 4735 6690 4718 6690 4718 6691 4735 6691 4719 6691 4719 6692 4735 6692 2907 6692 4719 6693 2907 6693 2903 6693 2905 6694 2907 6694 4736 6694 4736 6695 2907 6695 4735 6695 4736 6696 4735 6696 4737 6696 4737 6697 4735 6697 4734 6697 4738 6698 4739 6698 4740 6698 4739 6699 2032 6699 2031 6699 4739 6700 2031 6700 4740 6700 4740 6701 2031 6701 2030 6701 4740 6702 2030 6702 4741 6702 4741 6703 2030 6703 2029 6703 4741 6704 2029 6704 4742 6704 4742 6705 2029 6705 2028 6705 4742 6706 2028 6706 4731 6706 4743 6707 4744 6707 4745 6707 4745 6708 4744 6708 4738 6708 4738 6709 4740 6709 4745 6709 4745 6710 4740 6710 4741 6710 4745 6711 4741 6711 4746 6711 4746 6712 4741 6712 4742 6712 4746 6713 4742 6713 4747 6713 4747 6714 4742 6714 4731 6714 4747 6715 4731 6715 4727 6715 2885 6716 2887 6716 4743 6716 4743 6717 4745 6717 2885 6717 2885 6718 4745 6718 4746 6718 2885 6719 4746 6719 2883 6719 2883 6720 4746 6720 4747 6720 2883 6721 4747 6721 2881 6721 2881 6722 4747 6722 4727 6722 2881 6723 4727 6723 2879 6723 4748 6724 4734 6724 4733 6724 4734 6725 4748 6725 4737 6725 4749 6726 4750 6726 4751 6726 4750 6727 2909 6727 2911 6727 4750 6728 2911 6728 4751 6728 4751 6729 2911 6729 2913 6729 4751 6730 2913 6730 4752 6730 4752 6731 2913 6731 2915 6731 4752 6732 2915 6732 4753 6732 4753 6733 2915 6733 2917 6733 4753 6734 2917 6734 4754 6734 4754 6735 2917 6735 2919 6735 4754 6736 2919 6736 4755 6736 4755 6737 2919 6737 2905 6737 4755 6738 2905 6738 4736 6738 4756 6739 4757 6739 4749 6739 4749 6740 4751 6740 4756 6740 4756 6741 4751 6741 4752 6741 4756 6742 4752 6742 4758 6742 4758 6743 4752 6743 4753 6743 4758 6744 4753 6744 4759 6744 4759 6745 4753 6745 4754 6745 4759 6746 4754 6746 4760 6746 4760 6747 4754 6747 4755 6747 4760 6748 4755 6748 4748 6748 4748 6749 4755 6749 4736 6749 4748 6750 4736 6750 4737 6750 4757 6751 4756 6751 4761 6751 4761 6752 4756 6752 4758 6752 4761 6753 4758 6753 4762 6753 4762 6754 4758 6754 4759 6754 4762 6755 4759 6755 4763 6755 4763 6756 4759 6756 4760 6756 4763 6757 4760 6757 4764 6757 4764 6758 4760 6758 4748 6758 4764 6759 4748 6759 4765 6759 4765 6760 4748 6760 4733 6760 4765 6761 4733 6761 2034 6761 2045 6762 2044 6762 4766 6762 2034 6763 2033 6763 4765 6763 4765 6764 2033 6764 2025 6764 4765 6765 2025 6765 4764 6765 4764 6766 2025 6766 1997 6766 4764 6767 1997 6767 4763 6767 4763 6768 1997 6768 1996 6768 4763 6769 1996 6769 4762 6769 4762 6770 1996 6770 2045 6770 4762 6771 2045 6771 4761 6771 4761 6772 2045 6772 4766 6772 4761 6773 4766 6773 4757 6773 4767 6774 4768 6774 4769 6774 4768 6775 4767 6775 4770 6775 4744 6776 4743 6776 4771 6776 4743 6777 2887 6777 2925 6777 4743 6778 2925 6778 4771 6778 4771 6779 2925 6779 2927 6779 4771 6780 2927 6780 4772 6780 4772 6781 2927 6781 2929 6781 4772 6782 2929 6782 4773 6782 4773 6783 2929 6783 2921 6783 4773 6784 2921 6784 4774 6784 4775 6785 4738 6785 4744 6785 4744 6786 4771 6786 4775 6786 4775 6787 4771 6787 4772 6787 4775 6788 4772 6788 4776 6788 4776 6789 4772 6789 4773 6789 4776 6790 4773 6790 4767 6790 4767 6791 4773 6791 4774 6791 4767 6792 4774 6792 4770 6792 4738 6793 4775 6793 4777 6793 4777 6794 4775 6794 4776 6794 4777 6795 4776 6795 4778 6795 4778 6796 4776 6796 4767 6796 4778 6797 4767 6797 4779 6797 4779 6798 4767 6798 4769 6798 4779 6799 4769 6799 2056 6799 1993 6800 2032 6800 4739 6800 2056 6801 2055 6801 4779 6801 4779 6802 2055 6802 1988 6802 4779 6803 1988 6803 4778 6803 4778 6804 1988 6804 1993 6804 4778 6805 1993 6805 4777 6805 4777 6806 1993 6806 4739 6806 4777 6807 4739 6807 4738 6807 4774 6808 2921 6808 2924 6808 4768 6809 4770 6809 4780 6809 4750 6810 4749 6810 4780 6810 4757 6811 4766 6811 4781 6811 4766 6812 2044 6812 2057 6812 4766 6813 2057 6813 4781 6813 4781 6814 2057 6814 2056 6814 4781 6815 2056 6815 4769 6815 4769 6816 4768 6816 4781 6816 4781 6817 4768 6817 4780 6817 4781 6818 4780 6818 4757 6818 4757 6819 4780 6819 4749 6819 4770 6820 4774 6820 4780 6820 4780 6821 4774 6821 2924 6821 4780 6822 2924 6822 4750 6822 4750 6823 2924 6823 2909 6823 4782 6824 4783 6824 4784 6824 4785 6825 2762 6825 2760 6825 2758 6826 4782 6826 2760 6826 2760 6827 4782 6827 4784 6827 2760 6828 4784 6828 4785 6828 4785 6829 4784 6829 4786 6829 4783 6830 4787 6830 4784 6830 4784 6831 4787 6831 4788 6831 4784 6832 4788 6832 4786 6832 4786 6833 4788 6833 4789 6833 4789 6834 4788 6834 4790 6834 4790 6835 4788 6835 3138 6835 4790 6836 3138 6836 3124 6836 3136 6837 3138 6837 4791 6837 4791 6838 3138 6838 4788 6838 4791 6839 4788 6839 4792 6839 4792 6840 4788 6840 4787 6840 4793 6841 4794 6841 4795 6841 4794 6842 4793 6842 4796 6842 4789 6843 4790 6843 4797 6843 4790 6844 3124 6844 3126 6844 4790 6845 3126 6845 4797 6845 4797 6846 3126 6846 3128 6846 4797 6847 3128 6847 4798 6847 4798 6848 3128 6848 3130 6848 4798 6849 3130 6849 4799 6849 4799 6850 3130 6850 3132 6850 4799 6851 3132 6851 4800 6851 4800 6852 3132 6852 3134 6852 4800 6853 3134 6853 4801 6853 4801 6854 3134 6854 3120 6854 4801 6855 3120 6855 4802 6855 4803 6856 4786 6856 4789 6856 4789 6857 4797 6857 4803 6857 4803 6858 4797 6858 4798 6858 4803 6859 4798 6859 4804 6859 4804 6860 4798 6860 4799 6860 4804 6861 4799 6861 4805 6861 4805 6862 4799 6862 4800 6862 4805 6863 4800 6863 4806 6863 4806 6864 4800 6864 4801 6864 4806 6865 4801 6865 4793 6865 4793 6866 4801 6866 4802 6866 4793 6867 4802 6867 4796 6867 4786 6868 4803 6868 4807 6868 4807 6869 4803 6869 4804 6869 4807 6870 4804 6870 4808 6870 4808 6871 4804 6871 4805 6871 4808 6872 4805 6872 4809 6872 4809 6873 4805 6873 4806 6873 4809 6874 4806 6874 4810 6874 4810 6875 4806 6875 4793 6875 4810 6876 4793 6876 4811 6876 4811 6877 4793 6877 4795 6877 4811 6878 4795 6878 2750 6878 2763 6879 2762 6879 4785 6879 2750 6880 2749 6880 4811 6880 4811 6881 2749 6881 2712 6881 4811 6882 2712 6882 4810 6882 4810 6883 2712 6883 2711 6883 4810 6884 2711 6884 4809 6884 4809 6885 2711 6885 2740 6885 4809 6886 2740 6886 4808 6886 4808 6887 2740 6887 2763 6887 4808 6888 2763 6888 4807 6888 4807 6889 2763 6889 4785 6889 4807 6890 4785 6890 4786 6890 3140 6891 3136 6891 4812 6891 4812 6892 3136 6892 4791 6892 4812 6893 4791 6893 4813 6893 4813 6894 4791 6894 4792 6894 4813 6895 4792 6895 4814 6895 4814 6896 4792 6896 4787 6896 4814 6897 4787 6897 4815 6897 4815 6898 4787 6898 4783 6898 4815 6899 4783 6899 4816 6899 4816 6900 4783 6900 4782 6900 4816 6901 4782 6901 2757 6901 2757 6902 4782 6902 2758 6902 4817 6903 4818 6903 4819 6903 4818 6904 2753 6904 2752 6904 4820 6905 4821 6905 4822 6905 4822 6906 4821 6906 3123 6906 4822 6907 3123 6907 3112 6907 4818 6908 2752 6908 4819 6908 4819 6909 2752 6909 2750 6909 4819 6910 2750 6910 4795 6910 4795 6911 4794 6911 4819 6911 4819 6912 4794 6912 4821 6912 4819 6913 4821 6913 4817 6913 4817 6914 4821 6914 4820 6914 3120 6915 3123 6915 4802 6915 4802 6916 3123 6916 4821 6916 4802 6917 4821 6917 4796 6917 4796 6918 4821 6918 4794 6918 2757 6919 2755 6919 4816 6919 4816 6920 2755 6920 4823 6920 4816 6921 4823 6921 4815 6921 4815 6922 4823 6922 4814 6922 4814 6923 4823 6923 4824 6923 4814 6924 4824 6924 4813 6924 4813 6925 4824 6925 4812 6925 4812 6926 4824 6926 3145 6926 4812 6927 3145 6927 3140 6927 3142 6928 3145 6928 4825 6928 4825 6929 3145 6929 4824 6929 4825 6930 4824 6930 4826 6930 4826 6931 4824 6931 4823 6931 4826 6932 4823 6932 2754 6932 2754 6933 4823 6933 2755 6933 3112 6934 3114 6934 4822 6934 4822 6935 3114 6935 4827 6935 4822 6936 4827 6936 4820 6936 4820 6937 4827 6937 4828 6937 4820 6938 4828 6938 4817 6938 4817 6939 4828 6939 4829 6939 4817 6940 4829 6940 4818 6940 4818 6941 4829 6941 2708 6941 4818 6942 2708 6942 2753 6942 3114 6943 3116 6943 4827 6943 4827 6944 3116 6944 4830 6944 4827 6945 4830 6945 4828 6945 4828 6946 4830 6946 4831 6946 4828 6947 4831 6947 4829 6947 4829 6948 4831 6948 4832 6948 4829 6949 4832 6949 2708 6949 2708 6950 4832 6950 2706 6950 3116 6951 3118 6951 4830 6951 4830 6952 3118 6952 4833 6952 4830 6953 4833 6953 4831 6953 4831 6954 4833 6954 4834 6954 4831 6955 4834 6955 4832 6955 4832 6956 4834 6956 4835 6956 4832 6957 4835 6957 2706 6957 2706 6958 4835 6958 2686 6958 3118 6959 3102 6959 4833 6959 4833 6960 3102 6960 4836 6960 4833 6961 4836 6961 4834 6961 4834 6962 4836 6962 4837 6962 4834 6963 4837 6963 4835 6963 4835 6964 4837 6964 4838 6964 4835 6965 4838 6965 2686 6965 2686 6966 4838 6966 2741 6966 4839 6967 3110 6967 3146 6967 4840 6968 4841 6968 4842 6968 4842 6969 4841 6969 4839 6969 4839 6970 3146 6970 4842 6970 4842 5159 3146 5159 3148 5159 4842 6971 3148 6971 4843 6971 4843 6972 3148 6972 3150 6972 4843 6973 3150 6973 4844 6973 4844 6974 3150 6974 3152 6974 4844 6975 3152 6975 4845 6975 4845 6976 3152 6976 3142 6976 4845 6977 3142 6977 4825 6977 2746 6978 4846 6978 4847 6978 4847 6979 4846 6979 4840 6979 4840 6980 4842 6980 4847 6980 4847 6981 4842 6981 4843 6981 4847 6982 4843 6982 4848 6982 4848 6983 4843 6983 4844 6983 4848 6984 4844 6984 4849 6984 4849 6985 4844 6985 4845 6985 4849 6986 4845 6986 4850 6986 4850 6987 4845 6987 4825 6987 4850 6988 4825 6988 4826 6988 2746 6989 4847 6989 2747 6989 2747 6990 4847 6990 4848 6990 2747 6991 4848 6991 2735 6991 2735 6992 4848 6992 4849 6992 2735 6993 4849 6993 2736 6993 2736 6994 4849 6994 4850 6994 2736 6995 4850 6995 2738 6995 2738 6996 4850 6996 4826 6996 2738 6997 4826 6997 2754 6997 3106 6998 3108 6998 4851 6998 4852 6999 4846 6999 4853 6999 4853 7000 4846 7000 2746 7000 4853 7001 2746 7001 2744 7001 4851 7002 4841 7002 4852 7002 4852 7003 4841 7003 4840 7003 4852 7004 4840 7004 4846 7004 3108 7005 3110 7005 4851 7005 4851 7006 3110 7006 4839 7006 4851 7007 4839 7007 4841 7007 2744 7008 2742 7008 4853 7008 4853 7009 2742 7009 4854 7009 4853 7010 4854 7010 4852 7010 4852 7011 4854 7011 4855 7011 4852 7012 4855 7012 4851 7012 4851 7013 4855 7013 4856 7013 4851 7014 4856 7014 3106 7014 3106 7015 4856 7015 3104 7015 2742 7016 2741 7016 4854 7016 4854 7017 2741 7017 4838 7017 4854 7018 4838 7018 4855 7018 4855 7019 4838 7019 4837 7019 4855 7020 4837 7020 4856 7020 4856 7021 4837 7021 4836 7021 4856 7022 4836 7022 3104 7022 3104 7023 4836 7023 3102 7023 3661 7024 3660 7024 4857 7024 4857 7025 3660 7025 3659 7025 4858 7026 4859 7026 2789 7026 2789 7027 4859 7027 2790 7027 3659 7028 4860 7028 4857 7028 4857 7029 4860 7029 4861 7029 4857 7030 4861 7030 4862 7030 4862 7031 4861 7031 4863 7031 4862 7032 4863 7032 4858 7032 4858 7033 4863 7033 4864 7033 4858 7034 4864 7034 4859 7034 3657 7035 3661 7035 4865 7035 4865 7036 3661 7036 4857 7036 4865 7037 4857 7037 4866 7037 4866 7038 4857 7038 4862 7038 4866 7039 4862 7039 4867 7039 4867 7040 4862 7040 4858 7040 4867 7041 4858 7041 2787 7041 2787 7042 4858 7042 2789 7042 2787 7043 2786 7043 4867 7043 4867 7044 2786 7044 4868 7044 4867 7045 4868 7045 4866 7045 4866 7046 4868 7046 4869 7046 4866 7047 4869 7047 4865 7047 4865 7048 4869 7048 4870 7048 3652 7049 3651 7049 4871 7049 4871 7050 3651 7050 4870 7050 4871 7051 4870 7051 4872 7051 4872 7052 4870 7052 4869 7052 4872 7053 4869 7053 4873 7053 4873 7054 4869 7054 4868 7054 4873 7055 4868 7055 2785 7055 2785 7056 4868 7056 2786 7056 3651 7057 3655 7057 4870 7057 4870 7058 3655 7058 3654 7058 4870 7059 3654 7059 4865 7059 4865 7060 3654 7060 3658 7060 4865 7061 3658 7061 3657 7061 3648 7062 3652 7062 4874 7062 4874 7063 3652 7063 4871 7063 4874 7064 4871 7064 4875 7064 4875 7065 4871 7065 4872 7065 4875 7066 4872 7066 4876 7066 4876 7067 4872 7067 4873 7067 4876 7068 4873 7068 2775 7068 2775 7069 4873 7069 2785 7069 3217 7070 3648 7070 4877 7070 4877 7071 3648 7071 4874 7071 4877 7072 4874 7072 4878 7072 4878 7073 4874 7073 4875 7073 4878 7074 4875 7074 4879 7074 4879 7075 4875 7075 4876 7075 4879 7076 4876 7076 2777 7076 2777 7077 4876 7077 2775 7077 3218 7078 3217 7078 4880 7078 4880 7079 3217 7079 4877 7079 4880 7080 4877 7080 4881 7080 4881 7081 4877 7081 4878 7081 4881 7082 4878 7082 4882 7082 4882 7083 4878 7083 4879 7083 4882 7084 4879 7084 2779 7084 2779 7085 4879 7085 2777 7085 3220 7086 3218 7086 4883 7086 4883 7087 3218 7087 4880 7087 4883 7088 4880 7088 4884 7088 4884 7089 4880 7089 4881 7089 4884 7090 4881 7090 4885 7090 4885 7091 4881 7091 4882 7091 4885 7092 4882 7092 2780 7092 2780 7093 4882 7093 2779 7093 3659 7094 3198 7094 4860 7094 4860 7095 3198 7095 4886 7095 4860 7096 4886 7096 4861 7096 4861 7097 4886 7097 4863 7097 4863 7098 4886 7098 4887 7098 4863 7099 4887 7099 4864 7099 4864 7100 4887 7100 4888 7100 4864 7101 4888 7101 4859 7101 4859 7102 4888 7102 3333 7102 4859 7103 3333 7103 2790 7103 4889 7104 3329 7104 2423 7104 3223 7105 3224 7105 4890 7105 4890 7106 3224 7106 4891 7106 4890 7107 4891 7107 4892 7107 4892 7108 4891 7108 4893 7108 2423 7109 4894 7109 4889 7109 4889 7110 4894 7110 4895 7110 4889 7111 4895 7111 4893 7111 4893 7112 4895 7112 4896 7112 4893 7113 4896 7113 4892 7113 2780 7114 3329 7114 4885 7114 4885 7115 3329 7115 4889 7115 4885 7116 4889 7116 4884 7116 4884 7117 4889 7117 4893 7117 4884 7118 4893 7118 4883 7118 4883 7119 4893 7119 4891 7119 4883 7120 4891 7120 3220 7120 3220 7121 4891 7121 3224 7121 3332 7122 3333 7122 4897 7122 4897 7123 3333 7123 4888 7123 4897 7124 4888 7124 4898 7124 4898 7125 4888 7125 4887 7125 4898 7126 4887 7126 4899 7126 4899 7127 4887 7127 4886 7127 4899 7128 4886 7128 3197 7128 3197 7129 4886 7129 3198 7129 2425 7130 3332 7130 4900 7130 4900 7131 3332 7131 4897 7131 4900 7132 4897 7132 4901 7132 4901 7133 4897 7133 4898 7133 4901 7134 4898 7134 4902 7134 4902 7135 4898 7135 4899 7135 4902 7136 4899 7136 3200 7136 3200 7137 4899 7137 3197 7137 4903 7138 4895 7138 4894 7138 4904 7139 3221 7139 3223 7139 3223 7140 4890 7140 4904 7140 4904 7141 4890 7141 4892 7141 4904 7142 4892 7142 4903 7142 4903 7143 4892 7143 4896 7143 4903 7144 4896 7144 4895 7144 2420 7145 4903 7145 2422 7145 2422 7146 4903 7146 4894 7146 2422 7147 4894 7147 2423 7147 3193 7148 3221 7148 4905 7148 4905 7149 3221 7149 4904 7149 4905 7150 4904 7150 4906 7150 4906 7151 4904 7151 4903 7151 4906 7152 4903 7152 4907 7152 4907 7153 4903 7153 2420 7153 3195 7154 3194 7154 4908 7154 3203 7155 3205 7155 4909 7155 3210 7156 3212 7156 4910 7156 3214 7157 3216 7157 4911 7157 4911 7158 3216 7158 4912 7158 4911 7159 4912 7159 4913 7159 4913 7160 4912 7160 4914 7160 4913 7161 4914 7161 4915 7161 4915 7162 4914 7162 4916 7162 4915 7163 4916 7163 2436 7163 2436 7164 4916 7164 2385 7164 3212 7165 3214 7165 4910 7165 4910 7166 3214 7166 4911 7166 4910 7167 4911 7167 4917 7167 4917 7168 4911 7168 4913 7168 4917 7169 4913 7169 4918 7169 4918 7170 4913 7170 4915 7170 4918 7171 4915 7171 2435 7171 2435 7172 4915 7172 2436 7172 3208 7173 3210 7173 4919 7173 4919 7174 3210 7174 4910 7174 4919 7175 4910 7175 4920 7175 4920 7176 4910 7176 4917 7176 4920 7177 4917 7177 4921 7177 4921 7178 4917 7178 4918 7178 4921 7179 4918 7179 2433 7179 2433 7180 4918 7180 2435 7180 3205 7181 3208 7181 4909 7181 4909 7182 3208 7182 4919 7182 4909 7183 4919 7183 4922 7183 4922 7184 4919 7184 4920 7184 4922 7185 4920 7185 4923 7185 4923 7186 4920 7186 4921 7186 4923 7187 4921 7187 2431 7187 2431 7188 4921 7188 2433 7188 3201 7189 3203 7189 4924 7189 4924 7190 3203 7190 4909 7190 4924 7191 4909 7191 4925 7191 4925 7192 4909 7192 4922 7192 4925 7193 4922 7193 4926 7193 4926 7194 4922 7194 4923 7194 4926 7195 4923 7195 2429 7195 2429 7196 4923 7196 2431 7196 3194 7197 3201 7197 4908 7197 4908 7198 3201 7198 4924 7198 4908 7199 4924 7199 4927 7199 4927 7200 4924 7200 4925 7200 4927 7201 4925 7201 4928 7201 4928 7202 4925 7202 4926 7202 4928 7203 4926 7203 2427 7203 2427 7204 4926 7204 2429 7204 3200 7205 3195 7205 4902 7205 4902 7206 3195 7206 4908 7206 4902 7207 4908 7207 4901 7207 4901 7208 4908 7208 4927 7208 4901 7209 4927 7209 4900 7209 4900 7210 4927 7210 4928 7210 4900 7211 4928 7211 2425 7211 2425 7212 4928 7212 2427 7212 3175 7213 3174 7213 4929 7213 3188 7214 3187 7214 4930 7214 4907 7215 2420 7215 2418 7215 4906 7216 4907 7216 4931 7216 4905 7217 4906 7217 4932 7217 4933 7218 3191 7218 4934 7218 4934 7219 3191 7219 3193 7219 4934 7220 3193 7220 4905 7220 4907 7221 2418 7221 4931 7221 4931 7222 2418 7222 2415 7222 4931 7223 2415 7223 4935 7223 4935 7224 2415 7224 2413 7224 4935 7225 2413 7225 4936 7225 4936 7226 2413 7226 2412 7226 4936 7227 2412 7227 4937 7227 4937 7228 2412 7228 2410 7228 4937 7229 2410 7229 4938 7229 4906 7230 4931 7230 4932 7230 4932 7231 4931 7231 4935 7231 4932 7232 4935 7232 4939 7232 4939 7233 4935 7233 4936 7233 4939 7234 4936 7234 4940 7234 4940 7235 4936 7235 4937 7235 4940 7236 4937 7236 4941 7236 4941 7237 4937 7237 4938 7237 4941 7238 4938 7238 4942 7238 4905 7239 4932 7239 4934 7239 4934 7240 4932 7240 4939 7240 4934 7241 4939 7241 4933 7241 4933 7242 4939 7242 4940 7242 4933 7243 4940 7243 4943 7243 4943 7244 4940 7244 4941 7244 4943 7245 4941 7245 4944 7245 4944 7246 4941 7246 4942 7246 4944 7247 4942 7247 4945 7247 3183 7248 3182 7248 4945 7248 4945 7249 3182 7249 3180 7249 4945 7250 3180 7250 4944 7250 4944 7251 3180 7251 3178 7251 4944 7252 3178 7252 4943 7252 4943 7253 3178 7253 3177 7253 4943 7254 3177 7254 4933 7254 4933 7255 3177 7255 3189 7255 4933 7256 3189 7256 3191 7256 2410 7257 2409 7257 4938 7257 4938 7258 2409 7258 4946 7258 4938 7259 4946 7259 4942 7259 4942 7260 4946 7260 4947 7260 4942 7261 4947 7261 4945 7261 4945 7262 4947 7262 4948 7262 4945 7263 4948 7263 3183 7263 3183 7264 4948 7264 3185 7264 3187 7265 3185 7265 4930 7265 4930 7266 3185 7266 4948 7266 4930 7267 4948 7267 4949 7267 4949 7268 4948 7268 4947 7268 4949 7269 4947 7269 4950 7269 4950 7270 4947 7270 4946 7270 4950 7271 4946 7271 2390 7271 2390 7272 4946 7272 2409 7272 2390 7273 2392 7273 4950 7273 4950 7274 2392 7274 4951 7274 4950 7275 4951 7275 4949 7275 4949 7276 4951 7276 4952 7276 4949 7277 4952 7277 4930 7277 4930 7278 4952 7278 4953 7278 4930 7279 4953 7279 3188 7279 3188 7280 4953 7280 3172 7280 3174 7281 3172 7281 4929 7281 4929 7282 3172 7282 4953 7282 4929 7283 4953 7283 4954 7283 4954 7284 4953 7284 4952 7284 4954 7285 4952 7285 4955 7285 4955 7286 4952 7286 4951 7286 4955 7287 4951 7287 2401 7287 2401 7288 4951 7288 2392 7288 3169 7289 3175 7289 4956 7289 4956 7290 3175 7290 4929 7290 4956 7291 4929 7291 4957 7291 4957 7292 4929 7292 4954 7292 4957 7293 4954 7293 4958 7293 4958 7294 4954 7294 4955 7294 4958 7295 4955 7295 2403 7295 2403 7296 4955 7296 2401 7296 3167 7297 3169 7297 4959 7297 4959 7298 3169 7298 4956 7298 4959 7299 4956 7299 4960 7299 4960 7300 4956 7300 4957 7300 4960 7301 4957 7301 4961 7301 4961 7302 4957 7302 4958 7302 4961 7303 4958 7303 2405 7303 2405 7304 4958 7304 2403 7304 3165 7305 3167 7305 4962 7305 4962 7306 3167 7306 4959 7306 4962 7307 4959 7307 4963 7307 4963 7308 4959 7308 4960 7308 4963 7309 4960 7309 4964 7309 4964 7310 4960 7310 4961 7310 4964 7311 4961 7311 2407 7311 2407 7312 4961 7312 2405 7312 2407 7313 2408 7313 4964 7313 4964 7314 2408 7314 4965 7314 4964 7315 4965 7315 4963 7315 4963 7316 4965 7316 4966 7316 4963 7317 4966 7317 4962 7317 4962 7318 4966 7318 4967 7318 4962 7319 4967 7319 3165 7319 3672 7320 3674 7320 4967 7320 4967 7321 3674 7321 3675 7321 4967 7322 3675 7322 3165 7322 2398 7323 2397 7323 4968 7323 4968 7324 2397 7324 4969 7324 4968 7325 4969 7325 4970 7325 4970 7326 4969 7326 4971 7326 4970 7327 4971 7327 4972 7327 4972 7328 4971 7328 4973 7328 2397 7329 2396 7329 4969 7329 4969 7330 2396 7330 4974 7330 4969 7331 4974 7331 4971 7331 4971 7332 4974 7332 4975 7332 4971 7333 4975 7333 4973 7333 4973 7334 4975 7334 4976 7334 2396 7335 2395 7335 4974 7335 4974 7336 2395 7336 4977 7336 4974 7337 4977 7337 4975 7337 4975 7338 4977 7338 4978 7338 4975 7339 4978 7339 4976 7339 4976 7340 4978 7340 4979 7340 2408 7341 2398 7341 4965 7341 4965 7342 2398 7342 4968 7342 4965 7343 4968 7343 4966 7343 4966 7344 4968 7344 4970 7344 4966 7345 4970 7345 4967 7345 4967 7346 4970 7346 4972 7346 4967 7347 4972 7347 3672 7347 3672 7348 4972 7348 4973 7348 3672 7349 4973 7349 3671 7349 3671 7350 4973 7350 4976 7350 3671 7351 4976 7351 3664 7351 3664 7352 4976 7352 4979 7352 3668 7353 3667 7353 4979 7353 4979 7354 3667 7354 3665 7354 4979 7355 3665 7355 3664 7355 2387 7356 2386 7356 4980 7356 4980 7357 2386 7357 4981 7357 4980 7358 4981 7358 4982 7358 4982 7359 4981 7359 4983 7359 4982 7360 4983 7360 4984 7360 4984 7361 4983 7361 4985 7361 4912 7362 4985 7362 4914 7362 4914 7363 4985 7363 4983 7363 4914 7364 4983 7364 4916 7364 4916 7365 4983 7365 4981 7365 4916 7366 4981 7366 2385 7366 2385 7367 4981 7367 2386 7367 2395 7368 2387 7368 4977 7368 4977 7369 2387 7369 4980 7369 4977 7370 4980 7370 4978 7370 4978 7371 4980 7371 4982 7371 4978 7372 4982 7372 4979 7372 4979 7373 4982 7373 4984 7373 4979 7374 4984 7374 3668 7374 3668 7375 4984 7375 4985 7375 3668 7376 4985 7376 3663 7376 3663 7377 4985 7377 4912 7377 3663 7378 4912 7378 3216 7378 4986 7379 2290 7379 2288 7379 4987 7380 4988 7380 3593 7380 3593 7381 4988 7381 3367 7381 2288 7382 4989 7382 4986 7382 4986 7383 4989 7383 4990 7383 4986 7384 4990 7384 4991 7384 4991 7385 4990 7385 4992 7385 4991 7386 4992 7386 4987 7386 4987 7387 4992 7387 4993 7387 4987 7388 4993 7388 4988 7388 2291 7389 2290 7389 4994 7389 4994 7390 2290 7390 4986 7390 4994 7391 4986 7391 4995 7391 4995 7392 4986 7392 4991 7392 4995 7393 4991 7393 4996 7393 4996 7394 4991 7394 4987 7394 4996 7395 4987 7395 3589 7395 3589 7396 4987 7396 3593 7396 2288 7397 2287 7397 4989 7397 4989 7398 2287 7398 4997 7398 4989 7399 4997 7399 4990 7399 4990 7400 4997 7400 4992 7400 4992 7401 4997 7401 4998 7401 4992 7402 4998 7402 4993 7402 3369 7403 3367 7403 4998 7403 4998 7404 3367 7404 4988 7404 4998 7405 4988 7405 4993 7405 3371 7406 3369 7406 4999 7406 4999 7407 3369 7407 4998 7407 4999 7408 4998 7408 5000 7408 5000 7409 4998 7409 4997 7409 5000 7410 4997 7410 2293 7410 2293 7411 4997 7411 2287 7411 3372 7412 3371 7412 5001 7412 5001 7413 3371 7413 4999 7413 5001 7414 4999 7414 5002 7414 5002 7415 4999 7415 5000 7415 5002 7416 5000 7416 1764 7416 1764 7417 5000 7417 2293 7417 3584 7418 3582 7418 5003 7418 3578 7419 3402 7419 5004 7419 5004 7420 3402 7420 5005 7420 5004 7421 5005 7421 5006 7421 5006 7422 5005 7422 5007 7422 5006 7423 5007 7423 5008 7423 5008 7424 5007 7424 5009 7424 5008 7425 5009 7425 2342 7425 2342 7426 5009 7426 2341 7426 3580 7427 3578 7427 5010 7427 5010 7428 3578 7428 5004 7428 5010 7429 5004 7429 5011 7429 5011 7430 5004 7430 5006 7430 5011 7431 5006 7431 5012 7431 5012 7432 5006 7432 5008 7432 5012 7433 5008 7433 2331 7433 2331 7434 5008 7434 2342 7434 3582 7435 3580 7435 5003 7435 5003 7436 3580 7436 5010 7436 5003 7437 5010 7437 5013 7437 5013 7438 5010 7438 5011 7438 5013 7439 5011 7439 5014 7439 5014 7440 5011 7440 5012 7440 5014 7441 5012 7441 2333 7441 2333 7442 5012 7442 2331 7442 3586 7443 3584 7443 5015 7443 5015 7444 3584 7444 5003 7444 5015 7445 5003 7445 5016 7445 5016 7446 5003 7446 5013 7446 5016 7447 5013 7447 5017 7447 5017 7448 5013 7448 5014 7448 5017 7449 5014 7449 2322 7449 2322 7450 5014 7450 2333 7450 3587 7451 3586 7451 5018 7451 5018 7452 3586 7452 5015 7452 5018 7453 5015 7453 5019 7453 5019 7454 5015 7454 5016 7454 5019 7455 5016 7455 5020 7455 5020 7456 5016 7456 5017 7456 5020 7457 5017 7457 2321 7457 2321 7458 5017 7458 2322 7458 3589 7459 3587 7459 4996 7459 4996 7460 3587 7460 5018 7460 4996 7461 5018 7461 4995 7461 4995 7462 5018 7462 5019 7462 4995 7463 5019 7463 4994 7463 4994 7464 5019 7464 5020 7464 4994 7465 5020 7465 2291 7465 2291 7466 5020 7466 2321 7466 5021 7467 5022 7467 5023 7467 5001 7468 5002 7468 5024 7468 3372 7469 5001 7469 3374 7469 3374 7470 5001 7470 5025 7470 3374 7471 5025 7471 3376 7471 3376 7472 5025 7472 5026 7472 3376 7473 5026 7473 3378 7473 3378 7474 5026 7474 3380 7474 3380 7475 5026 7475 5027 7475 3380 7476 5027 7476 3383 7476 3383 7477 5027 7477 5028 7477 3383 7478 5028 7478 3384 7478 5021 7479 5029 7479 1767 7479 1767 7480 5029 7480 5030 7480 1767 7481 5030 7481 1768 7481 1768 7482 5030 7482 5031 7482 1768 7483 5031 7483 1770 7483 1770 7484 5031 7484 5032 7484 1770 7485 5032 7485 1772 7485 1772 7486 5032 7486 5033 7486 1772 7487 5033 7487 1766 7487 1766 7488 5033 7488 5024 7488 1766 7489 5024 7489 1763 7489 1763 7490 5024 7490 5002 7490 1763 7491 5002 7491 1764 7491 5001 7492 5024 7492 5025 7492 5025 7493 5024 7493 5033 7493 5025 7494 5033 7494 5026 7494 5026 7495 5033 7495 5032 7495 5026 7496 5032 7496 5027 7496 5027 7497 5032 7497 5031 7497 5027 7498 5031 7498 5028 7498 5028 7499 5031 7499 5030 7499 5028 7500 5030 7500 5034 7500 5034 7501 5030 7501 5029 7501 5034 7502 5029 7502 5035 7502 5021 7503 5023 7503 5029 7503 5029 7504 5023 7504 5036 7504 5029 7505 5036 7505 5035 7505 5035 7506 5036 7506 5037 7506 5035 7507 5037 7507 5038 7507 3384 7508 5028 7508 3386 7508 3386 7509 5028 7509 5034 7509 3386 7510 5034 7510 3388 7510 3388 7511 5034 7511 5035 7511 3388 7512 5035 7512 3390 7512 3390 7513 5035 7513 5038 7513 3390 7514 5038 7514 3392 7514 3400 7515 3398 7515 5039 7515 5039 7516 3398 7516 5040 7516 5039 7517 5040 7517 5041 7517 5041 7518 5040 7518 5042 7518 5041 7519 5042 7519 5043 7519 5043 7520 5042 7520 5044 7520 5043 7521 5044 7521 2339 7521 2339 7522 5044 7522 2337 7522 3402 7523 3400 7523 5005 7523 5005 7524 3400 7524 5039 7524 5005 7525 5039 7525 5007 7525 5007 7526 5039 7526 5041 7526 5007 7527 5041 7527 5009 7527 5009 7528 5041 7528 5043 7528 5009 7529 5043 7529 2341 7529 2341 7530 5043 7530 2339 7530 5045 7531 5046 7531 5022 7531 2537 7532 2536 7532 5047 7532 3564 7533 3562 7533 5048 7533 3564 7534 5048 7534 3566 7534 3340 7535 3570 7535 5049 7535 5049 7536 3570 7536 5050 7536 5049 7537 5050 7537 5051 7537 5051 7538 5050 7538 5052 7538 5051 7539 5052 7539 5053 7539 5053 7540 5052 7540 5054 7540 5053 7541 5054 7541 2542 7541 2542 7542 5054 7542 2534 7542 5055 7543 5036 7543 5046 7543 5046 7544 5036 7544 5023 7544 5046 7545 5023 7545 5022 7545 3562 7546 3392 7546 5048 7546 5048 7547 3392 7547 5038 7547 5048 7548 5038 7548 5055 7548 5055 7549 5038 7549 5037 7549 5055 7550 5037 7550 5036 7550 3570 7551 3568 7551 5050 7551 5050 7552 3568 7552 5056 7552 5050 7553 5056 7553 5052 7553 5052 7554 5056 7554 5057 7554 5052 7555 5057 7555 5054 7555 5054 7556 5057 7556 5047 7556 5054 7557 5047 7557 2534 7557 2534 7558 5047 7558 2536 7558 3568 7559 3566 7559 5056 7559 5056 7560 3566 7560 5048 7560 5056 7561 5048 7561 5057 7561 5057 7562 5048 7562 5055 7562 5057 7563 5055 7563 5047 7563 5047 7564 5055 7564 5046 7564 5047 7565 5046 7565 2537 7565 2537 7566 5046 7566 5045 7566 3396 7567 3395 7567 5058 7567 5058 7568 3395 7568 5059 7568 5058 7569 5059 7569 5060 7569 5060 7570 5059 7570 5061 7570 5060 7571 5061 7571 5062 7571 5062 7572 5061 7572 5063 7572 5062 7573 5063 7573 2375 7573 2375 7574 5063 7574 2365 7574 3398 7575 3396 7575 5040 7575 5040 7576 3396 7576 5058 7576 5040 7577 5058 7577 5042 7577 5042 7578 5058 7578 5060 7578 5042 7579 5060 7579 5044 7579 5044 7580 5060 7580 5062 7580 5044 7581 5062 7581 2337 7581 2337 7582 5062 7582 2375 7582 3348 7583 3340 7583 5049 7583 3348 7584 5049 7584 5064 7584 5064 7585 5049 7585 5051 7585 5064 7586 5051 7586 5065 7586 5065 7587 5051 7587 5053 7587 5065 7588 5053 7588 5066 7588 5066 7589 5053 7589 2542 7589 5066 7590 2542 7590 2541 7590 3575 7591 3573 7591 5067 7591 2366 7592 2365 7592 5068 7592 5068 7593 2365 7593 5063 7593 5068 7594 5063 7594 5069 7594 5069 7595 5063 7595 5061 7595 5069 7596 5061 7596 5070 7596 5070 7597 5061 7597 5059 7597 3575 7598 5067 7598 3574 7598 2362 7599 2366 7599 5071 7599 5071 7600 2366 7600 5068 7600 5071 7601 5068 7601 5072 7601 5072 7602 5068 7602 5069 7602 5072 7603 5069 7603 5067 7603 5067 7604 5069 7604 5070 7604 5067 7605 5070 7605 3574 7605 3574 7606 5070 7606 5059 7606 3574 7607 5059 7607 3395 7607 2368 7608 2362 7608 5073 7608 5073 7609 2362 7609 5071 7609 5073 7610 5071 7610 5074 7610 5074 7611 5071 7611 5072 7611 5074 7612 5072 7612 5075 7612 5075 7613 5072 7613 5067 7613 5075 7614 5067 7614 3410 7614 3410 7615 5067 7615 3573 7615 2545 7616 5076 7616 5077 7616 5065 7617 5066 7617 5078 7617 5076 7618 5079 7618 5080 7618 5079 7619 3405 7619 3560 7619 5079 7620 3560 7620 5080 7620 5080 7621 3560 7621 3558 7621 5080 7622 3558 7622 5081 7622 5081 7623 3558 7623 3348 7623 5081 7624 3348 7624 5064 7624 5076 7625 5080 7625 5077 7625 5077 7626 5080 7626 5081 7626 5077 7627 5081 7627 5078 7627 5078 7628 5081 7628 5064 7628 5078 7629 5064 7629 5065 7629 2545 7630 5077 7630 2539 7630 2539 7631 5077 7631 5078 7631 2539 7632 5078 7632 2540 7632 2540 7633 5078 7633 5066 7633 2540 7634 5066 7634 2541 7634 2373 7635 2372 7635 5082 7635 5082 7636 2372 7636 5083 7636 5082 7637 5083 7637 5084 7637 5084 7638 5083 7638 5085 7638 3412 7639 5086 7639 5087 7639 5087 7640 5086 7640 5088 7640 5087 7641 5088 7641 5085 7641 5085 7642 5088 7642 5089 7642 5085 7643 5089 7643 5084 7643 3409 7644 3415 7644 5087 7644 5087 7645 3415 7645 3413 7645 5087 7646 3413 7646 3412 7646 5075 7647 5090 7647 5074 7647 5074 7648 5090 7648 5091 7648 5074 7649 5091 7649 5073 7649 5073 7650 5091 7650 5092 7650 5073 7651 5092 7651 2368 7651 2368 7652 5092 7652 2370 7652 2372 7653 2370 7653 5083 7653 5083 7654 2370 7654 5092 7654 5083 7655 5092 7655 5085 7655 5085 7656 5092 7656 5091 7656 5085 7657 5091 7657 5087 7657 5087 7658 5091 7658 5090 7658 5087 7659 5090 7659 3409 7659 3409 7660 5090 7660 5075 7660 3409 7661 5075 7661 3410 7661 5082 7662 5084 7662 5093 7662 5094 7663 3407 7663 3405 7663 5076 7664 2545 7664 2546 7664 2373 7665 5082 7665 2546 7665 2546 7666 5082 7666 5093 7666 2546 7667 5093 7667 5076 7667 5076 7668 5093 7668 5079 7668 5084 7669 5089 7669 5093 7669 5093 7670 5089 7670 5094 7670 5093 7671 5094 7671 5079 7671 5079 7672 5094 7672 3405 7672 3412 7673 3407 7673 5086 7673 5086 7674 3407 7674 5094 7674 5086 7675 5094 7675 5088 7675 5088 7676 5094 7676 5089 7676 5095 7677 5096 7677 5097 7677 5098 7678 5099 7678 2548 7678 2548 7679 5099 7679 5100 7679 5100 7680 5099 7680 5101 7680 5100 7681 5101 7681 5102 7681 5096 7682 5103 7682 5101 7682 5101 7683 5103 7683 5104 7683 5101 7684 5104 7684 5102 7684 5105 7685 3385 7685 5106 7685 5106 7686 3385 7686 3387 7686 5106 7687 3387 7687 5107 7687 5107 7688 3387 7688 3389 7688 5107 7689 3389 7689 5108 7689 5108 7690 3389 7690 3391 7690 5108 7691 3391 7691 5097 7691 5097 7692 3391 7692 3393 7692 5097 7693 3393 7693 5095 7693 2548 7694 2547 7694 5098 7694 5098 7695 2547 7695 2556 7695 5098 7696 2556 7696 5109 7696 5109 7697 2556 7697 2555 7697 5109 7698 2555 7698 5110 7698 5110 7699 2555 7699 2553 7699 5110 7700 2553 7700 5111 7700 5111 7701 2553 7701 2551 7701 5111 7702 2551 7702 5112 7702 5096 7703 5101 7703 5097 7703 5097 7704 5101 7704 5099 7704 5097 7705 5099 7705 5108 7705 5108 7706 5099 7706 5098 7706 5108 7707 5098 7707 5107 7707 5107 7708 5098 7708 5109 7708 5107 7709 5109 7709 5106 7709 5106 7710 5109 7710 5110 7710 5106 7711 5110 7711 5105 7711 5105 7712 5110 7712 5111 7712 5105 7713 5111 7713 5113 7713 5113 7714 5111 7714 5112 7714 5113 7715 5112 7715 5114 7715 3375 7716 3377 7716 5114 7716 5114 7717 3377 7717 3379 7717 5114 7718 3379 7718 5113 7718 5113 7719 3379 7719 3381 7719 5113 7720 3381 7720 5105 7720 5105 7721 3381 7721 3382 7721 5105 7722 3382 7722 3385 7722 3373 7723 3375 7723 5115 7723 5115 7724 3375 7724 5114 7724 5115 7725 5114 7725 5116 7725 5116 7726 5114 7726 5112 7726 5116 7727 5112 7727 2305 7727 2305 7728 5112 7728 2551 7728 5117 7729 1778 7729 5118 7729 3341 7730 5119 7730 5120 7730 1785 7731 1784 7731 5121 7731 5121 7732 1784 7732 5122 7732 5120 7733 5119 7733 5123 7733 5119 7734 5124 7734 5123 7734 5123 7735 5124 7735 5125 7735 5123 7736 5125 7736 5122 7736 5122 7737 5125 7737 5126 7737 5122 7738 5126 7738 5121 7738 3565 7739 3567 7739 5120 7739 5120 7740 3567 7740 3569 7740 5120 7741 3569 7741 3341 7741 3393 7742 3561 7742 5095 7742 5095 7743 3561 7743 5127 7743 5095 7744 5127 7744 5096 7744 5096 7745 5127 7745 5128 7745 5096 7746 5128 7746 5103 7746 5103 7747 5128 7747 5117 7747 5103 7748 5117 7748 5104 7748 5104 7749 5117 7749 5118 7749 5104 7750 5118 7750 5102 7750 1784 7751 1779 7751 5122 7751 5122 7752 1779 7752 5129 7752 5122 7753 5129 7753 5123 7753 5123 7754 5129 7754 5130 7754 5123 7755 5130 7755 5120 7755 5120 7756 5130 7756 5131 7756 5120 7757 5131 7757 3565 7757 3565 7758 5131 7758 3563 7758 1779 7759 1778 7759 5129 7759 5129 7760 1778 7760 5117 7760 5129 7761 5117 7761 5130 7761 5130 7762 5117 7762 5128 7762 5130 7763 5128 7763 5131 7763 5131 7764 5128 7764 5127 7764 5131 7765 5127 7765 3563 7765 3563 7766 5127 7766 3561 7766 5115 7767 5116 7767 5132 7767 3373 7768 5115 7768 5133 7768 5115 7769 5132 7769 5133 7769 5133 7770 5132 7770 5134 7770 5133 7771 5134 7771 5135 7771 2299 7772 5134 7772 2301 7772 2301 7773 5134 7773 5132 7773 2301 7774 5132 7774 2303 7774 2303 7775 5132 7775 5116 7775 2303 7776 5116 7776 2305 7776 2299 7777 5136 7777 5134 7777 5134 7778 5136 7778 5137 7778 5134 7779 5137 7779 5135 7779 5135 7780 5137 7780 5138 7780 5135 7781 5138 7781 5139 7781 3373 7782 5133 7782 3370 7782 3370 7783 5133 7783 5135 7783 3370 7784 5135 7784 3368 7784 3368 7785 5135 7785 5139 7785 3368 7786 5139 7786 3366 7786 5119 7787 3341 7787 3343 7787 5119 7788 3343 7788 5124 7788 5124 7789 3343 7789 5140 7789 5124 7790 5140 7790 5125 7790 5125 7791 5140 7791 5141 7791 5125 7792 5141 7792 5126 7792 5126 7793 5141 7793 5121 7793 5121 7794 5141 7794 1786 7794 5121 7795 1786 7795 1785 7795 2297 7796 2296 7796 5142 7796 5142 7797 2296 7797 5143 7797 5142 7798 5143 7798 5144 7798 5144 7799 5143 7799 5145 7799 5144 7800 5145 7800 5146 7800 5146 7801 5145 7801 5147 7801 3366 7802 5146 7802 3588 7802 3588 7803 5146 7803 5147 7803 3588 7804 5147 7804 3592 7804 2299 7805 2297 7805 5136 7805 5136 7806 2297 7806 5142 7806 5136 7807 5142 7807 5137 7807 5137 7808 5142 7808 5144 7808 5137 7809 5144 7809 5138 7809 5138 7810 5144 7810 5146 7810 5138 7811 5146 7811 5139 7811 5139 7812 5146 7812 3366 7812 1789 7813 1790 7813 5148 7813 5148 7814 1790 7814 5149 7814 5148 7815 5149 7815 5150 7815 5150 7816 5149 7816 5151 7816 5150 7817 5151 7817 3404 7817 3404 7818 5151 7818 3559 7818 1790 7819 1776 7819 5149 7819 5149 7820 1776 7820 5152 7820 5149 7821 5152 7821 5151 7821 5151 7822 5152 7822 5153 7822 5151 7823 5153 7823 3559 7823 3559 7824 5153 7824 3557 7824 1776 7825 1786 7825 5152 7825 5152 7826 1786 7826 5141 7826 5152 7827 5141 7827 5153 7827 5153 7828 5141 7828 5140 7828 5153 7829 5140 7829 3557 7829 3557 7830 5140 7830 3343 7830 2296 7831 2633 7831 5143 7831 5143 7832 2633 7832 5154 7832 5143 7833 5154 7833 5145 7833 5145 7834 5154 7834 5155 7834 5145 7835 5155 7835 5147 7835 5147 7836 5155 7836 5156 7836 5147 7837 5156 7837 3592 7837 3585 7838 3591 7838 5156 7838 5156 7839 3591 7839 3590 7839 5156 7840 3590 7840 3592 7840 2634 7841 2630 7841 5157 7841 5157 7842 2630 7842 5158 7842 5157 7843 5158 7843 5159 7843 5159 7844 5158 7844 5160 7844 5159 7845 5160 7845 5161 7845 5161 7846 5160 7846 5162 7846 2630 7847 2628 7847 5158 7847 5158 7848 2628 7848 5163 7848 5158 7849 5163 7849 5160 7849 5160 7850 5163 7850 5164 7850 5160 7851 5164 7851 5162 7851 5162 7852 5164 7852 5165 7852 2633 7853 2634 7853 5154 7853 5154 7854 2634 7854 5157 7854 5154 7855 5157 7855 5155 7855 5155 7856 5157 7856 5159 7856 5155 7857 5159 7857 5156 7857 5156 7858 5159 7858 5161 7858 5156 7859 5161 7859 3585 7859 3585 7860 5161 7860 5162 7860 3585 7861 5162 7861 3583 7861 3583 7862 5162 7862 5165 7862 3577 7863 3579 7863 5165 7863 5165 7864 3579 7864 3581 7864 5165 7865 3581 7865 3583 7865 5166 7866 5167 7866 5168 7866 5168 7867 5167 7867 5169 7867 5168 7868 5169 7868 5170 7868 5170 7869 5169 7869 5171 7869 5170 7870 5171 7870 2625 7870 2625 7871 5171 7871 2627 7871 2628 7872 2627 7872 5163 7872 5163 7873 2627 7873 5171 7873 5163 7874 5171 7874 5164 7874 5164 7875 5171 7875 5169 7875 5164 7876 5169 7876 5165 7876 5165 7877 5169 7877 5167 7877 5165 7878 5167 7878 3577 7878 3577 7879 5167 7879 5166 7879 3577 7880 5166 7880 3403 7880 5172 7881 3406 7881 3408 7881 1782 7882 1781 7882 5173 7882 5173 7883 1781 7883 5174 7883 3408 7884 5175 7884 5172 7884 5172 7885 5175 7885 5176 7885 5172 7886 5176 7886 5174 7886 5174 7887 5176 7887 5177 7887 5174 7888 5177 7888 5173 7888 3404 7889 3406 7889 5150 7889 5150 7890 3406 7890 5172 7890 5150 7891 5172 7891 5148 7891 5148 7892 5172 7892 5174 7892 5148 7893 5174 7893 1789 7893 1789 7894 5174 7894 1781 7894 3401 7895 3403 7895 5178 7895 5178 7896 3403 7896 5166 7896 5178 7897 5166 7897 5179 7897 5179 7898 5166 7898 5168 7898 5179 7899 5168 7899 5180 7899 5180 7900 5168 7900 5170 7900 5180 7901 5170 7901 2624 7901 2624 7902 5170 7902 2625 7902 3399 7903 3401 7903 5181 7903 5181 7904 3401 7904 5178 7904 5181 7905 5178 7905 5182 7905 5182 7906 5178 7906 5179 7906 5182 7907 5179 7907 5183 7907 5183 7908 5179 7908 5180 7908 5183 7909 5180 7909 2622 7909 2622 7910 5180 7910 2624 7910 3414 7911 3416 7911 5184 7911 3417 7912 3411 7912 5185 7912 5185 7913 3411 7913 5186 7913 5185 7914 5186 7914 5187 7914 5187 7915 5186 7915 5188 7915 5187 7916 5188 7916 5189 7916 5189 7917 5188 7917 5190 7917 3416 7918 3417 7918 5184 7918 5184 7919 3417 7919 5185 7919 5184 7920 5185 7920 5191 7920 5191 7921 5185 7921 5187 7921 5191 7922 5187 7922 5192 7922 5192 7923 5187 7923 5189 7923 1782 7924 5192 7924 2657 7924 2657 7925 5192 7925 5189 7925 2657 7926 5189 7926 2658 7926 2658 7927 5189 7927 5190 7927 2658 7928 5190 7928 2659 7928 3408 7929 3414 7929 5175 7929 5175 7930 3414 7930 5184 7930 5175 7931 5184 7931 5176 7931 5176 7932 5184 7932 5191 7932 5176 7933 5191 7933 5177 7933 5177 7934 5191 7934 5192 7934 5177 7935 5192 7935 5173 7935 5173 7936 5192 7936 1782 7936 3397 7937 3399 7937 5193 7937 5193 7938 3399 7938 5181 7938 5193 7939 5181 7939 5194 7939 5194 7940 5181 7940 5182 7940 5194 7941 5182 7941 5195 7941 5195 7942 5182 7942 5183 7942 5195 7943 5183 7943 2649 7943 2649 7944 5183 7944 2622 7944 3394 7945 3397 7945 5196 7945 5196 7946 3397 7946 5193 7946 5196 7947 5193 7947 5197 7947 5197 7948 5193 7948 5194 7948 5197 7949 5194 7949 5198 7949 5198 7950 5194 7950 5195 7950 5198 7951 5195 7951 2647 7951 2647 7952 5195 7952 2649 7952 3571 7953 3576 7953 5199 7953 2654 7954 2659 7954 5200 7954 5200 7955 2659 7955 5190 7955 5200 7956 5190 7956 5201 7956 5201 7957 5190 7957 5188 7957 5201 7958 5188 7958 5202 7958 5202 7959 5188 7959 5186 7959 3571 7960 5199 7960 3572 7960 2652 7961 2654 7961 5203 7961 5203 7962 2654 7962 5200 7962 5203 7963 5200 7963 5204 7963 5204 7964 5200 7964 5201 7964 5204 7965 5201 7965 5199 7965 5199 7966 5201 7966 5202 7966 5199 7967 5202 7967 3572 7967 3572 7968 5202 7968 5186 7968 3572 7969 5186 7969 3411 7969 2647 7970 2652 7970 5198 7970 5198 7971 2652 7971 5203 7971 5198 7972 5203 7972 5197 7972 5197 7973 5203 7973 5204 7973 5197 7974 5204 7974 5196 7974 5196 7975 5204 7975 5199 7975 5196 7976 5199 7976 3394 7976 3394 7977 5199 7977 3576 7977 2465 7978 2814 7978 2467 7978 2467 7979 2814 7979 2816 7979 2467 7980 2816 7980 2469 7980 2469 7981 2816 7981 2840 7981 2469 7982 2840 7982 2471 7982 2471 7983 2840 7983 2836 7983 2471 7984 2836 7984 2473 7984 2473 7985 2836 7985 2833 7985 2473 7986 2833 7986 2475 7986 2475 7987 2833 7987 2831 7987 2475 7988 2831 7988 2477 7988 2477 7989 2831 7989 2825 7989 2477 7990 2825 7990 2479 7990 2479 7991 2825 7991 2827 7991 2479 7992 2827 7992 2481 7992 2481 7993 2827 7993 2811 7993 2481 7994 2811 7994 2483 7994 2483 7995 2811 7995 2807 7995 2483 7996 2807 7996 2485 7996 2485 7997 2807 7997 2810 7997 2485 7998 2810 7998 2463 7998 2463 7999 2810 7999 2820 7999 2463 8000 2820 8000 2465 8000 2465 8001 2820 8001 2814 8001 2472 8002 2871 8002 2470 8002 2470 8003 2871 8003 2869 8003 2470 8004 2869 8004 2468 8004 2468 8005 2869 8005 2867 8005 2468 8006 2867 8006 2466 8006 2466 8007 2867 8007 2850 8007 2466 8008 2850 8008 2464 8008 2464 8009 2850 8009 2852 8009 2464 8010 2852 8010 2462 8010 2462 8011 2852 8011 2863 8011 2462 8012 2863 8012 2484 8012 2484 8013 2863 8013 2859 8013 2484 8014 2859 8014 2482 8014 2482 8015 2859 8015 2856 8015 2482 8016 2856 8016 2480 8016 2480 8017 2856 8017 2854 8017 2480 8018 2854 8018 2478 8018 2478 8019 2854 8019 2845 8019 2478 8020 2845 8020 2476 8020 2476 8021 2845 8021 2847 8021 2476 8022 2847 8022 2474 8022 2474 8023 2847 8023 2876 8023 2474 8024 2876 8024 2472 8024 2472 8025 2876 8025 2871 8025 2276 8026 3423 8026 2277 8026 2277 8027 3423 8027 3422 8027 2277 8028 3422 8028 2278 8028 2278 8029 3422 8029 3436 8029 2278 8030 3436 8030 2279 8030 2279 8031 3436 8031 3437 8031 2279 8032 3437 8032 2280 8032 2280 8033 3437 8033 3441 8033 2280 8034 3441 8034 2281 8034 2281 8035 3441 8035 3439 8035 2281 8036 3439 8036 2282 8036 2282 8037 3439 8037 3438 8037 2282 8038 3438 8038 2283 8038 2283 8039 3438 8039 3432 8039 2283 8040 3432 8040 2284 8040 2284 8041 3432 8041 3433 8041 2284 8042 3433 8042 2285 8042 2285 8043 3433 8043 3429 8043 2285 8044 3429 8044 2286 8044 2286 8045 3429 8045 3427 8045 2286 8046 3427 8046 2275 8046 2275 8047 3427 8047 3425 8047 2275 8048 3425 8048 2276 8048 2276 8049 3425 8049 3423 8049 3430 8050 3447 8050 3428 8050 3428 8050 3447 8050 5205 8050 3428 8051 5205 8051 3426 8051 3426 8051 5205 8051 3448 8051 3431 8052 3450 8052 3419 8052 3419 8052 3450 8052 5206 8052 3419 8053 5206 8053 3420 8053 3420 8053 5206 8053 3443 8053 3424 8054 3449 8054 3418 8054 3418 8054 3449 8054 5207 8054 3418 8055 5207 8055 1863 8055 1863 8055 5207 8055 1864 8055 1871 8056 1872 8056 3442 8056 3442 8056 1872 8056 5208 8056 3442 8057 5208 8057 3440 8057 3440 8057 5208 8057 3451 8057 3476 2777 5209 2777 3478 2777 3478 2777 5209 2777 5210 2777 3478 2777 5210 2777 3482 2777 3482 2777 5210 2777 5211 2777 3482 2777 5211 2777 3480 2777 3480 2777 5211 2777 5212 2777 3480 2777 5212 2777 3458 2777 3458 2777 5212 2777 5213 2777 3458 2777 5213 2777 3455 2777 3455 2777 5213 2777 5214 2777 3455 2777 5214 2777 3463 2777 3463 2777 5214 2777 5215 2777 3463 2777 5215 2777 3461 2777 3461 2777 5215 2777 5216 2777 3461 2777 5216 2777 3467 2777 3467 2777 5216 2777 5217 2777 3467 2777 5217 2777 3469 2777 3469 2777 5217 2777 5218 2777 3469 2777 5218 2777 3472 2777 3472 2777 5218 2777 5219 2777 3472 2777 5219 2777 3454 2777 3454 2777 5219 2777 5220 2777 3454 2777 5220 2777 3476 2777 3476 2777 5220 2777 5209 2777 5221 8058 5222 8058 5223 8058 5221 8059 5223 8059 5224 8059 5223 8060 5225 8060 5224 8060 5224 8061 5225 8061 5226 8061 5224 8062 5226 8062 5227 8062 5227 8063 5226 8063 5228 8063 5227 8064 5228 8064 5229 8064 5229 8065 5228 8065 5230 8065 5230 8066 5231 8066 5229 8066 5229 8067 5231 8067 5232 8067 5229 8068 5232 8068 5233 8068 5232 8069 5234 8069 5233 8069 5233 8070 5234 8070 5235 8070 5233 8071 5235 8071 5236 8071 5236 8072 5235 8072 5237 8072 5236 8073 5237 8073 5238 8073 5238 8074 5237 8074 5239 8074 5239 8075 5240 8075 5238 8075 5238 8076 5240 8076 5241 8076 5238 8077 5241 8077 5242 8077 5241 8078 5243 8078 5242 8078 5242 8079 5243 8079 5244 8079 5242 8080 5244 8080 5245 8080 5245 8081 5244 8081 5246 8081 5245 8082 5246 8082 5247 8082 5246 8083 5248 8083 5247 8083 5247 8084 5248 8084 5249 8084 5247 8085 5249 8085 5250 8085 5250 8086 5249 8086 5251 8086 5251 8087 5252 8087 5250 8087 5250 8088 5252 8088 5253 8088 5250 8089 5253 8089 5254 8089 5254 8090 5253 8090 5255 8090 5254 8091 5255 8091 5221 8091 5221 8092 5255 8092 5256 8092 5221 8093 5256 8093 5222 8093 5257 8094 5258 8094 5259 8094 5259 8094 5258 8094 5260 8094 3443 2776 5261 2776 5262 2776 3448 2776 5205 2776 5263 2776 5263 2776 5205 2776 3447 2776 5263 2776 3447 2776 5264 2776 5264 2776 3447 2776 3446 2776 5264 2776 3446 2776 5265 2776 5265 2776 3446 2776 3445 2776 5265 2776 3445 2776 5262 2776 5262 2776 3445 2776 3444 2776 5262 2776 3444 2776 3443 2776 5266 2776 1864 2776 5267 2776 5267 2776 1864 2776 5207 2776 5267 2776 5207 2776 3449 2776 5268 2776 1872 2776 5269 2776 5269 2776 1872 2776 1870 2776 5269 2776 1870 2776 5270 2776 5270 2776 1870 2776 1868 2776 5270 2776 1868 2776 5266 2776 5266 2776 1868 2776 1866 2776 5266 2776 1866 2776 1864 2776 3448 2776 5263 2776 3449 2776 3449 2776 5263 2776 5271 2776 3449 2776 5271 2776 5267 2776 3443 2776 5206 2776 5261 2776 5261 2776 5206 2776 3450 2776 5261 2776 3450 2776 5272 2776 5272 2776 3450 2776 3451 2776 5272 2776 3451 2776 5268 2776 5268 2776 3451 2776 5208 2776 5268 2776 5208 2776 1872 2776 5273 8069 5274 8069 5275 8069 5273 8095 5275 8095 5276 8095 5275 8067 5277 8067 5276 8067 5276 8066 5277 8066 5278 8066 5276 8096 5278 8096 5279 8096 5279 8097 5278 8097 5280 8097 5279 8098 5280 8098 5281 8098 5280 8099 5282 8099 5281 8099 5281 8061 5282 8061 5283 8061 5281 8100 5283 8100 5284 8100 5284 8101 5283 8101 5285 8101 5285 8058 5286 8058 5284 8058 5284 8093 5286 8093 5287 8093 5284 8102 5287 8102 5288 8102 5288 8103 5287 8103 5289 8103 5288 8104 5289 8104 5290 8104 5289 8105 5291 8105 5290 8105 5290 8088 5291 8088 5292 8088 5290 8085 5292 8085 5293 8085 5293 8106 5292 8106 5294 8106 5294 8107 5295 8107 5293 8107 5293 8084 5295 8084 5296 8084 5293 8108 5296 8108 5297 8108 5297 8109 5296 8109 5298 8109 5297 8110 5298 8110 5299 8110 5299 8111 5298 8111 5300 8111 5300 8079 5301 8079 5299 8079 5299 8078 5301 8078 5302 8078 5299 8112 5302 8112 5303 8112 5302 8076 5304 8076 5303 8076 5303 8075 5304 8075 5305 8075 5303 8113 5305 8113 5306 8113 5306 8114 5305 8114 5307 8114 5306 8115 5307 8115 5273 8115 5273 8116 5307 8116 5308 8116 5273 8070 5308 8070 5274 8070 5309 2777 5310 2777 5311 2777 5312 2777 5313 2777 5311 2777 5311 2777 5313 2777 5314 2777 5311 2777 5314 2777 5309 2777 5315 2777 5316 2777 5312 2777 5312 2777 5316 2777 5317 2777 5312 2777 5317 2777 5313 2777 5318 2777 5319 2777 5315 2777 5315 2777 5319 2777 5320 2777 5315 2777 5320 2777 5316 2777 5321 2777 5322 2777 5323 2777 5321 2777 5324 2777 5322 2777 5322 2777 5324 2777 5325 2777 5322 2777 5325 2777 5318 2777 5318 2777 5325 2777 5326 2777 5318 2777 5326 2777 5319 2777 5327 2777 5328 2777 5323 2777 5323 2777 5328 2777 5329 2777 5323 2777 5329 2777 5321 2777 5330 2777 5331 2777 5332 2777 5330 2777 5333 2777 5331 2777 5331 2777 5333 2777 5334 2777 5331 2777 5334 2777 5327 2777 5327 2777 5334 2777 5335 2777 5327 2777 5335 2777 5328 2777 5309 2777 5336 2777 5310 2777 5310 2777 5336 2777 5337 2777 5310 2777 5337 2777 5338 2777 5339 2777 5340 2777 5332 2777 5332 2777 5340 2777 5341 2777 5332 2777 5341 2777 5330 2777 5337 2777 5342 2777 5338 2777 5338 2777 5342 2777 5343 2777 5338 2777 5343 2777 5339 2777 5339 2777 5343 2777 5344 2777 5339 2777 5344 2777 5340 2777 5313 8117 5345 8117 5314 8117 5314 8118 5345 8118 5346 8118 5314 8119 5346 8119 5309 8119 5309 8120 5346 8120 5347 8120 5309 8121 5347 8121 5336 8121 5336 8122 5347 8122 5348 8122 5336 8123 5348 8123 5337 8123 5337 8124 5348 8124 5349 8124 5337 8125 5349 8125 5342 8125 5342 8126 5349 8126 5350 8126 5342 8127 5350 8127 5343 8127 5343 8128 5350 8128 5351 8128 5343 8129 5351 8129 5344 8129 5344 8130 5351 8130 5352 8130 5344 8131 5352 8131 5340 8131 5340 8132 5352 8132 5353 8132 5340 8133 5353 8133 5341 8133 5341 8134 5353 8134 5354 8134 5341 8135 5354 8135 5330 8135 5330 8136 5354 8136 5355 8136 5330 8137 5355 8137 5333 8137 5333 8138 5355 8138 5356 8138 5333 8139 5356 8139 5334 8139 5334 8140 5356 8140 5357 8140 5334 8141 5357 8141 5335 8141 5335 8142 5357 8142 5358 8142 5335 8143 5358 8143 5328 8143 5328 8144 5358 8144 5359 8144 5328 8145 5359 8145 5329 8145 5329 8146 5359 8146 5360 8146 5329 8147 5360 8147 5321 8147 5321 8148 5360 8148 5361 8148 5321 8149 5361 8149 5324 8149 5324 8150 5361 8150 5362 8150 5324 8151 5362 8151 5325 8151 5325 8152 5362 8152 5363 8152 5325 8153 5363 8153 5326 8153 5326 8154 5363 8154 5364 8154 5326 8155 5364 8155 5319 8155 5319 8156 5364 8156 5365 8156 5319 8157 5365 8157 5320 8157 5320 8158 5365 8158 5366 8158 5320 8159 5366 8159 5316 8159 5316 8160 5366 8160 5367 8160 5316 8161 5367 8161 5317 8161 5317 8162 5367 8162 5368 8162 5317 8163 5368 8163 5313 8163 5313 8164 5368 8164 5345 8164 5345 8165 5369 8165 5346 8165 5346 8166 5369 8166 5370 8166 5346 8167 5370 8167 5347 8167 5347 8168 5370 8168 5371 8168 5347 8169 5371 8169 5348 8169 5348 8170 5371 8170 5372 8170 5348 8171 5372 8171 5349 8171 5349 8172 5372 8172 5373 8172 5349 8173 5373 8173 5350 8173 5350 8174 5373 8174 5374 8174 5350 8175 5374 8175 5351 8175 5351 8176 5374 8176 5375 8176 5351 8177 5375 8177 5352 8177 5352 8178 5375 8178 5376 8178 5352 8179 5376 8179 5353 8179 5353 8180 5376 8180 5377 8180 5353 8181 5377 8181 5354 8181 5354 8182 5377 8182 5378 8182 5354 8183 5378 8183 5355 8183 5355 8184 5378 8184 5379 8184 5355 8185 5379 8185 5356 8185 5356 8186 5379 8186 5380 8186 5356 8187 5380 8187 5357 8187 5357 8188 5380 8188 5381 8188 5357 8189 5381 8189 5358 8189 5358 8190 5381 8190 5382 8190 5358 8191 5382 8191 5359 8191 5359 8192 5382 8192 5383 8192 5359 8193 5383 8193 5360 8193 5360 8194 5383 8194 5384 8194 5360 8195 5384 8195 5361 8195 5361 8196 5384 8196 5385 8196 5361 8197 5385 8197 5362 8197 5362 8198 5385 8198 5386 8198 5362 8199 5386 8199 5363 8199 5363 8200 5386 8200 5387 8200 5363 8201 5387 8201 5364 8201 5364 8202 5387 8202 5388 8202 5364 8203 5388 8203 5365 8203 5365 8204 5388 8204 5389 8204 5365 8205 5389 8205 5366 8205 5366 8206 5389 8206 5390 8206 5366 8207 5390 8207 5367 8207 5367 8208 5390 8208 5391 8208 5367 8209 5391 8209 5368 8209 5368 8210 5391 8210 5392 8210 5368 8211 5392 8211 5345 8211 5345 8212 5392 8212 5369 8212 5369 8213 3457 8213 5370 8213 5370 8214 3457 8214 3456 8214 5370 8215 3456 8215 5371 8215 5371 8216 3456 8216 3465 8216 5371 8217 3465 8217 5372 8217 5372 8218 3465 8218 3464 8218 5372 8219 3464 8219 5373 8219 5373 8220 3464 8220 3462 8220 5373 8221 3462 8221 5374 8221 5374 8222 3462 8222 3460 8222 5374 8223 3460 8223 5375 8223 5375 8224 3460 8224 3459 8224 5375 8225 3459 8225 5376 8225 5376 8226 3459 8226 3466 8226 5376 8227 3466 8227 5377 8227 5377 8228 3466 8228 3468 8228 5377 8229 3468 8229 5378 8229 5378 8230 3468 8230 3470 8230 5378 8231 3470 8231 5379 8231 5379 8232 3470 8232 3471 8232 5379 8233 3471 8233 5380 8233 5380 8234 3471 8234 3473 8234 5380 8235 3473 8235 5381 8235 5381 8236 3473 8236 3474 8236 5381 8237 3474 8237 5382 8237 5382 8238 3474 8238 3453 8238 5382 8239 3453 8239 5383 8239 5383 8240 3453 8240 3452 8240 5383 8241 3452 8241 5384 8241 5384 8242 3452 8242 3475 8242 5384 8243 3475 8243 5385 8243 5385 8244 3475 8244 3477 8244 5385 8245 3477 8245 5386 8245 5386 8246 3477 8246 3479 8246 5386 8247 3479 8247 5387 8247 5387 8248 3479 8248 3484 8248 5387 8249 3484 8249 5388 8249 5388 8250 3484 8250 3483 8250 5388 8251 3483 8251 5389 8251 5389 8252 3483 8252 3481 8252 5389 8253 3481 8253 5390 8253 5390 8254 3481 8254 3487 8254 5390 8255 3487 8255 5391 8255 5391 8256 3487 8256 3486 8256 5391 8257 3486 8257 5392 8257 5392 8258 3486 8258 3485 8258 5392 8259 3485 8259 5369 8259 5369 8260 3485 8260 3457 8260 5393 8261 2173 8261 2175 8261 1952 8262 1954 8262 5394 8262 5395 8263 5396 8263 5397 8263 5397 8264 5396 8264 5398 8264 5397 8265 5398 8265 5399 8265 2161 8266 5395 8266 2175 8266 2175 8267 5395 8267 5397 8267 2175 8268 5397 8268 5393 8268 5393 8269 5397 8269 5399 8269 5393 8270 5399 8270 5394 8270 5394 8271 5399 8271 5400 8271 5394 8272 5400 8272 1952 8272 1951 8273 1949 8273 5401 8273 1954 8274 1951 8274 5402 8274 1954 8275 5402 8275 5394 8275 5394 8276 5402 8276 5403 8276 5394 8277 5403 8277 5393 8277 5393 8278 5403 8278 3714 8278 5393 8279 3714 8279 2173 8279 1951 8280 5401 8280 5402 8280 5402 8281 5401 8281 5404 8281 5402 8282 5404 8282 5403 8282 5403 8283 5404 8283 3712 8283 5403 8284 3712 8284 3714 8284 5259 8285 5260 8285 5405 8285 5405 8286 5260 8286 5406 8286 5405 8287 5406 8287 5407 8287 5407 8288 5406 8288 5408 8288 5408 8289 5406 8289 5409 8289 5409 8290 5406 8290 5410 8290 5409 8291 5410 8291 5411 8291 5411 8292 5410 8292 1918 8292 5411 8293 1918 8293 1917 8293 1918 8294 5412 8294 1927 8294 1927 8295 5412 8295 5413 8295 1927 8296 5413 8296 1914 8296 1914 8297 5413 8297 5414 8297 1914 8298 5414 8298 1915 8298 1915 8299 5414 8299 5415 8299 1915 8300 5415 8300 1948 8300 1948 8301 5415 8301 5416 8301 5412 8302 5417 8302 5413 8302 5413 8303 5417 8303 5418 8303 5413 8304 5418 8304 5414 8304 5414 8305 5418 8305 5419 8305 5414 8306 5419 8306 5415 8306 5415 8307 5419 8307 5420 8307 5415 8308 5420 8308 5416 8308 5416 8309 5420 8309 5421 8309 5417 8310 1957 8310 5418 8310 5418 8311 1957 8311 1959 8311 5418 8312 1959 8312 5419 8312 5419 8313 1959 8313 1961 8313 5419 8314 1961 8314 5420 8314 5420 8315 1961 8315 1963 8315 5420 8316 1963 8316 5421 8316 5421 8317 1963 8317 1965 8317 1949 8318 1948 8318 5416 8318 1949 8319 5416 8319 5401 8319 5401 8320 5416 8320 5421 8320 5401 8321 5421 8321 5404 8321 5404 8322 5421 8322 1965 8322 5404 8323 1965 8323 3712 8323 5422 8324 5423 8324 5424 8324 5425 8325 2156 8325 2176 8325 5425 8326 2176 8326 5422 8326 5426 8327 5427 8327 5423 8327 5423 8328 5427 8328 5428 8328 5423 8329 5428 8329 5424 8329 1905 8330 1904 8330 5427 8330 5427 8331 1904 8331 5429 8331 5427 8332 5429 8332 5428 8332 5422 8333 2176 8333 5423 8333 5423 8334 2176 8334 2174 8334 5423 8335 2174 8335 5426 8335 1918 8336 5410 8336 5430 8336 5430 8337 5410 8337 5406 8337 5430 8338 5406 8338 5431 8338 5431 8339 5406 8339 5260 8339 5431 8340 5260 8340 5432 8340 1918 8341 5430 8341 5412 8341 5412 8342 5430 8342 5431 8342 5412 8343 5431 8343 5417 8343 5417 8344 5431 8344 5432 8344 5417 8345 5432 8345 1957 8345 3712 8346 1965 8346 3713 8346 3713 8346 1965 8346 1966 8346 3715 8347 3713 8347 5433 8347 2174 8348 3715 8348 5434 8348 2174 8349 5434 8349 5426 8349 5426 8350 5434 8350 5435 8350 5426 8351 5435 8351 5427 8351 5427 8352 5435 8352 1909 8352 5427 8353 1909 8353 1905 8353 3715 8354 5433 8354 5434 8354 5434 8355 5433 8355 5436 8355 5434 8356 5436 8356 5435 8356 5435 8357 5436 8357 1912 8357 5435 8358 1912 8358 1909 8358 1878 8359 1887 8359 5437 8359 5438 8360 5439 8360 5437 8360 5437 8361 5439 8361 5440 8361 5437 8362 5440 8362 1878 8362 5437 8363 5441 8363 5438 8363 5438 8364 5441 8364 5442 8364 5438 8365 5442 8365 5443 8365 5258 8366 5257 8366 5442 8366 5442 8367 5257 8367 5444 8367 5442 8368 5444 8368 5443 8368 1958 8369 1957 8369 5445 8369 5445 8369 1957 8369 5432 8369 5445 8370 5432 8370 5258 8370 5258 8370 5432 8370 5260 8370 3713 8371 1966 8371 5446 8371 3713 8372 5446 8372 5433 8372 5433 8373 5446 8373 5447 8373 5433 8374 5447 8374 5436 8374 5436 8375 5447 8375 1913 8375 5436 8376 1913 8376 1912 8376 5448 8377 5437 8377 1887 8377 1887 8378 5449 8378 5448 8378 5448 8379 5449 8379 5450 8379 5448 8380 5450 8380 5451 8380 5451 8381 5450 8381 1958 8381 5451 8382 1958 8382 5445 8382 5437 8383 5448 8383 5441 8383 5441 8384 5448 8384 5451 8384 5441 8385 5451 8385 5442 8385 5442 8386 5451 8386 5445 8386 5442 8387 5445 8387 5258 8387 1958 8388 5450 8388 1960 8388 1960 8389 5450 8389 5452 8389 1960 8390 5452 8390 1962 8390 1962 8391 5452 8391 5453 8391 1962 8392 5453 8392 1964 8392 1964 8393 5453 8393 5454 8393 1964 8394 5454 8394 1966 8394 1966 8395 5454 8395 5446 8395 5450 8396 5449 8396 5452 8396 5452 8397 5449 8397 5455 8397 5452 8398 5455 8398 5453 8398 5453 8399 5455 8399 5456 8399 5453 8400 5456 8400 5454 8400 5454 8401 5456 8401 5457 8401 5454 8402 5457 8402 5446 8402 5446 8403 5457 8403 5447 8403 5449 8404 1887 8404 5455 8404 5455 8405 1887 8405 1889 8405 5455 8406 1889 8406 5456 8406 5456 8407 1889 8407 1891 8407 5456 8408 1891 8408 5457 8408 5457 8409 1891 8409 1892 8409 5457 8410 1892 8410 5447 8410 5447 8411 1892 8411 1913 8411 2822 8412 5458 8412 2815 8412 2815 8413 5458 8413 5459 8413 2815 8414 5459 8414 2817 8414 2817 8415 5459 8415 5460 8415 2817 8416 5460 8416 2838 8416 2838 8417 5460 8417 5461 8417 2838 8418 5461 8418 2839 8418 2839 8419 5461 8419 5462 8419 2839 8420 5462 8420 2841 8420 2841 8421 5462 8421 5463 8421 2841 8422 5463 8422 2842 8422 2842 8423 5463 8423 5464 8423 2842 8424 5464 8424 2837 8424 2837 8425 5464 8425 5465 8425 2837 8426 5465 8426 2835 8426 2835 8427 5465 8427 5466 8427 2835 8428 5466 8428 2834 8428 2834 8429 5466 8429 5467 8429 2834 8430 5467 8430 2832 8430 2832 8431 5467 8431 5468 8431 2832 8432 5468 8432 2830 8432 2830 8433 5468 8433 5469 8433 2830 8434 5469 8434 2823 8434 2823 8435 5469 8435 5470 8435 2823 8436 5470 8436 2824 8436 2824 8437 5470 8437 5471 8437 2824 8438 5471 8438 2826 8438 2826 8439 5471 8439 5472 8439 2826 8440 5472 8440 2828 8440 2828 8441 5472 8441 5473 8441 2828 8442 5473 8442 2829 8442 2829 8443 5473 8443 5474 8443 2829 8444 5474 8444 2812 8444 2812 8445 5474 8445 5475 8445 2812 8446 5475 8446 2813 8446 2813 8447 5475 8447 5476 8447 2813 8448 5476 8448 2808 8448 2808 8449 5476 8449 5477 8449 2808 8450 5477 8450 2809 8450 2809 8451 5477 8451 5478 8451 2809 8452 5478 8452 2818 8452 2818 8453 5478 8453 5479 8453 2818 8454 5479 8454 2819 8454 2819 8455 5479 8455 5480 8455 2819 8456 5480 8456 2821 8456 2821 8457 5480 8457 5481 8457 2821 8458 5481 8458 2822 8458 2822 8459 5481 8459 5458 8459 5458 8460 5482 8460 5459 8460 5459 8461 5482 8461 5483 8461 5459 8462 5483 8462 5460 8462 5460 8463 5483 8463 5484 8463 5460 8464 5484 8464 5461 8464 5461 8465 5484 8465 5485 8465 5461 8466 5485 8466 5462 8466 5462 8467 5485 8467 5486 8467 5462 8468 5486 8468 5463 8468 5463 8469 5486 8469 5487 8469 5463 8470 5487 8470 5464 8470 5464 8471 5487 8471 5488 8471 5464 8472 5488 8472 5465 8472 5465 8473 5488 8473 5489 8473 5465 8474 5489 8474 5466 8474 5466 8475 5489 8475 5490 8475 5466 8476 5490 8476 5467 8476 5467 8477 5490 8477 5491 8477 5467 8478 5491 8478 5468 8478 5468 8479 5491 8479 5492 8479 5468 8480 5492 8480 5469 8480 5469 8481 5492 8481 5493 8481 5469 8482 5493 8482 5470 8482 5470 8483 5493 8483 5494 8483 5470 8484 5494 8484 5471 8484 5471 8485 5494 8485 5495 8485 5471 8486 5495 8486 5472 8486 5472 8487 5495 8487 5496 8487 5472 8488 5496 8488 5473 8488 5473 8489 5496 8489 5497 8489 5473 8490 5497 8490 5474 8490 5474 8491 5497 8491 5498 8491 5474 8492 5498 8492 5475 8492 5475 8493 5498 8493 5499 8493 5475 8494 5499 8494 5476 8494 5476 8495 5499 8495 5500 8495 5476 8496 5500 8496 5477 8496 5477 8497 5500 8497 5501 8497 5477 8498 5501 8498 5478 8498 5478 8499 5501 8499 5502 8499 5478 8500 5502 8500 5479 8500 5479 8501 5502 8501 5503 8501 5479 8502 5503 8502 5480 8502 5480 8503 5503 8503 5504 8503 5480 8504 5504 8504 5481 8504 5481 8505 5504 8505 5505 8505 5481 8506 5505 8506 5458 8506 5458 8507 5505 8507 5482 8507 5482 8508 1859 8508 5483 8508 5483 8509 1859 8509 1858 8509 5483 8510 1858 8510 5484 8510 5484 8511 1858 8511 1830 8511 5484 8512 1830 8512 5485 8512 5485 8513 1830 8513 1828 8513 5485 8514 1828 8514 5486 8514 5486 8515 1828 8515 1827 8515 5486 8516 1827 8516 5487 8516 5487 8517 1827 8517 1832 8517 5487 8518 1832 8518 5488 8518 5488 8519 1832 8519 1834 8519 5488 8520 1834 8520 5489 8520 5489 8521 1834 8521 1836 8521 5489 8522 1836 8522 5490 8522 5490 8523 1836 8523 1839 8523 5490 8524 1839 8524 5491 8524 5491 8525 1839 8525 1838 8525 5491 8526 1838 8526 5492 8526 5492 8527 1838 8527 1846 8527 5492 8528 1846 8528 5493 8528 5493 8529 1846 8529 1845 8529 5493 8530 1845 8530 5494 8530 5494 8531 1845 8531 1843 8531 5494 8532 1843 8532 5495 8532 5495 8533 1843 8533 1841 8533 5495 8534 1841 8534 5496 8534 5496 8535 1841 8535 1840 8535 5496 8536 1840 8536 5497 8536 5497 8537 1840 8537 1847 8537 5497 8538 1847 8538 5498 8538 5498 8539 1847 8539 1849 8539 5498 8540 1849 8540 5499 8540 5499 8541 1849 8541 1851 8541 5499 8542 1851 8542 5500 8542 5500 8543 1851 8543 1852 8543 5500 8544 1852 8544 5501 8544 5501 8545 1852 8545 1854 8545 5501 8546 1854 8546 5502 8546 5502 8547 1854 8547 1857 8547 5502 8548 1857 8548 5503 8548 5503 8549 1857 8549 1856 8549 5503 8550 1856 8550 5504 8550 5504 8551 1856 8551 1862 8551 5504 8552 1862 8552 5505 8552 5505 8553 1862 8553 1861 8553 5505 8554 1861 8554 5482 8554 5482 8555 1861 8555 1859 8555 2878 8556 5506 8556 2872 8556 2872 8557 5506 8557 5507 8557 2872 8558 5507 8558 2873 8558 2873 8559 5507 8559 5508 8559 2873 8560 5508 8560 2870 8560 2870 8561 5508 8561 5509 8561 2870 8562 5509 8562 2868 8562 2868 8563 5509 8563 5510 8563 2868 8564 5510 8564 2866 8564 2866 8565 5510 8565 5511 8565 2866 8566 5511 8566 2848 8566 2848 8567 5511 8567 5512 8567 2848 8568 5512 8568 2849 8568 2849 8569 5512 8569 5513 8569 2849 8570 5513 8570 2851 8570 2851 8571 5513 8571 5514 8571 2851 8572 5514 8572 2861 8572 2861 8573 5514 8573 5515 8573 2861 8574 5515 8574 2862 8574 2862 8575 5515 8575 5516 8575 2862 8576 5516 8576 2864 8576 2864 8577 5516 8577 5517 8577 2864 8578 5517 8578 2865 8578 2865 8579 5517 8579 5518 8579 2865 8580 5518 8580 2860 8580 2860 8581 5518 8581 5519 8581 2860 8582 5519 8582 2858 8582 2858 8583 5519 8583 5520 8583 2858 8584 5520 8584 2857 8584 2857 8585 5520 8585 5521 8585 2857 8586 5521 8586 2855 8586 2855 8587 5521 8587 5522 8587 2855 8588 5522 8588 2853 8588 2853 8589 5522 8589 5523 8589 2853 8590 5523 8590 2843 8590 2843 8591 5523 8591 5524 8591 2843 8592 5524 8592 2844 8592 2844 8593 5524 8593 5525 8593 2844 8594 5525 8594 2846 8594 2846 8595 5525 8595 5526 8595 2846 8596 5526 8596 2874 8596 2874 8597 5526 8597 5527 8597 2874 8598 5527 8598 2875 8598 2875 8599 5527 8599 5528 8599 2875 8600 5528 8600 2877 8600 2877 8601 5528 8601 5529 8601 2877 8602 5529 8602 2878 8602 2878 8603 5529 8603 5506 8603 5506 8604 5530 8604 5507 8604 5507 8605 5530 8605 5531 8605 5507 8606 5531 8606 5508 8606 5508 8607 5531 8607 5532 8607 5508 8608 5532 8608 5509 8608 5509 8609 5532 8609 5533 8609 5509 8610 5533 8610 5510 8610 5510 8611 5533 8611 5534 8611 5510 8612 5534 8612 5511 8612 5511 8613 5534 8613 5535 8613 5511 8614 5535 8614 5512 8614 5512 8615 5535 8615 5536 8615 5512 8616 5536 8616 5513 8616 5513 8617 5536 8617 5537 8617 5513 8618 5537 8618 5514 8618 5514 8619 5537 8619 5538 8619 5514 8620 5538 8620 5515 8620 5515 8621 5538 8621 5539 8621 5515 8622 5539 8622 5516 8622 5516 8623 5539 8623 5540 8623 5516 8624 5540 8624 5517 8624 5517 8625 5540 8625 5541 8625 5517 8626 5541 8626 5518 8626 5518 8627 5541 8627 5542 8627 5518 8628 5542 8628 5519 8628 5519 8629 5542 8629 5543 8629 5519 8630 5543 8630 5520 8630 5520 8631 5543 8631 5544 8631 5520 8632 5544 8632 5521 8632 5521 8633 5544 8633 5545 8633 5521 8634 5545 8634 5522 8634 5522 8635 5545 8635 5546 8635 5522 8636 5546 8636 5523 8636 5523 8637 5546 8637 5547 8637 5523 8638 5547 8638 5524 8638 5524 8639 5547 8639 5548 8639 5524 8640 5548 8640 5525 8640 5525 8641 5548 8641 5549 8641 5525 8642 5549 8642 5526 8642 5526 8643 5549 8643 5550 8643 5526 8644 5550 8644 5527 8644 5527 8645 5550 8645 5551 8645 5527 8646 5551 8646 5528 8646 5528 8647 5551 8647 5552 8647 5528 8648 5552 8648 5529 8648 5529 8649 5552 8649 5553 8649 5529 8650 5553 8650 5506 8650 5506 8651 5553 8651 5530 8651 5530 8652 1823 8652 5531 8652 5531 8653 1823 8653 1822 8653 5531 8654 1822 8654 5532 8654 5532 8655 1822 8655 1794 8655 5532 8656 1794 8656 5533 8656 5533 8657 1794 8657 1792 8657 5533 8658 1792 8658 5534 8658 5534 8659 1792 8659 1791 8659 5534 8660 1791 8660 5535 8660 5535 8661 1791 8661 1796 8661 5535 8662 1796 8662 5536 8662 5536 8663 1796 8663 1798 8663 5536 8664 1798 8664 5537 8664 5537 8665 1798 8665 1800 8665 5537 8666 1800 8666 5538 8666 5538 8667 1800 8667 1803 8667 5538 8668 1803 8668 5539 8668 5539 8669 1803 8669 1802 8669 5539 8670 1802 8670 5540 8670 5540 8671 1802 8671 1810 8671 5540 8672 1810 8672 5541 8672 5541 8673 1810 8673 1809 8673 5541 8674 1809 8674 5542 8674 5542 8675 1809 8675 1807 8675 5542 8676 1807 8676 5543 8676 5543 8677 1807 8677 1805 8677 5543 8678 1805 8678 5544 8678 5544 8679 1805 8679 1804 8679 5544 8680 1804 8680 5545 8680 5545 8681 1804 8681 1811 8681 5545 8682 1811 8682 5546 8682 5546 8683 1811 8683 1813 8683 5546 8684 1813 8684 5547 8684 5547 8685 1813 8685 1815 8685 5547 8686 1815 8686 5548 8686 5548 8687 1815 8687 1816 8687 5548 8688 1816 8688 5549 8688 5549 8689 1816 8689 1818 8689 5549 8690 1818 8690 5550 8690 5550 8691 1818 8691 1821 8691 5550 8692 1821 8692 5551 8692 5551 8693 1821 8693 1820 8693 5551 8694 1820 8694 5552 8694 5552 8695 1820 8695 1826 8695 5552 8696 1826 8696 5553 8696 5553 8697 1826 8697 1825 8697 5553 8698 1825 8698 5530 8698 5530 8699 1825 8699 1823 8699 1795 8700 1991 8700 1793 8700 1793 8701 1991 8701 1994 8701 1793 8702 1994 8702 1797 8702 1797 8703 1994 8703 1971 8703 1797 8704 1971 8704 1799 8704 1799 8705 1971 8705 1970 8705 1799 8706 1970 8706 1801 8706 1801 8707 1970 8707 1968 8707 1801 8708 1968 8708 1808 8708 1808 8709 1968 8709 2024 8709 1808 8710 2024 8710 1806 8710 1806 8711 2024 8711 2000 8711 1806 8712 2000 8712 1812 8712 1812 8713 2000 8713 1983 8713 1812 8714 1983 8714 1814 8714 1814 8715 1983 8715 1977 8715 1814 8716 1977 8716 1817 8716 1817 8717 1977 8717 1975 8717 1817 8718 1975 8718 1819 8718 1819 8719 1975 8719 1973 8719 1819 8720 1973 8720 1824 8720 1824 8721 1973 8721 1989 8721 1824 8722 1989 8722 1795 8722 1795 8723 1989 8723 1991 8723 1831 8724 2703 8724 1829 8724 1829 8725 2703 8725 2700 8725 1829 8726 2700 8726 1833 8726 1833 8727 2700 8727 2685 8727 1833 8728 2685 8728 1835 8728 1835 8729 2685 8729 2687 8729 1835 8730 2687 8730 1837 8730 1837 8731 2687 8731 2688 8731 1837 8732 2688 8732 1844 8732 1844 8733 2688 8733 2743 8733 1844 8734 2743 8734 1842 8734 1842 8735 2743 8735 2745 8735 1842 8736 2745 8736 1848 8736 1848 8737 2745 8737 2683 8737 1848 8738 2683 8738 1850 8738 1850 8739 2683 8739 2679 8739 1850 8740 2679 8740 1853 8740 1853 8741 2679 8741 2673 8741 1853 8742 2673 8742 1855 8742 1855 8743 2673 8743 2672 8743 1855 8744 2672 8744 1860 8744 1860 8745 2672 8745 2676 8745 1860 8746 2676 8746 1831 8746 1831 8747 2676 8747 2703 8747 5554 8748 2756 8748 2759 8748 2727 8749 5555 8749 5556 8749 5557 8750 5558 8750 5559 8750 5554 8751 2759 8751 5560 8751 5561 8752 5562 8752 5563 8752 5563 8753 5562 8753 5564 8753 5565 8754 2774 8754 5566 8754 5566 8755 2774 8755 5567 8755 5566 8756 5567 8756 5568 8756 5559 8757 2769 8757 5569 8757 5569 8758 2769 8758 2767 8758 5569 8759 2767 8759 5570 8759 5570 8760 2767 8760 2765 8760 5570 8761 2765 8761 5565 8761 5565 8762 2765 8762 2772 8762 5565 8763 2772 8763 2774 8763 5568 8764 5561 8764 5566 8764 5566 8765 5561 8765 5563 8765 5566 8766 5563 8766 5565 8766 5565 8767 5563 8767 5571 8767 5565 8768 5571 8768 5570 8768 5570 8769 5571 8769 5572 8769 5570 8770 5572 8770 5569 8770 5569 8771 5572 8771 5556 8771 5569 8772 5556 8772 5559 8772 5559 8773 5556 8773 5555 8773 5559 8774 5555 8774 5557 8774 5564 8775 5560 8775 5563 8775 5563 8776 5560 8776 2759 8776 5563 8777 2759 8777 5571 8777 5571 8778 2759 8778 2761 8778 5571 8779 2761 8779 5572 8779 5572 8780 2761 8780 2739 8780 5572 8781 2739 8781 5556 8781 5556 8782 2739 8782 2728 8782 5556 8783 2728 8783 2727 8783 5573 8784 5559 8784 5558 8784 5574 8785 5575 8785 3336 8785 3336 8786 5575 8786 5576 8786 3336 8787 5576 8787 2165 8787 5574 8788 3336 8788 5573 8788 5573 8789 3336 8789 2769 8789 5573 8790 2769 8790 5559 8790 2668 8791 2666 8791 5577 8791 5578 8792 5579 8792 5580 8792 5581 8793 5582 8793 5583 8793 5583 8794 5582 8794 5584 8794 5583 8795 5584 8795 5585 8795 5585 8796 5584 8796 5578 8796 5585 8797 5578 8797 5586 8797 5586 8798 5578 8798 5580 8798 5581 8799 5583 8799 5587 8799 5587 8800 5583 8800 2035 8800 5587 8801 2035 8801 2021 8801 2026 8802 5588 8802 2027 8802 2027 8803 5588 8803 5589 8803 5588 8804 5590 8804 5589 8804 5589 8805 5590 8805 5591 8805 5589 8806 5591 8806 5592 8806 5592 8807 5591 8807 5593 8807 5580 8808 2664 8808 5586 8808 5586 8809 2664 8809 2663 8809 5586 8810 2663 8810 2661 8810 2661 8811 2668 8811 5594 8811 5594 8812 2668 8812 5577 8812 5594 8813 5577 8813 5590 8813 5590 8814 5577 8814 5595 8814 5590 8815 5595 8815 5591 8815 2661 8816 5594 8816 5586 8816 5586 8817 5594 8817 5590 8817 5586 8818 5590 8818 5585 8818 5585 8819 5590 8819 5588 8819 5585 8820 5588 8820 5583 8820 5583 8821 5588 8821 2026 8821 5583 8822 2026 8822 2035 8822 5595 8823 5596 8823 5591 8823 5591 8824 5596 8824 5593 8824 5595 8825 5577 8825 5596 8825 5596 8826 5577 8826 2666 8826 5596 8827 2666 8827 3334 8827 3334 8828 2167 8828 5597 8828 5597 8829 5598 8829 3334 8829 3334 8830 5598 8830 5599 8830 3334 8831 5599 8831 5596 8831 5600 8832 5601 8832 5602 8832 5603 8833 1778 8833 1777 8833 5604 8834 1714 8834 1758 8834 1711 8835 5603 8835 1712 8835 1712 8836 5603 8836 1777 8836 1712 8837 1777 8837 1709 8837 1758 8838 2244 8838 5604 8838 5604 8839 2244 8839 2245 8839 5604 8840 2245 8840 5605 8840 5605 8841 2245 8841 2230 8841 5605 8842 2230 8842 5606 8842 5606 8843 2230 8843 2229 8843 2554 8844 2549 8844 5607 8844 5607 8845 2549 8845 2548 8845 5607 8846 2548 8846 5608 8846 5608 8847 2548 8847 5100 8847 5608 8848 5100 8848 5609 8848 5609 8849 5100 8849 5102 8849 5609 8850 5102 8850 5603 8850 5603 8851 5102 8851 5118 8851 5603 8852 5118 8852 1778 8852 5601 8853 5600 8853 5610 8853 5610 8854 5600 8854 5611 8854 5610 8855 5611 8855 5612 8855 5613 8856 2304 8856 5602 8856 5602 8857 2304 8857 2550 8857 5602 8858 2550 8858 5600 8858 5600 8859 2550 8859 2552 8859 5600 8860 2552 8860 5611 8860 5614 8861 5613 8861 5615 8861 5615 8862 5613 8862 5602 8862 5615 8863 5602 8863 5616 8863 5616 8864 5602 8864 5601 8864 5616 8865 5601 8865 5617 8865 5617 8866 5601 8866 5610 8866 5617 8867 5610 8867 5618 8867 5618 8868 5610 8868 5612 8868 5618 8869 5612 8869 5619 8869 5619 8870 5612 8870 5620 8870 5619 8871 5620 8871 5621 8871 5621 8872 5620 8872 5622 8872 5621 8873 5622 8873 5623 8873 5623 8874 5622 8874 5624 8874 5623 8875 5624 8875 1713 8875 2229 8876 2228 8876 5606 8876 5606 8877 2228 8877 2227 8877 5606 8878 2227 8878 5625 8878 5625 8879 2227 8879 2235 8879 5625 8880 2235 8880 5626 8880 5626 8881 2235 8881 2237 8881 5626 8882 2237 8882 5627 8882 5627 8883 2237 8883 2239 8883 5627 8884 2239 8884 5628 8884 5628 8885 2239 8885 2241 8885 5628 8886 2241 8886 5629 8886 5629 8887 2241 8887 2225 8887 2552 8888 2554 8888 5611 8888 5611 8889 2554 8889 5607 8889 5611 8890 5607 8890 5612 8890 5612 8891 5607 8891 5608 8891 5612 8892 5608 8892 5620 8892 5620 8893 5608 8893 5609 8893 5620 8894 5609 8894 5622 8894 5622 8895 5609 8895 5603 8895 5622 8896 5603 8896 5624 8896 5624 8897 5603 8897 1711 8897 5624 8898 1711 8898 1713 8898 1713 8899 1714 8899 5623 8899 5623 8900 1714 8900 5604 8900 5623 8901 5604 8901 5621 8901 5621 8902 5604 8902 5605 8902 5621 8903 5605 8903 5619 8903 5619 8904 5605 8904 5606 8904 5619 8905 5606 8905 5618 8905 5618 8906 5606 8906 5625 8906 5618 8907 5625 8907 5617 8907 5617 8908 5625 8908 5626 8908 5617 8909 5626 8909 5616 8909 5616 8910 5626 8910 5627 8910 5616 8911 5627 8911 5615 8911 5615 8912 5627 8912 5628 8912 5615 8913 5628 8913 5614 8913 5614 8914 5628 8914 5629 8914 2221 8915 2220 8915 5630 8915 2220 8916 2217 8916 5630 8916 5630 8917 2217 8917 5631 8917 5630 8918 5631 8918 5632 8918 5632 8919 5631 8919 5633 8919 5632 8920 5633 8920 5634 8920 5634 8921 5633 8921 5635 8921 5634 8922 5635 8922 2300 8922 2300 8923 5635 8923 2298 8923 2223 8924 2221 8924 5636 8924 5636 8925 2221 8925 5630 8925 5636 8926 5630 8926 5637 8926 5637 8927 5630 8927 5632 8927 5637 8928 5632 8928 5638 8928 5638 8929 5632 8929 5634 8929 5638 8930 5634 8930 2302 8930 2302 8931 5634 8931 2300 8931 2225 8932 2223 8932 5629 8932 5629 8933 2223 8933 5636 8933 5629 8934 5636 8934 5614 8934 5614 8935 5636 8935 5637 8935 5614 8936 5637 8936 5613 8936 5613 8937 5637 8937 5638 8937 5613 8938 5638 8938 2304 8938 2304 8939 5638 8939 2302 8939 5631 8940 2217 8940 2214 8940 5633 8941 5631 8941 5639 8941 5635 8942 5633 8942 5640 8942 2298 8943 5635 8943 5641 8943 5631 8944 2214 8944 5639 8944 5639 8945 2214 8945 2213 8945 5639 8946 2213 8946 5642 8946 2213 8947 2211 8947 5642 8947 5642 8948 2211 8948 2209 8948 5642 8949 2209 8949 5643 8949 5643 8950 2209 8950 2207 8950 5643 8951 2207 8951 5644 8951 5633 8952 5639 8952 5640 8952 5640 8953 5639 8953 5642 8953 5640 8954 5642 8954 5645 8954 5645 8955 5642 8955 5643 8955 5645 8956 5643 8956 5646 8956 5646 8957 5643 8957 5644 8957 5646 8958 5644 8958 5647 8958 5647 8959 5644 8959 5648 8959 5647 8960 5648 8960 5649 8960 2207 8961 2206 8961 5644 8961 5644 8962 2206 8962 2204 8962 5644 8963 2204 8963 5648 8963 5648 8964 2204 8964 2201 8964 2201 8965 5650 8965 5648 8965 5648 8966 5650 8966 5651 8966 5648 8967 5651 8967 5649 8967 5649 8968 5651 8968 5652 8968 5649 8969 5652 8969 5653 8969 5635 8970 5640 8970 5641 8970 5641 8971 5640 8971 5645 8971 5641 8972 5645 8972 5654 8972 5654 8973 5645 8973 5646 8973 5654 8974 5646 8974 5655 8974 5655 8975 5646 8975 5647 8975 5655 8976 5647 8976 5656 8976 5656 8977 5647 8977 5649 8977 5656 8978 5649 8978 5657 8978 5657 8979 5649 8979 5653 8979 5657 8980 5653 8980 5658 8980 2298 8981 5641 8981 2632 8981 2632 8982 5641 8982 5654 8982 2632 8983 5654 8983 2641 8983 2641 8984 5654 8984 5655 8984 2641 8985 5655 8985 2639 8985 2639 8986 5655 8986 5656 8986 2639 8987 5656 8987 2637 8987 2637 8988 5656 8988 5657 8988 2637 8989 5657 8989 2635 8989 2635 8990 5657 8990 5658 8990 2635 8991 5658 8991 2438 8991 2197 8992 2195 8992 5659 8992 2201 8993 2199 8993 5650 8993 5650 8994 2199 8994 5660 8994 5650 8995 5660 8995 5651 8995 5651 8996 5660 8996 5652 8996 5652 8997 5660 8997 5661 8997 5652 8998 5661 8998 5653 8998 5653 8999 5661 8999 5658 8999 5658 9000 5661 9000 2440 9000 5658 9001 2440 9001 2438 9001 2442 9002 2440 9002 5662 9002 5662 9003 2440 9003 5661 9003 5662 9004 5661 9004 5663 9004 5663 9005 5661 9005 5660 9005 5663 9006 5660 9006 5659 9006 5659 9007 5660 9007 2199 9007 5659 9008 2199 9008 2197 9008 2186 9009 2185 9009 5664 9009 2602 9010 2442 9010 5665 9010 5665 9011 2442 9011 5662 9011 5665 9012 5662 9012 5666 9012 5666 9013 5662 9013 5663 9013 5666 9014 5663 9014 5667 9014 5667 9015 5663 9015 5659 9015 5667 9016 5659 9016 2193 9016 2193 9017 5659 9017 2195 9017 2596 9018 2602 9018 5668 9018 5668 9019 2602 9019 5665 9019 5668 9020 5665 9020 5669 9020 5669 9021 5665 9021 5666 9021 5669 9022 5666 9022 5670 9022 5670 9023 5666 9023 5667 9023 5670 9024 5667 9024 2192 9024 2192 9025 5667 9025 2193 9025 2605 9026 2596 9026 5671 9026 5671 9027 2596 9027 5668 9027 5671 9028 5668 9028 5672 9028 5672 9029 5668 9029 5669 9029 5672 9030 5669 9030 5664 9030 5664 9031 5669 9031 5670 9031 5664 9032 5670 9032 2186 9032 2186 9033 5670 9033 2192 9033 2617 9034 2605 9034 5673 9034 5673 9035 2605 9035 5671 9035 5673 9036 5671 9036 5674 9036 5674 9037 5671 9037 5672 9037 5674 9038 5672 9038 5675 9038 5675 9039 5672 9039 5664 9039 5675 9040 5664 9040 2184 9040 2184 9041 5664 9041 2185 9041 2615 9042 2617 9042 5676 9042 5676 9043 2617 9043 5673 9043 5676 9044 5673 9044 5677 9044 5677 9045 5673 9045 5674 9045 5677 9046 5674 9046 5678 9046 5678 9047 5674 9047 5675 9047 5678 9048 5675 9048 3335 9048 3335 9049 5675 9049 2184 9049 2613 9050 2615 9050 5679 9050 5679 9051 2615 9051 5676 9051 5679 9052 5676 9052 5680 9052 5680 9053 5676 9053 5677 9053 5680 9054 5677 9054 5681 9054 5681 9055 5677 9055 5678 9055 5681 9056 5678 9056 2665 9056 2665 9057 5678 9057 3335 9057 2667 9058 2669 9058 5682 9058 5682 9059 2669 9059 5683 9059 5682 9060 5683 9060 5684 9060 5684 9061 5683 9061 5685 9061 5684 9062 5685 9062 5686 9062 5686 9063 5685 9063 5687 9063 5686 9064 5687 9064 2608 9064 2608 9065 5687 9065 2609 9065 2665 9066 2667 9066 5681 9066 5681 9067 2667 9067 5682 9067 5681 9068 5682 9068 5680 9068 5680 9069 5682 9069 5684 9069 5680 9070 5684 9070 5679 9070 5679 9071 5684 9071 5686 9071 5679 9072 5686 9072 2613 9072 2613 9073 5686 9073 2608 9073 5688 9074 2670 9074 2660 9074 2799 9075 3328 9075 5689 9075 5689 9076 3328 9076 5690 9076 5689 9077 5690 9077 5691 9077 5691 9078 5690 9078 5692 9078 2660 9079 5693 9079 5688 9079 5688 9080 5693 9080 5694 9080 5688 9081 5694 9081 5692 9081 5692 9082 5694 9082 5695 9082 5692 9083 5695 9083 5691 9083 2669 9084 2670 9084 5683 9084 5683 9085 2670 9085 5688 9085 5683 9086 5688 9086 5685 9086 5685 9087 5688 9087 5692 9087 5685 9088 5692 9088 5687 9088 5687 9089 5692 9089 5690 9089 5687 9090 5690 9090 2609 9090 2609 9091 5690 9091 3328 9091 2660 9092 2662 9092 5693 9092 5693 9093 2662 9093 5696 9093 5693 9094 5696 9094 5694 9094 5694 9095 5696 9095 5695 9095 5695 9096 5696 9096 5697 9096 5695 9097 5697 9097 5691 9097 5691 9098 5697 9098 5689 9098 5689 9099 5697 9099 2795 9099 5689 9100 2795 9100 2799 9100 2796 9101 2795 9101 5698 9101 5698 9102 2795 9102 5697 9102 5698 9103 5697 9103 5699 9103 5699 9104 5697 9104 5696 9104 5699 9105 5696 9105 2664 9105 2664 9106 5696 9106 2662 9106 5580 9107 5579 9107 5700 9107 5700 9108 5579 9108 5701 9108 5700 9109 5701 9109 5702 9109 5702 9110 5701 9110 5703 9110 5702 9111 5703 9111 2797 9111 2797 9112 5703 9112 5704 9112 2797 9113 5704 9113 2798 9113 2664 9114 5580 9114 5699 9114 5699 9115 5580 9115 5700 9115 5699 9116 5700 9116 5698 9116 5698 9117 5700 9117 5702 9117 5698 9118 5702 9118 2796 9118 2796 9119 5702 9119 2797 9119 5705 9120 1771 9120 1773 9120 2537 9121 5706 9121 2535 9121 2535 9122 5706 9122 1744 9122 2535 9123 1744 9123 1717 9123 5707 9124 2246 9124 1740 9124 1740 9125 2246 9125 1760 9125 2537 9126 5045 9126 5706 9126 5706 9127 5045 9127 5022 9127 5706 9128 5022 9128 5708 9128 5708 9129 5022 9129 5021 9129 5708 9130 5021 9130 1767 9130 1769 9131 5709 9131 1767 9131 1767 9132 5709 9132 5710 9132 1767 9133 5710 9133 5708 9133 5711 9134 5712 9134 2233 9134 2233 9135 2226 9135 5711 9135 5711 9136 2226 9136 2231 9136 5711 9137 2231 9137 5707 9137 5707 9138 2231 9138 2232 9138 5707 9139 2232 9139 2246 9139 1740 9140 1755 9140 5707 9140 5707 9141 1755 9141 5713 9141 5707 9142 5713 9142 5711 9142 5711 9143 5713 9143 5714 9143 5711 9144 5714 9144 5712 9144 5712 9145 5714 9145 5715 9145 5712 9146 5715 9146 5716 9146 5716 9147 5715 9147 5717 9147 5716 9148 5717 9148 5718 9148 5718 9149 5717 9149 5719 9149 5718 9150 5719 9150 5720 9150 5720 9151 5719 9151 5721 9151 5720 9152 5721 9152 5722 9152 5722 9153 5721 9153 5723 9153 5722 9154 5723 9154 5724 9154 5724 9155 5723 9155 5725 9155 1765 9156 5726 9156 1774 9156 1774 9157 5726 9157 5727 9157 1774 9158 5727 9158 1773 9158 5728 9159 5705 9159 5729 9159 5729 9160 5705 9160 1773 9160 5729 9161 1773 9161 5730 9161 5730 9162 1773 9162 5727 9162 1745 9163 1744 9163 5731 9163 5731 9164 1744 9164 5706 9164 5731 9165 5706 9165 5732 9165 5732 9166 5706 9166 5708 9166 5732 9167 5708 9167 5733 9167 5733 9168 5708 9168 5710 9168 5733 9169 5710 9169 5728 9169 5728 9170 5710 9170 5709 9170 5728 9171 5709 9171 5705 9171 5705 9172 5709 9172 1769 9172 5705 9173 1769 9173 1771 9173 5724 9174 2243 9174 5722 9174 5722 9175 2243 9175 2242 9175 5722 9176 2242 9176 5720 9176 5720 9177 2242 9177 2240 9177 5720 9178 2240 9178 5718 9178 5718 9179 2240 9179 2238 9179 5718 9180 2238 9180 5716 9180 5716 9181 2238 9181 2236 9181 5716 9182 2236 9182 5712 9182 5712 9183 2236 9183 2234 9183 5712 9184 2234 9184 2233 9184 1755 9185 1745 9185 5713 9185 5713 9186 1745 9186 5731 9186 5713 9187 5731 9187 5714 9187 5714 9188 5731 9188 5732 9188 5714 9189 5732 9189 5715 9189 5715 9190 5732 9190 5733 9190 5715 9191 5733 9191 5717 9191 5717 9192 5733 9192 5728 9192 5717 9193 5728 9193 5719 9193 5719 9194 5728 9194 5729 9194 5719 9195 5729 9195 5721 9195 5721 9196 5729 9196 5730 9196 5721 9197 5730 9197 5723 9197 5723 9198 5730 9198 5727 9198 5723 9199 5727 9199 5725 9199 5725 9200 5727 9200 5726 9200 2224 9201 2243 9201 5734 9201 5734 9202 2243 9202 5724 9202 5734 9203 5724 9203 5735 9203 5735 9204 5724 9204 5725 9204 5735 9205 5725 9205 5736 9205 5736 9206 5725 9206 5726 9206 5736 9207 5726 9207 2292 9207 2292 9208 5726 9208 1765 9208 2292 9209 2294 9209 5736 9209 5736 9210 2294 9210 5737 9210 5736 9211 5737 9211 5735 9211 5735 9212 5737 9212 5738 9212 5735 9213 5738 9213 5734 9213 5734 9214 5738 9214 5739 9214 5734 9215 5739 9215 2224 9215 2219 9216 2218 9216 5739 9216 5739 9217 2218 9217 2222 9217 5739 9218 2222 9218 2224 9218 5740 9219 5741 9219 5742 9219 5742 9220 5741 9220 5743 9220 5742 9221 5743 9221 5744 9221 5744 9222 5743 9222 5745 9222 5744 9223 5745 9223 2289 9223 2289 9224 5745 9224 2295 9224 2294 9225 2295 9225 5737 9225 5737 9226 2295 9226 5745 9226 5737 9227 5745 9227 5738 9227 5738 9228 5745 9228 5743 9228 5738 9229 5743 9229 5739 9229 5739 9230 5743 9230 5741 9230 5739 9231 5741 9231 2219 9231 2219 9232 5741 9232 5740 9232 2219 9233 5740 9233 2215 9233 5746 9234 5747 9234 5748 9234 5749 9235 5750 9235 5751 9235 5750 9236 2200 9236 2202 9236 5749 9237 5751 9237 5747 9237 5752 9238 5753 9238 5746 9238 5753 9239 5752 9239 2311 9239 5750 9240 2202 9240 5751 9240 5751 9241 2202 9241 2203 9241 5751 9242 2203 9242 5754 9242 5754 9243 2203 9243 2205 9243 5754 9244 2205 9244 5755 9244 2215 9245 5740 9245 2216 9245 2216 9246 5740 9246 5756 9246 2216 9247 5756 9247 2212 9247 2212 9248 5756 9248 5757 9248 2212 9249 5757 9249 2210 9249 2210 9250 5757 9250 5755 9250 2210 9251 5755 9251 2208 9251 2208 9252 5755 9252 2205 9252 5747 9253 5751 9253 5748 9253 5748 9254 5751 9254 5754 9254 5748 9255 5754 9255 5758 9255 5758 9256 5754 9256 5755 9256 5758 9257 5755 9257 5759 9257 5759 9258 5755 9258 5757 9258 5759 9259 5757 9259 5760 9259 5760 9260 5757 9260 5756 9260 5760 9261 5756 9261 5761 9261 5761 9262 5756 9262 5740 9262 5761 9263 5740 9263 5742 9263 5746 9264 5748 9264 5752 9264 5752 9265 5748 9265 5758 9265 5752 9266 5758 9266 5762 9266 5762 9267 5758 9267 5759 9267 5762 9268 5759 9268 5763 9268 5763 9269 5759 9269 5760 9269 5763 9270 5760 9270 5764 9270 5764 9271 5760 9271 5761 9271 5764 9272 5761 9272 5765 9272 5765 9273 5761 9273 5742 9273 5765 9274 5742 9274 5744 9274 2311 9275 5752 9275 2319 9275 2319 9276 5752 9276 5762 9276 2319 9277 5762 9277 2324 9277 2324 9278 5762 9278 5763 9278 2324 9279 5763 9279 2326 9279 2326 9280 5763 9280 5764 9280 2326 9281 5764 9281 2328 9281 2328 9282 5764 9282 5765 9282 2328 9283 5765 9283 2320 9283 2320 9284 5765 9284 5744 9284 2320 9285 5744 9285 2289 9285 5750 9286 5749 9286 5766 9286 5767 9287 5768 9287 5766 9287 2309 9288 2307 9288 5769 9288 5769 9289 2307 9289 5770 9289 2200 9290 5750 9290 2198 9290 2198 9291 5750 9291 5766 9291 2198 9292 5766 9292 2196 9292 2196 9293 5766 9293 5768 9293 2196 9294 5768 9294 2194 9294 5749 9295 5747 9295 5766 9295 5766 9296 5747 9296 5769 9296 5766 9297 5769 9297 5767 9297 5767 9298 5769 9298 5770 9298 2311 9299 2309 9299 5753 9299 5753 9300 2309 9300 5769 9300 5753 9301 5769 9301 5746 9301 5746 9302 5769 9302 5747 9302 2191 9303 2190 9303 5771 9303 2411 9304 2414 9304 5772 9304 5772 9305 2414 9305 5773 9305 5772 9306 5773 9306 5774 9306 5774 9307 5773 9307 5775 9307 5774 9308 5775 9308 5776 9308 5776 9309 5775 9309 5777 9309 5776 9310 5777 9310 2187 9310 2187 9311 5777 9311 2188 9311 2381 9312 2411 9312 5778 9312 5778 9313 2411 9313 5772 9313 5778 9314 5772 9314 5779 9314 5779 9315 5772 9315 5774 9315 5779 9316 5774 9316 5771 9316 5771 9317 5774 9317 5776 9317 5771 9318 5776 9318 2191 9318 2191 9319 5776 9319 2187 9319 2378 9320 2381 9320 5780 9320 5780 9321 2381 9321 5778 9321 5780 9322 5778 9322 5781 9322 5781 9323 5778 9323 5779 9323 5781 9324 5779 9324 5782 9324 5782 9325 5779 9325 5771 9325 5782 9326 5771 9326 2189 9326 2189 9327 5771 9327 2190 9327 2307 9328 2378 9328 5770 9328 5770 9329 2378 9329 5780 9329 5770 9330 5780 9330 5767 9330 5767 9331 5780 9331 5781 9331 5767 9332 5781 9332 5768 9332 5768 9333 5781 9333 5782 9333 5768 9334 5782 9334 2194 9334 2194 9335 5782 9335 2189 9335 2416 9336 2417 9336 5783 9336 5783 9337 2417 9337 5784 9337 5783 9338 5784 9338 5785 9338 5785 9339 5784 9339 5786 9339 5785 9340 5786 9340 5787 9340 5787 9341 5786 9341 5788 9341 5787 9342 5788 9342 3337 9342 3337 9343 5788 9343 2768 9343 2414 9344 2416 9344 5773 9344 5773 9345 2416 9345 5783 9345 5773 9346 5783 9346 5775 9346 5775 9347 5783 9347 5785 9347 5775 9348 5785 9348 5777 9348 5777 9349 5785 9349 5787 9349 5777 9350 5787 9350 2188 9350 2188 9351 5787 9351 3337 9351 2766 9352 2768 9352 5789 9352 5789 9353 2768 9353 5788 9353 5789 9354 5788 9354 5790 9354 5790 9355 5788 9355 5786 9355 5790 9356 5786 9356 5791 9356 5791 9357 5786 9357 5784 9357 5791 9358 5784 9358 2419 9358 2419 9359 5784 9359 2417 9359 2764 9360 2766 9360 5792 9360 5792 9361 2766 9361 5789 9361 5792 9362 5789 9362 5793 9362 5793 9363 5789 9363 5790 9363 5793 9364 5790 9364 5794 9364 5794 9365 5790 9365 5791 9365 5794 9366 5791 9366 2421 9366 2421 9367 5791 9367 2419 9367 5795 9368 3330 9368 2778 9368 2771 9369 2770 9369 5796 9369 5796 9370 2770 9370 5797 9370 5796 9371 5797 9371 5798 9371 5798 9372 5797 9372 5799 9372 2778 9373 5800 9373 5795 9373 5795 9374 5800 9374 5801 9374 5795 9375 5801 9375 5799 9375 5799 9376 5801 9376 5802 9376 5799 9377 5802 9377 5798 9377 2421 9378 3330 9378 5794 9378 5794 9379 3330 9379 5795 9379 5794 9380 5795 9380 5793 9380 5793 9381 5795 9381 5799 9381 5793 9382 5799 9382 5792 9382 5792 9383 5799 9383 5797 9383 5792 9384 5797 9384 2764 9384 2764 9385 5797 9385 2770 9385 5796 9386 5798 9386 5803 9386 5804 9387 2776 9387 2784 9387 5805 9388 2774 9388 2773 9388 2771 9389 5796 9389 2773 9389 2773 9390 5796 9390 5803 9390 2773 9391 5803 9391 5805 9391 5805 9392 5803 9392 5806 9392 5798 9393 5802 9393 5803 9393 5803 9394 5802 9394 5804 9394 5803 9395 5804 9395 5806 9395 5806 9396 5804 9396 2784 9396 2778 9397 2776 9397 5800 9397 5800 9398 2776 9398 5804 9398 5800 9399 5804 9399 5801 9399 5801 9400 5804 9400 5802 9400 5568 9401 5567 9401 5807 9401 5807 9402 5567 9402 5808 9402 5807 9403 5808 9403 5809 9403 5809 9404 5808 9404 5810 9404 5809 9405 5810 9405 5811 9405 5811 9406 5810 9406 2782 9406 5811 9407 2782 9407 2781 9407 2784 9408 2782 9408 5806 9408 5806 9409 2782 9409 5810 9409 5806 9410 5810 9410 5805 9410 5805 9411 5810 9411 5808 9411 5805 9412 5808 9412 2774 9412 2774 9413 5808 9413 5567 9413 2544 9414 2543 9414 5812 9414 5813 9415 1727 9415 5814 9415 5814 9416 1727 9416 1726 9416 5814 9417 1726 9417 1735 9417 5815 9418 5816 9418 5817 9418 5817 9419 5816 9419 5818 9419 5819 9420 2371 9420 2538 9420 5820 9421 5821 9421 5822 9421 5822 9422 5821 9422 5823 9422 5822 9423 5823 9423 5824 9423 5824 9424 5823 9424 5825 9424 5824 9425 5825 9425 5826 9425 5826 9426 5825 9426 5827 9426 2543 9427 1719 9427 5812 9427 5812 9428 1719 9428 1748 9428 5812 9429 1748 9429 5828 9429 5828 9430 1748 9430 1749 9430 5828 9431 1749 9431 5813 9431 5813 9432 1749 9432 1729 9432 5813 9433 1729 9433 1727 9433 5821 9434 5829 9434 5823 9434 5823 9435 5829 9435 5816 9435 5823 9436 5816 9436 5825 9436 5825 9437 5816 9437 5815 9437 2131 9438 5820 9438 2121 9438 2121 9439 5820 9439 5822 9439 2121 9440 5822 9440 2122 9440 2122 9441 5822 9441 5824 9441 2122 9442 5824 9442 2124 9442 2124 9443 5824 9443 5826 9443 2124 9444 5826 9444 2134 9444 2134 9445 5826 9445 5827 9445 2134 9446 5827 9446 2132 9446 1735 9447 2132 9447 5814 9447 5814 9448 2132 9448 5827 9448 5814 9449 5827 9449 5813 9449 5813 9450 5827 9450 5825 9450 5813 9451 5825 9451 5828 9451 5828 9452 5825 9452 5815 9452 5828 9453 5815 9453 5812 9453 5812 9454 5815 9454 5817 9454 5812 9455 5817 9455 2544 9455 2544 9456 5817 9456 5818 9456 2544 9457 5818 9457 2538 9457 2538 9458 5818 9458 5816 9458 2538 9459 5816 9459 5819 9459 5819 9460 5816 9460 5829 9460 5830 9461 2127 9461 2119 9461 5831 9462 5832 9462 5833 9462 5833 9463 5832 9463 5834 9463 5833 9464 5834 9464 5835 9464 2369 9465 5831 9465 2367 9465 2367 9466 5831 9466 5833 9466 2367 9467 5833 9467 2363 9467 2363 9468 5833 9468 5835 9468 2363 9469 5835 9469 2344 9469 5836 9470 5837 9470 5830 9470 2127 9471 5830 9471 2128 9471 2128 9472 5830 9472 5837 9472 2128 9473 5837 9473 2130 9473 2371 9474 5819 9474 2369 9474 2369 9475 5819 9475 5836 9475 2369 9476 5836 9476 5831 9476 5831 9477 5836 9477 5830 9477 5831 9478 5830 9478 5832 9478 5832 9479 5830 9479 2119 9479 5832 9480 2119 9480 5834 9480 5834 9481 2119 9481 2111 9481 5834 9482 2111 9482 2114 9482 2131 9483 2130 9483 5820 9483 5820 9484 2130 9484 5837 9484 5820 9485 5837 9485 5821 9485 5821 9486 5837 9486 5836 9486 5821 9487 5836 9487 5829 9487 5829 9488 5836 9488 5819 9488 5834 9489 2114 9489 2116 9489 5835 9490 5834 9490 5838 9490 2344 9491 5835 9491 5839 9491 5834 9492 2116 9492 5838 9492 5838 9493 2116 9493 2117 9493 5838 9494 2117 9494 5840 9494 5840 9495 2117 9495 2092 9495 5840 9496 2092 9496 5841 9496 2092 9497 2090 9497 5841 9497 5841 9498 2090 9498 2110 9498 5841 9499 2110 9499 5842 9499 5842 9500 2110 9500 2109 9500 5842 9501 2109 9501 5843 9501 2109 9502 2107 9502 5843 9502 5843 9503 2107 9503 2105 9503 5843 9504 2105 9504 5844 9504 5844 9505 2105 9505 2103 9505 5844 9506 2103 9506 5845 9506 5845 9507 2103 9507 2101 9507 5835 9508 5838 9508 5839 9508 5839 9509 5838 9509 5840 9509 5839 9510 5840 9510 5846 9510 5846 9511 5840 9511 5841 9511 5846 9512 5841 9512 5847 9512 5847 9513 5841 9513 5842 9513 5847 9514 5842 9514 5848 9514 5848 9515 5842 9515 5843 9515 5848 9516 5843 9516 5849 9516 5849 9517 5843 9517 5844 9517 5849 9518 5844 9518 5850 9518 5850 9519 5844 9519 5845 9519 5850 9520 5845 9520 5851 9520 2344 9521 5839 9521 2346 9521 2346 9522 5839 9522 5846 9522 2346 9523 5846 9523 2349 9523 2349 9524 5846 9524 5847 9524 2349 9525 5847 9525 2351 9525 2351 9526 5847 9526 5848 9526 2351 9527 5848 9527 2353 9527 2353 9528 5848 9528 5849 9528 2353 9529 5849 9529 2355 9529 2355 9530 5849 9530 5850 9530 2355 9531 5850 9531 2357 9531 2357 9532 5850 9532 5851 9532 2357 9533 5851 9533 2316 9533 2312 9534 2316 9534 5852 9534 5852 9535 2316 9535 5851 9535 5852 9536 5851 9536 5853 9536 5853 9537 5851 9537 5845 9537 5853 9538 5845 9538 2099 9538 2099 9539 5845 9539 2101 9539 2313 9540 2312 9540 5854 9540 5854 9541 2312 9541 5852 9541 5854 9542 5852 9542 5855 9542 5855 9543 5852 9543 5853 9543 5855 9544 5853 9544 2097 9544 2097 9545 5853 9545 2099 9545 5856 9546 2424 9546 2426 9546 5857 9547 5858 9547 5859 9547 2069 9548 5860 9548 5861 9548 5855 9549 2097 9549 2095 9549 5854 9550 5855 9550 5862 9550 2313 9551 5854 9551 5863 9551 5855 9552 2095 9552 5862 9552 5862 9553 2095 9553 2094 9553 5862 9554 2094 9554 5864 9554 2094 9555 2087 9555 5864 9555 5864 9556 2087 9556 2085 9556 5864 9557 2085 9557 5865 9557 5865 9558 2085 9558 2083 9558 5865 9559 2083 9559 5866 9559 2083 9560 2081 9560 5866 9560 5866 9561 2081 9561 2079 9561 5866 9562 2079 9562 5867 9562 5867 9563 2079 9563 2077 9563 5867 9564 2077 9564 5861 9564 5861 9565 2077 9565 2071 9565 5861 9566 2071 9566 2069 9566 5854 9567 5862 9567 5863 9567 5863 9568 5862 9568 5864 9568 5863 9569 5864 9569 5868 9569 5868 9570 5864 9570 5865 9570 5868 9571 5865 9571 5869 9571 5869 9572 5865 9572 5866 9572 5869 9573 5866 9573 5870 9573 5870 9574 5866 9574 5867 9574 5870 9575 5867 9575 5871 9575 5871 9576 5867 9576 5861 9576 5871 9577 5861 9577 5859 9577 5859 9578 5861 9578 5860 9578 5859 9579 5860 9579 5857 9579 2313 9580 5863 9580 2384 9580 2384 9581 5863 9581 5868 9581 2384 9582 5868 9582 2434 9582 2434 9583 5868 9583 5869 9583 2434 9584 5869 9584 2432 9584 2432 9585 5869 9585 5870 9585 2432 9586 5870 9586 2430 9586 2430 9587 5870 9587 5871 9587 2430 9588 5871 9588 2428 9588 2428 9589 5871 9589 5859 9589 2428 9590 5859 9590 2426 9590 2426 9591 5859 9591 5858 9591 2426 9592 5858 9592 5856 9592 2067 9593 2066 9593 5872 9593 5872 9594 2066 9594 5873 9594 5872 9595 5873 9595 5874 9595 5874 9596 5873 9596 5875 9596 5874 9597 5875 9597 5876 9597 5876 9598 5875 9598 5877 9598 2424 9599 5876 9599 3331 9599 3331 9600 5876 9600 5877 9600 3331 9601 5877 9601 2788 9601 2069 9602 2067 9602 5860 9602 5860 9603 2067 9603 5872 9603 5860 9604 5872 9604 5857 9604 5857 9605 5872 9605 5874 9605 5857 9606 5874 9606 5858 9606 5858 9607 5874 9607 5876 9607 5858 9608 5876 9608 5856 9608 5856 9609 5876 9609 2424 9609 2061 9610 2065 9610 5878 9610 2781 9611 2783 9611 5879 9611 5879 9612 2783 9612 5880 9612 5879 9613 5880 9613 5881 9613 5881 9614 5880 9614 5882 9614 2065 9615 2064 9615 5878 9615 5878 9616 2064 9616 5883 9616 5878 9617 5883 9617 5882 9617 5882 9618 5883 9618 5884 9618 5882 9619 5884 9619 5881 9619 2066 9620 2061 9620 5873 9620 5873 9621 2061 9621 5878 9621 5873 9622 5878 9622 5875 9622 5875 9623 5878 9623 5882 9623 5875 9624 5882 9624 5877 9624 5877 9625 5882 9625 5880 9625 5877 9626 5880 9626 2788 9626 2788 9627 5880 9627 2783 9627 2781 9628 5885 9628 5886 9628 5887 9629 5809 9629 5886 9629 5886 9630 5809 9630 5811 9630 5886 9631 5811 9631 2781 9631 5888 9632 5568 9632 5807 9632 5885 9633 5889 9633 5886 9633 5886 9634 5889 9634 5888 9634 5886 9635 5888 9635 5887 9635 5887 9636 5888 9636 5807 9636 5887 9637 5807 9637 5809 9637 2064 9638 5890 9638 5891 9638 5891 9639 5890 9639 5892 9639 5891 9640 5892 9640 5893 9640 5893 9641 5892 9641 5894 9641 5893 9642 5894 9642 5885 9642 5885 9643 5894 9643 5895 9643 5885 9644 5895 9644 5889 9644 2781 9645 5879 9645 5885 9645 5885 9646 5879 9646 5881 9646 5885 9647 5881 9647 5893 9647 5893 9648 5881 9648 5884 9648 5893 9649 5884 9649 5891 9649 5891 9650 5884 9650 5883 9650 5891 9651 5883 9651 2064 9651 5895 9652 5894 9652 5896 9652 5897 9653 2756 9653 5554 9653 5898 9654 5897 9654 5899 9654 5900 9655 5898 9655 5901 9655 5902 9656 5900 9656 5903 9656 5904 9657 5902 9657 5905 9657 2146 9658 5904 9658 5906 9658 5897 9659 5554 9659 5899 9659 5899 9660 5554 9660 5560 9660 5899 9661 5560 9661 5907 9661 5560 9662 5564 9662 5907 9662 5907 9663 5564 9663 5562 9663 5907 9664 5562 9664 5908 9664 5908 9665 5562 9665 5561 9665 5908 9666 5561 9666 5909 9666 5909 9667 5561 9667 5568 9667 5909 9668 5568 9668 5888 9668 5898 9669 5899 9669 5901 9669 5901 9670 5899 9670 5907 9670 5901 9671 5907 9671 5910 9671 5910 9672 5907 9672 5908 9672 5910 9673 5908 9673 5911 9673 5911 9674 5908 9674 5909 9674 5911 9675 5909 9675 5912 9675 5912 9676 5909 9676 5888 9676 5912 9677 5888 9677 5889 9677 5900 9678 5901 9678 5903 9678 5903 9679 5901 9679 5910 9679 5903 9680 5910 9680 5913 9680 5913 9681 5910 9681 5911 9681 5913 9682 5911 9682 5914 9682 5914 9683 5911 9683 5912 9683 5914 9684 5912 9684 5896 9684 5896 9685 5912 9685 5889 9685 5896 9686 5889 9686 5895 9686 5902 9687 5903 9687 5905 9687 5905 9688 5903 9688 5913 9688 5905 9689 5913 9689 5915 9689 5915 9690 5913 9690 5914 9690 5915 9691 5914 9691 5916 9691 5916 9692 5914 9692 5896 9692 5916 9693 5896 9693 5917 9693 5917 9694 5896 9694 5894 9694 5917 9695 5894 9695 5892 9695 5904 9696 5905 9696 5906 9696 5906 9697 5905 9697 5915 9697 5906 9698 5915 9698 5918 9698 5918 9699 5915 9699 5916 9699 5918 9700 5916 9700 5919 9700 5919 9701 5916 9701 5917 9701 5919 9702 5917 9702 5920 9702 5920 9703 5917 9703 5892 9703 5920 9704 5892 9704 5890 9704 2146 9705 5906 9705 2148 9705 2148 9706 5906 9706 5918 9706 2148 9707 5918 9707 2150 9707 2150 9708 5918 9708 5919 9708 2150 9709 5919 9709 2151 9709 2151 9710 5919 9710 5920 9710 2151 9711 5920 9711 2062 9711 2062 9712 5920 9712 5890 9712 2062 9713 5890 9713 2064 9713 2144 9714 2142 9714 5921 9714 5922 9715 2748 9715 2737 9715 2142 9716 2140 9716 5921 9716 5921 9717 2140 9717 5923 9717 5921 9718 5923 9718 5924 9718 2756 9719 5897 9719 2737 9719 2737 9720 5897 9720 5924 9720 2737 9721 5924 9721 5922 9721 5922 9722 5924 9722 5923 9722 5897 9723 5898 9723 5924 9723 5924 9724 5898 9724 5900 9724 5924 9725 5900 9725 5921 9725 5921 9726 5900 9726 5902 9726 5921 9727 5902 9727 2144 9727 2144 9728 5902 9728 5904 9728 2144 9729 5904 9729 2146 9729 2140 9730 3498 9730 5923 9730 5923 9731 3498 9731 5925 9731 5923 9732 5925 9732 5922 9732 5922 9733 5925 9733 5926 9733 5922 9734 5926 9734 2748 9734 2748 9735 5926 9735 2684 9735 3510 9736 5927 9736 5928 9736 5927 9737 5929 9737 5930 9737 5929 9738 2671 9738 2681 9738 5929 9739 2681 9739 5930 9739 5930 9740 2681 9740 2680 9740 5930 9741 2680 9741 5931 9741 5931 9742 2680 9742 2678 9742 5931 9743 2678 9743 5932 9743 5932 9744 2678 9744 2677 9744 5932 9745 2677 9745 5933 9745 5933 9746 2677 9746 2682 9746 5933 9747 2682 9747 5934 9747 5934 9748 2682 9748 2684 9748 5934 9749 2684 9749 5926 9749 5927 9750 5930 9750 5928 9750 5928 9751 5930 9751 5931 9751 5928 9752 5931 9752 5935 9752 5935 9753 5931 9753 5932 9753 5935 9754 5932 9754 5936 9754 5936 9755 5932 9755 5933 9755 5936 9756 5933 9756 5937 9756 5937 9757 5933 9757 5934 9757 5937 9758 5934 9758 5938 9758 5938 9759 5934 9759 5926 9759 5938 9760 5926 9760 5925 9760 3510 9761 5928 9761 3508 9761 3508 9762 5928 9762 5935 9762 3508 9763 5935 9763 3506 9763 3506 9764 5935 9764 5936 9764 3506 9765 5936 9765 3504 9765 3504 9766 5936 9766 5937 9766 3504 9767 5937 9767 3502 9767 3502 9768 5937 9768 5938 9768 3502 9769 5938 9769 3500 9769 3500 9770 5938 9770 5925 9770 3500 9771 5925 9771 3498 9771 3510 9772 3546 9772 5927 9772 5927 9773 3546 9773 5939 9773 5927 9774 5939 9774 5929 9774 5929 9775 5939 9775 5940 9775 5929 9776 5940 9776 2671 9776 2671 9777 5940 9777 2674 9777 3546 9778 2252 9778 5939 9778 5939 9779 2252 9779 5941 9779 5939 9780 5941 9780 5940 9780 5940 9781 5941 9781 5942 9781 5940 9782 5942 9782 2674 9782 2674 9783 5942 9783 2675 9783 2692 9784 2675 9784 5943 9784 5943 9785 2675 9785 5942 9785 5943 9786 5942 9786 5944 9786 5944 9787 5942 9787 5945 9787 5945 9788 5942 9788 5941 9788 5945 9789 5941 9789 5946 9789 5946 9790 5941 9790 5947 9790 5947 9791 5941 9791 2252 9791 5947 9792 2252 9792 2257 9792 2517 9793 5948 9793 5949 9793 2513 9794 2511 9794 5950 9794 5948 9795 5951 9795 5952 9795 5951 9796 5953 9796 5954 9796 5955 9797 2694 9797 2692 9797 5953 9798 2721 9798 2723 9798 5953 9799 2723 9799 5954 9799 5954 9800 2723 9800 2725 9800 5954 9801 2725 9801 5956 9801 5956 9802 2725 9802 2726 9802 5956 9803 2726 9803 5957 9803 5957 9804 2726 9804 2696 9804 5957 9805 2696 9805 5958 9805 2715 9806 2717 9806 5959 9806 5959 9807 2717 9807 5960 9807 5959 9808 5960 9808 5961 9808 5961 9809 5960 9809 5962 9809 5951 9810 5954 9810 5952 9810 5952 9811 5954 9811 5956 9811 5952 9812 5956 9812 5963 9812 5963 9813 5956 9813 5957 9813 5963 9814 5957 9814 5964 9814 5964 9815 5957 9815 5958 9815 5964 9816 5958 9816 5965 9816 2692 9817 5943 9817 5955 9817 5955 9818 5943 9818 5944 9818 5955 9819 5944 9819 5966 9819 5950 9820 5967 9820 5962 9820 5962 9821 5967 9821 5968 9821 5962 9822 5968 9822 5961 9822 5948 9823 5952 9823 5949 9823 5949 9824 5952 9824 5963 9824 5949 9825 5963 9825 5969 9825 5969 9826 5963 9826 5964 9826 5969 9827 5964 9827 5970 9827 5970 9828 5964 9828 5965 9828 5970 9829 5965 9829 5971 9829 2511 9830 2509 9830 5950 9830 5950 9831 2509 9831 5972 9831 5950 9832 5972 9832 5967 9832 2717 9833 2719 9833 5960 9833 5960 9834 2719 9834 5973 9834 5960 9835 5973 9835 5962 9835 5962 9836 5973 9836 5974 9836 5962 9837 5974 9837 5950 9837 5950 9838 5974 9838 5975 9838 5950 9839 5975 9839 2513 9839 2513 9840 5975 9840 2515 9840 2719 9841 2721 9841 5973 9841 5973 9842 2721 9842 5953 9842 5973 9843 5953 9843 5974 9843 5974 9844 5953 9844 5951 9844 5974 9845 5951 9845 5975 9845 5975 9846 5951 9846 5948 9846 5975 9847 5948 9847 2515 9847 2515 9848 5948 9848 2517 9848 2529 9849 2527 9849 5971 9849 5971 9850 2527 9850 2525 9850 5971 9851 2525 9851 5970 9851 5970 9852 2525 9852 2523 9852 5970 9853 2523 9853 5969 9853 5969 9854 2523 9854 2521 9854 5969 9855 2521 9855 5949 9855 5949 9856 2521 9856 2519 9856 5949 9857 2519 9857 2517 9857 2531 9858 2529 9858 5976 9858 5976 9859 2529 9859 5971 9859 5976 9860 5971 9860 5966 9860 5966 9861 5971 9861 5965 9861 5966 9862 5965 9862 5955 9862 5955 9863 5965 9863 5958 9863 5955 9864 5958 9864 2694 9864 2694 9865 5958 9865 2696 9865 5944 9866 5945 9866 5966 9866 5966 9867 5945 9867 5946 9867 5966 9868 5946 9868 5976 9868 5976 9869 5946 9869 5947 9869 5976 9870 5947 9870 2531 9870 2531 9871 5947 9871 2257 9871 2715 9872 5959 9872 2713 9872 2713 9873 5959 9873 5977 9873 5959 9874 5961 9874 5977 9874 5977 9875 5961 9875 5968 9875 5977 9876 5968 9876 5978 9876 2509 9877 2533 9877 5972 9877 5972 9878 2533 9878 5978 9878 5972 9879 5978 9879 5967 9879 5967 9880 5978 9880 5968 9880 2713 9881 5977 9881 5979 9881 5977 9882 5978 9882 5980 9882 5978 9883 2533 9883 3539 9883 5978 9884 3539 9884 5980 9884 5980 9885 3539 9885 3541 9885 5980 9886 3541 9886 5981 9886 5981 9887 3541 9887 3543 9887 5981 9888 3543 9888 5982 9888 5982 9889 3543 9889 3488 9889 5982 9890 3488 9890 5983 9890 5977 9891 5980 9891 5979 9891 5979 9892 5980 9892 5981 9892 5979 9893 5981 9893 5984 9893 5984 9894 5981 9894 5982 9894 5984 9895 5982 9895 5985 9895 5985 9896 5982 9896 5983 9896 5985 9897 5983 9897 5986 9897 2713 9898 5979 9898 2698 9898 2698 9899 5979 9899 5984 9899 2698 9900 5984 9900 2699 9900 2699 9901 5984 9901 5985 9901 2699 9902 5985 9902 2732 9902 2732 9903 5985 9903 5986 9903 2732 9904 5986 9904 2733 9904 3496 9905 5987 9905 5988 9905 5987 9906 5989 9906 5990 9906 5989 9907 2731 9907 2730 9907 5989 9908 2730 9908 5990 9908 5990 9909 2730 9909 2729 9909 5990 9910 2729 9910 5991 9910 5991 9911 2729 9911 2734 9911 5991 9912 2734 9912 5992 9912 5992 9913 2734 9913 2733 9913 5992 9914 2733 9914 5986 9914 5987 9915 5990 9915 5988 9915 5988 9916 5990 9916 5991 9916 5988 9917 5991 9917 5993 9917 5993 9918 5991 9918 5992 9918 5993 9919 5992 9919 5994 9919 5994 9920 5992 9920 5986 9920 5994 9921 5986 9921 5983 9921 3496 9922 5988 9922 3494 9922 3494 9923 5988 9923 5993 9923 3494 9924 5993 9924 3492 9924 3492 9925 5993 9925 5994 9925 3492 9926 5994 9926 3490 9926 3490 9927 5994 9927 5983 9927 3490 9928 5983 9928 3488 9928 3496 9929 3535 9929 5987 9929 5987 9930 3535 9930 5995 9930 5987 9931 5995 9931 5989 9931 5989 9932 5995 9932 5996 9932 5989 9933 5996 9933 2731 9933 2731 9934 5996 9934 2707 9934 3535 9935 2160 9935 5995 9935 5995 9936 2160 9936 5997 9936 5995 9937 5997 9937 5996 9937 5996 9938 5997 9938 5998 9938 5996 9939 5998 9939 2707 9939 2707 9940 5998 9940 2709 9940 2159 9941 2177 9941 5999 9941 2179 9942 2181 9942 6000 9942 6000 9943 2181 9943 6001 9943 6000 9944 6001 9944 6002 9944 6002 9945 6001 9945 6003 9945 6002 9946 6003 9946 2710 9946 2710 9947 6003 9947 2727 9947 2177 9948 2179 9948 5999 9948 5999 9949 2179 9949 6000 9949 5999 9950 6000 9950 6004 9950 6004 9951 6000 9951 6002 9951 6004 9952 6002 9952 2751 9952 2751 9953 6002 9953 2710 9953 2751 9954 2709 9954 6004 9954 6004 9955 2709 9955 5998 9955 6004 9956 5998 9956 5999 9956 5999 9957 5998 9957 5997 9957 5999 9958 5997 9958 2159 9958 2159 9959 5997 9959 2160 9959 5555 9960 2727 9960 6003 9960 6005 9961 2164 9961 2170 9961 5558 9962 5557 9962 6006 9962 6006 9963 5557 9963 6007 9963 6006 9964 6007 9964 6008 9964 6008 9965 6007 9965 6005 9965 6008 9966 6005 9966 6009 9966 6009 9967 6005 9967 2170 9967 2181 9968 2164 9968 6001 9968 6001 9969 2164 9969 6005 9969 6001 9970 6005 9970 6003 9970 6003 9971 6005 9971 6007 9971 6003 9972 6007 9972 5555 9972 5555 9973 6007 9973 5557 9973 2165 9974 5576 9974 6010 9974 6010 9975 5576 9975 5575 9975 6010 9976 5575 9976 6011 9976 6011 9977 5575 9977 5574 9977 6011 9978 5574 9978 6012 9978 6012 9979 5574 9979 5573 9979 5573 9980 5558 9980 6006 9980 5573 9981 6006 9981 6012 9981 6012 9982 6006 9982 6008 9982 6012 9983 6008 9983 6009 9983 2165 9984 6010 9984 2166 9984 2166 9985 6010 9985 6011 9985 2166 9986 6011 9986 2171 9986 2171 9987 6011 9987 6012 9987 2171 9988 6012 9988 2169 9988 2169 9989 6012 9989 6009 9989 2169 9990 6009 9990 2170 9990 2167 9991 2172 9991 6013 9991 6013 9992 2172 9992 2168 9992 6013 9993 2168 9993 6014 9993 6014 9994 2168 9994 2163 9994 6014 9995 2163 9995 6015 9995 5596 9996 5599 9996 6015 9996 6015 9997 5599 9997 5598 9997 6015 9998 5598 9998 6014 9998 6014 9999 5598 9999 5597 9999 6014 10000 5597 10000 6013 10000 6013 10001 5597 10001 2167 10001 2163 10002 2162 10002 6016 10002 2163 10003 6016 10003 6015 10003 6015 10004 6016 10004 6017 10004 6015 10005 6017 10005 5596 10005 5596 10006 6017 10006 6018 10006 5596 10007 6018 10007 5593 10007 5589 10008 5592 10008 6019 10008 5592 10009 5593 10009 6019 10009 6019 10010 5593 10010 6018 10010 6019 10011 6018 10011 6020 10011 6020 10012 6018 10012 6017 10012 6020 10013 6017 10013 6021 10013 6021 10014 6017 10014 6016 10014 2182 10015 6021 10015 2183 10015 2183 10016 6021 10016 6016 10016 2183 10017 6016 10017 2162 10017 2182 10018 6022 10018 6021 10018 6021 10019 6022 10019 6023 10019 6021 10020 6023 10020 6020 10020 6020 10021 6023 10021 6024 10021 6020 10022 6024 10022 6019 10022 6024 10023 6025 10023 6019 10023 6019 10024 6025 10024 6026 10024 6019 10025 6026 10025 5589 10025 5589 10026 6026 10026 2027 10026 6024 10027 6023 10027 6027 10027 6027 10028 6023 10028 6022 10028 6026 10029 6025 10029 6028 10029 6028 10030 6025 10030 6024 10030 1995 10031 2027 10031 6026 10031 6024 10032 6027 10032 6028 10032 6028 10033 6027 10033 6029 10033 6028 10034 6029 10034 6030 10034 2158 10035 2157 10035 6031 10035 2158 10036 6029 10036 2178 10036 2178 10037 6029 10037 6027 10037 2178 10038 6027 10038 2180 10038 2180 10039 6027 10039 6022 10039 2180 10040 6022 10040 2182 10040 2158 10041 6031 10041 6029 10041 6029 10042 6031 10042 6032 10042 6029 10043 6032 10043 6030 10043 6030 10044 6032 10044 6033 10044 6030 10045 6033 10045 6034 10045 6026 10046 6028 10046 1995 10046 1995 10047 6028 10047 6030 10047 1995 10048 6030 10048 2043 10048 2043 10049 6030 10049 6034 10049 2043 10050 6034 10050 1986 10050 3522 10051 3521 10051 6035 10051 6035 10052 3521 10052 6036 10052 6035 10053 6036 10053 6037 10053 6036 10054 6038 10054 6037 10054 6037 10055 6038 10055 6039 10055 6037 10056 6039 10056 6040 10056 2157 10057 3522 10057 6031 10057 6031 10058 3522 10058 6035 10058 6031 10059 6035 10059 6032 10059 6032 10060 6035 10060 6037 10060 6032 10061 6037 10061 6033 10061 6033 10062 6037 10062 6040 10062 6033 10063 6040 10063 6034 10063 6034 10064 6040 10064 1987 10064 6034 10065 1987 10065 1986 10065 6039 10066 6041 10066 6040 10066 6040 10067 6041 10067 6042 10067 6040 10068 6042 10068 1987 10068 1987 10069 6042 10069 2046 10069 6043 10070 6044 10070 6045 10070 2047 10071 2046 10071 6042 10071 6042 10072 6046 10072 2047 10072 2047 10073 6046 10073 6047 10073 2047 10074 6047 10074 2048 10074 2048 10075 6047 10075 6045 10075 2048 10076 6045 10076 2049 10076 2049 10077 6045 10077 6044 10077 2049 10078 6044 10078 2050 10078 6048 10079 6049 10079 6050 10079 6050 10080 6049 10080 6043 10080 6043 10081 6045 10081 6050 10081 6050 10082 6045 10082 6047 10082 6050 10083 6047 10083 6051 10083 6051 10084 6047 10084 6046 10084 6051 10085 6046 10085 6052 10085 3515 10086 3513 10086 6048 10086 6042 10087 6041 10087 6046 10087 6046 10088 6041 10088 6039 10088 6046 10089 6039 10089 6052 10089 6052 10090 6039 10090 6038 10090 6052 10091 6038 10091 6036 10091 6048 10092 6050 10092 3515 10092 3515 10093 6050 10093 6051 10093 3515 10094 6051 10094 3517 10094 3517 10095 6051 10095 6052 10095 3517 10096 6052 10096 3519 10096 3519 10097 6052 10097 6036 10097 3519 10098 6036 10098 3521 10098 6053 10099 6054 10099 6055 10099 6056 10100 6057 10100 6058 10100 6049 10101 6048 10101 6059 10101 6048 10102 3513 10102 3530 10102 6048 10103 3530 10103 6059 10103 6059 10104 3530 10104 3529 10104 6059 10105 3529 10105 6060 10105 6060 10106 3529 10106 2155 10106 6060 10107 2155 10107 6061 10107 6062 10108 6043 10108 6049 10108 6049 10109 6059 10109 6062 10109 6062 10110 6059 10110 6060 10110 6062 10111 6060 10111 6058 10111 6058 10112 6060 10112 6061 10112 6058 10113 6061 10113 6056 10113 6063 10114 6044 10114 6043 10114 6043 10115 6062 10115 6063 10115 6063 10116 6062 10116 6058 10116 6063 10117 6058 10117 6055 10117 6055 10118 6058 10118 6057 10118 6055 10119 6057 10119 6053 10119 2051 10120 2050 10120 6044 10120 6044 10121 6063 10121 2051 10121 2051 10122 6063 10122 6055 10122 2051 10123 6055 10123 2052 10123 2052 10124 6055 10124 6054 10124 2052 10125 6054 10125 2042 10125 2040 10126 2042 10126 6064 10126 6064 10127 2042 10127 6054 10127 6064 10128 6054 10128 6065 10128 6065 10129 6054 10129 6053 10129 6065 10130 6053 10130 6066 10130 6066 10130 6053 10130 6057 10130 6066 10131 6057 10131 6067 10131 6067 10132 6057 10132 6056 10132 6067 10133 6056 10133 6068 10133 6068 10134 6056 10134 6061 10134 6068 10135 6061 10135 2153 10135 2153 10135 6061 10135 2155 10135 2493 10136 6069 10136 6070 10136 2489 10137 2487 10137 6071 10137 6069 10138 6072 10138 6073 10138 6072 10139 6074 10139 6075 10139 6076 10140 2038 10140 2040 10140 6074 10141 2011 10141 2013 10141 6074 10142 2013 10142 6075 10142 6075 10143 2013 10143 2015 10143 6075 10144 2015 10144 6077 10144 6077 10145 2015 10145 2017 10145 6077 10146 2017 10146 6078 10146 6078 10147 2017 10147 2019 10147 6078 10148 2019 10148 6079 10148 2006 10149 2007 10149 6080 10149 6080 10150 2007 10150 6081 10150 6080 10151 6081 10151 6082 10151 6082 10152 6081 10152 6083 10152 6072 10153 6075 10153 6073 10153 6073 10154 6075 10154 6077 10154 6073 10155 6077 10155 6084 10155 6084 10156 6077 10156 6078 10156 6084 10157 6078 10157 6085 10157 6085 10158 6078 10158 6079 10158 6085 10159 6079 10159 6086 10159 2040 10160 6064 10160 6076 10160 6076 10161 6064 10161 6065 10161 6076 10162 6065 10162 6087 10162 6071 10163 6088 10163 6083 10163 6083 10164 6088 10164 6089 10164 6083 10165 6089 10165 6082 10165 6069 10166 6073 10166 6070 10166 6070 10167 6073 10167 6084 10167 6070 10168 6084 10168 6090 10168 6090 10169 6084 10169 6085 10169 6090 10170 6085 10170 6091 10170 6091 10171 6085 10171 6086 10171 6091 10172 6086 10172 6092 10172 2487 10173 2247 10173 6071 10173 6071 10174 2247 10174 6093 10174 6071 10175 6093 10175 6088 10175 2491 10176 2489 10176 6094 10176 6094 10177 2489 10177 6071 10177 6094 10178 6071 10178 6095 10178 6095 10179 6071 10179 6083 10179 6095 10180 6083 10180 6096 10180 6096 10181 6083 10181 6081 10181 6096 10182 6081 10182 2009 10182 2009 10183 6081 10183 2007 10183 2009 10184 2011 10184 6096 10184 6096 10185 2011 10185 6074 10185 6096 10186 6074 10186 6095 10186 6095 10187 6074 10187 6072 10187 6095 10188 6072 10188 6094 10188 6094 10189 6072 10189 6069 10189 6094 10190 6069 10190 2491 10190 2491 10191 6069 10191 2493 10191 2505 10192 2503 10192 6092 10192 6092 10193 2503 10193 2501 10193 6092 10194 2501 10194 6091 10194 6091 10195 2501 10195 2499 10195 6091 10196 2499 10196 6090 10196 6090 10197 2499 10197 2497 10197 6090 10198 2497 10198 6070 10198 6070 10199 2497 10199 2495 10199 6070 10200 2495 10200 2493 10200 2507 10201 2505 10201 6097 10201 6097 10202 2505 10202 6092 10202 6097 10203 6092 10203 6087 10203 6087 10204 6092 10204 6086 10204 6087 10205 6086 10205 6076 10205 6076 10206 6086 10206 6079 10206 6076 10207 6079 10207 2038 10207 2038 10208 6079 10208 2019 10208 6065 10209 6066 10209 6087 10209 6087 10210 6066 10210 6067 10210 6087 10211 6067 10211 6097 10211 6097 10212 6067 10212 6068 10212 6097 10213 6068 10213 2507 10213 2507 10214 6068 10214 2153 10214 2247 10215 2253 10215 6093 10215 6093 10216 2253 10216 6098 10216 6093 10217 6098 10217 6088 10217 6088 10218 6098 10218 6089 10218 6089 10219 6098 10219 6099 10219 6089 10220 6099 10220 6082 10220 6082 10221 6099 10221 6080 10221 6080 10222 6099 10222 1998 10222 6080 10223 1998 10223 2006 10223 6100 10224 2136 10224 2135 10224 2136 10225 6100 10225 2137 10225 2137 10226 6100 10226 2138 10226 2138 10227 6100 10227 6101 10227 2138 10228 6101 10228 2125 10228 2125 10229 6101 10229 6102 10229 2125 10230 6102 10230 2126 10230 6103 10231 6104 10231 6105 10231 6105 10232 6104 10232 6106 10232 6105 10233 6106 10233 6107 10233 6107 10234 6106 10234 6108 10234 6109 10235 6110 10235 6108 10235 1703 10236 1775 10236 1705 10236 1705 10237 1775 10237 6110 10237 1705 10238 6110 10238 1706 10238 6108 10239 6106 10239 6109 10239 6109 10240 6106 10240 6104 10240 6109 10241 6104 10241 6111 10241 6111 10242 6104 10242 6112 10242 6111 10243 6112 10243 6113 10243 6110 10244 6109 10244 1706 10244 1706 10245 6109 10245 6111 10245 1706 10246 6111 10246 1731 10246 1731 10247 6111 10247 6113 10247 1731 10248 6113 10248 1720 10248 1775 10249 1780 10249 6110 10249 6110 10250 1780 10250 1788 10250 6110 10251 1788 10251 6108 10251 6108 10252 1788 10252 1787 10252 6108 10253 1787 10253 6107 10253 6107 10254 1787 10254 1783 10254 6107 10255 1783 10255 6105 10255 6105 10256 1783 10256 6114 10256 6105 10257 6114 10257 6103 10257 6103 10258 6114 10258 6115 10258 6103 10259 6115 10259 6116 10259 1737 10260 1720 10260 2133 10260 2133 10261 1720 10261 6113 10261 2133 10262 6113 10262 2135 10262 2135 10263 6113 10263 6112 10263 2135 10264 6112 10264 6100 10264 6100 10265 6112 10265 6104 10265 6100 10266 6104 10266 6101 10266 6101 10267 6104 10267 6103 10267 6101 10268 6103 10268 6102 10268 6102 10269 6103 10269 6116 10269 6102 10270 6116 10270 2126 10270 2253 10271 3545 10271 6098 10271 6098 10272 3545 10272 6117 10272 6098 10273 6117 10273 6099 10273 6099 10274 6117 10274 6118 10274 6099 10275 6118 10275 1998 10275 1998 10276 6118 10276 1999 10276 3545 10277 3511 10277 6117 10277 6117 10278 3511 10278 6119 10278 6117 10279 6119 10279 6118 10279 6118 10280 6119 10280 6120 10280 6118 10281 6120 10281 1999 10281 1999 10282 6120 10282 2001 10282 6115 10283 6114 10283 6121 10283 6114 10284 1783 10284 2644 10284 6115 10285 6121 10285 6116 10285 2126 10286 6116 10286 6122 10286 6114 10287 2644 10287 6121 10287 6121 10288 2644 10288 2656 10288 6121 10289 2656 10289 6123 10289 6123 10290 2656 10290 2655 10290 6123 10291 2655 10291 6124 10291 6116 10292 6121 10292 6122 10292 6122 10293 6121 10293 6123 10293 6122 10294 6123 10294 6125 10294 6125 10295 6123 10295 6124 10295 6125 10296 6124 10296 6126 10296 2112 10297 2118 10297 6126 10297 6126 10298 2118 10298 2120 10298 6126 10299 2120 10299 6125 10299 6125 10300 2120 10300 2129 10300 6125 10301 2129 10301 6122 10301 6122 10302 2129 10302 2123 10302 6122 10303 2123 10303 2126 10303 2113 10304 2112 10304 6127 10304 6127 10305 2112 10305 6126 10305 6127 10306 6126 10306 6128 10306 6128 10307 6126 10307 6124 10307 6128 10308 6124 10308 2456 10308 2456 10309 6124 10309 2655 10309 3499 10310 6129 10310 6130 10310 6129 10311 6131 10311 6132 10311 6131 10312 1974 10312 1976 10312 6131 10313 1976 10313 6132 10313 6132 10314 1976 10314 1978 10314 6132 10315 1978 10315 6133 10315 6133 10316 1978 10316 1985 10316 6133 10317 1985 10317 6134 10317 6134 10318 1985 10318 1984 10318 6134 10319 1984 10319 6135 10319 6135 10320 1984 10320 2002 10320 6135 10321 2002 10321 6136 10321 6136 10322 2002 10322 2001 10322 6136 10323 2001 10323 6120 10323 6129 10324 6132 10324 6130 10324 6130 10325 6132 10325 6133 10325 6130 10326 6133 10326 6137 10326 6137 10327 6133 10327 6134 10327 6137 10328 6134 10328 6138 10328 6138 10329 6134 10329 6135 10329 6138 10330 6135 10330 6139 10330 6139 10331 6135 10331 6136 10331 6139 10332 6136 10332 6140 10332 6140 10333 6136 10333 6120 10333 6140 10334 6120 10334 6119 10334 3499 10335 6130 10335 3501 10335 3501 10336 6130 10336 6137 10336 3501 10337 6137 10337 3503 10337 3503 10338 6137 10338 6138 10338 3503 10339 6138 10339 3505 10339 3505 10340 6138 10340 6139 10340 3505 10341 6139 10341 3507 10341 3507 10342 6139 10342 6140 10342 3507 10343 6140 10343 3509 10343 3509 10344 6140 10344 6119 10344 3509 10345 6119 10345 3511 10345 2113 10346 6127 10346 6141 10346 2100 10347 2102 10347 6142 10347 6142 10348 2102 10348 6143 10348 6142 10349 6143 10349 6144 10349 2451 10350 6144 10350 6145 10350 2102 10351 2104 10351 6143 10351 6143 10352 2104 10352 2106 10352 6143 10353 2106 10353 6146 10353 6146 10354 2106 10354 2108 10354 6146 10355 2108 10355 6147 10355 2451 10356 6145 10356 2449 10356 2449 10357 6145 10357 6148 10357 2449 10358 6148 10358 2447 10358 2447 10359 6148 10359 6149 10359 2447 10360 6149 10360 2445 10360 2108 10361 2089 10361 6147 10361 6147 10362 2089 10362 2091 10362 6147 10363 2091 10363 6150 10363 6150 10364 2091 10364 2093 10364 6150 10365 2093 10365 6141 10365 6141 10366 2093 10366 2115 10366 6141 10367 2115 10367 2113 10367 6144 10368 6143 10368 6145 10368 6145 10369 6143 10369 6146 10369 6145 10370 6146 10370 6148 10370 6148 10371 6146 10371 6147 10371 6148 10372 6147 10372 6149 10372 6149 10373 6147 10373 6150 10373 6149 10374 6150 10374 6151 10374 6151 10375 6150 10375 6141 10375 6151 10376 6141 10376 6152 10376 6152 10377 6141 10377 6127 10377 6152 10378 6127 10378 6128 10378 2445 10379 6149 10379 2461 10379 2461 10380 6149 10380 6151 10380 2461 10381 6151 10381 2460 10381 2460 10382 6151 10382 6152 10382 2460 10383 6152 10383 2458 10383 2458 10384 6152 10384 6128 10384 2458 10385 6128 10385 2456 10385 3499 10386 2139 10386 6129 10386 6129 10387 2139 10387 6153 10387 6129 10388 6153 10388 6131 10388 6131 10389 6153 10389 6154 10389 6131 10390 6154 10390 1974 10390 1974 10391 6154 10391 1972 10391 2557 10392 2559 10392 6155 10392 6155 10393 2559 10393 6156 10393 6155 10394 6156 10394 6157 10394 6157 10395 6156 10395 6158 10395 6157 10396 6158 10396 2098 10396 2098 10397 6158 10397 2096 10397 2451 10398 2557 10398 6144 10398 6144 10399 2557 10399 6155 10399 6144 10400 6155 10400 6142 10400 6142 10401 6155 10401 6157 10401 6142 10402 6157 10402 2100 10402 2100 10403 6157 10403 2098 10403 6159 10404 1981 10404 1972 10404 2139 10405 2141 10405 6153 10405 6153 10406 2141 10406 6160 10406 6153 10407 6160 10407 6154 10407 6161 10408 2143 10408 6162 10408 6162 10409 2143 10409 2145 10409 1972 10410 6154 10410 6159 10410 6159 10411 6154 10411 6160 10411 6159 10412 6160 10412 6161 10412 6161 10413 6160 10413 2141 10413 6161 10414 2141 10414 2143 10414 6161 10415 6163 10415 6159 10415 6159 10416 6163 10416 6164 10416 6159 10417 6164 10417 1981 10417 1981 10418 6164 10418 6165 10418 1981 10419 6165 10419 2021 10419 6166 10420 6167 10420 6168 10420 6167 10421 2068 10421 2070 10421 6169 10422 6170 10422 6166 10422 6170 10423 6169 10423 2590 10423 6167 10424 2070 10424 6168 10424 6168 10425 2070 10425 2072 10425 6168 10426 2072 10426 6171 10426 6171 10427 2072 10427 2076 10427 6171 10428 2076 10428 6172 10428 2076 10429 2078 10429 6172 10429 6172 10430 2078 10430 2080 10430 6172 10431 2080 10431 6173 10431 6173 10432 2080 10432 2082 10432 6173 10433 2082 10433 6174 10433 2096 10434 6158 10434 2088 10434 2088 10435 6158 10435 6175 10435 2088 10436 6175 10436 2086 10436 2086 10437 6175 10437 6174 10437 2086 10438 6174 10438 2084 10438 2084 10439 6174 10439 2082 10439 6166 10440 6168 10440 6169 10440 6169 10441 6168 10441 6171 10441 6169 10442 6171 10442 6176 10442 6176 10443 6171 10443 6172 10443 6176 10444 6172 10444 6177 10444 6177 10445 6172 10445 6173 10445 6177 10446 6173 10446 6178 10446 6178 10447 6173 10447 6174 10447 6178 10448 6174 10448 6179 10448 6179 10449 6174 10449 6175 10449 6179 10450 6175 10450 6180 10450 6180 10451 6175 10451 6158 10451 6180 10452 6158 10452 6156 10452 2590 10453 6169 10453 2588 10453 2588 10454 6169 10454 6176 10454 2588 10455 6176 10455 2586 10455 2586 10456 6176 10456 6177 10456 2586 10457 6177 10457 2584 10457 2584 10458 6177 10458 6178 10458 2584 10459 6178 10459 2582 10459 2582 10460 6178 10460 6179 10460 2582 10461 6179 10461 2580 10461 2580 10462 6179 10462 6180 10462 2580 10463 6180 10463 2578 10463 2578 10464 6180 10464 6156 10464 2578 10465 6156 10465 2559 10465 6162 10466 2145 10466 2147 10466 6161 10467 6162 10467 6181 10467 6163 10468 6161 10468 6182 10468 6164 10469 6163 10469 6183 10469 6165 10470 6164 10470 6184 10470 5587 10471 2021 10471 6185 10471 6185 10472 2021 10472 6165 10472 6162 10473 2147 10473 6181 10473 6181 10474 2147 10474 2149 10474 6181 10475 2149 10475 6186 10475 6186 10476 2149 10476 2063 10476 6186 10477 2063 10477 6187 10477 6187 10478 2063 10478 2059 10478 6187 10479 2059 10479 6188 10479 6161 10480 6181 10480 6182 10480 6182 10481 6181 10481 6186 10481 6182 10482 6186 10482 6189 10482 6189 10483 6186 10483 6187 10483 6189 10484 6187 10484 6190 10484 6190 10485 6187 10485 6188 10485 6190 10486 6188 10486 6191 10486 6163 10487 6182 10487 6183 10487 6183 10488 6182 10488 6189 10488 6183 10489 6189 10489 6192 10489 6192 10490 6189 10490 6190 10490 6192 10491 6190 10491 6193 10491 6193 10492 6190 10492 6191 10492 6193 10493 6191 10493 6194 10493 2059 10494 2058 10494 6188 10494 6188 10495 2058 10495 6195 10495 6188 10496 6195 10496 6191 10496 6191 10497 6195 10497 6196 10497 6191 10498 6196 10498 6194 10498 6194 10499 6196 10499 6197 10499 6194 10500 6197 10500 6198 10500 6164 10501 6183 10501 6184 10501 6184 10502 6183 10502 6192 10502 6184 10503 6192 10503 6199 10503 6199 10504 6192 10504 6193 10504 6199 10505 6193 10505 6200 10505 6200 10506 6193 10506 6194 10506 6200 10507 6194 10507 6201 10507 6201 10508 6194 10508 6198 10508 6201 10509 6198 10509 6202 10509 6165 10510 6184 10510 6185 10510 6185 10511 6184 10511 6199 10511 6185 10512 6199 10512 6203 10512 6203 10513 6199 10513 6200 10513 6203 10514 6200 10514 6204 10514 6204 10515 6200 10515 6201 10515 6204 10516 6201 10516 6205 10516 6205 10517 6201 10517 6202 10517 6205 10518 6202 10518 6206 10518 5587 10519 6185 10519 5581 10519 5581 10520 6185 10520 6203 10520 5581 10521 6203 10521 5582 10521 5582 10522 6203 10522 6204 10522 5582 10523 6204 10523 5584 10523 5584 10524 6204 10524 6205 10524 5584 10525 6205 10525 5578 10525 5578 10526 6205 10526 6206 10526 5578 10527 6206 10527 5579 10527 2073 10528 2068 10528 6207 10528 6207 10529 2068 10529 6167 10529 6207 10530 6167 10530 6208 10530 6208 10531 6167 10531 6166 10531 6208 10532 6166 10532 6209 10532 6209 10533 6166 10533 6170 10533 6209 10534 6170 10534 3324 10534 3324 10535 6170 10535 2590 10535 2074 10536 2073 10536 6210 10536 6210 10537 2073 10537 6207 10537 6210 10538 6207 10538 6211 10538 6211 10539 6207 10539 6208 10539 6211 10540 6208 10540 6212 10540 6212 10541 6208 10541 6209 10541 6212 10542 6209 10542 2791 10542 2791 10543 6209 10543 3324 10543 6213 10544 5703 10544 6214 10544 6214 10545 5703 10545 5701 10545 6214 10546 5701 10546 5579 10546 6215 10547 6216 10547 6217 10547 6217 10548 6216 10548 2798 10548 6217 10549 2798 10549 6213 10549 6213 10550 2798 10550 5704 10550 6213 10551 5704 10551 5703 10551 5579 10552 6206 10552 6214 10552 6214 10553 6206 10553 6202 10553 6214 10554 6202 10554 6213 10554 6213 10555 6202 10555 6198 10555 6213 10556 6198 10556 6217 10556 6217 10557 6198 10557 6197 10557 6217 10558 6197 10558 6215 10558 2058 10559 6218 10559 6219 10559 6219 10560 6218 10560 6220 10560 6219 10561 6220 10561 6215 10561 6215 10562 6220 10562 6221 10562 6215 10563 6221 10563 6216 10563 6197 10564 6196 10564 6215 10564 6215 10565 6196 10565 6195 10565 6215 10566 6195 10566 6219 10566 6219 10567 6195 10567 2058 10567 2075 10568 2074 10568 6210 10568 6222 10569 6220 10569 6223 10569 6223 10570 6220 10570 6218 10570 6223 10571 6218 10571 2060 10571 2060 10572 6218 10572 2058 10572 2793 10573 2798 10573 6224 10573 6224 10574 2798 10574 6216 10574 6224 10575 6216 10575 6222 10575 6222 10576 6216 10576 6221 10576 6222 10577 6221 10577 6220 10577 2791 10578 2793 10578 6212 10578 6212 10579 2793 10579 6224 10579 6212 10580 6224 10580 6211 10580 6211 10581 6224 10581 6222 10581 6211 10582 6222 10582 6210 10582 6210 10583 6222 10583 6223 10583 6210 10584 6223 10584 2075 10584 2075 10585 6223 10585 2060 10585 6225 10586 6226 10586 6227 10586 6228 10587 3536 10587 3537 10587 5395 10588 6229 10588 5396 10588 5396 10589 6229 10589 6230 10589 5396 10590 6230 10590 5398 10590 6228 10591 3537 10591 6231 10591 6231 10592 3537 10592 3534 10592 6231 10593 3534 10593 6232 10593 6232 10594 3534 10594 3533 10594 6232 10595 3533 10595 6233 10595 3533 10596 3538 10596 6233 10596 6233 10597 3538 10597 6234 10597 6233 10598 6234 10598 6235 10598 6228 10599 6231 10599 6236 10599 6236 10600 6231 10600 6232 10600 6236 10601 6232 10601 6237 10601 6237 10602 6232 10602 6233 10602 6237 10603 6233 10603 6238 10603 6238 10604 6233 10604 6235 10604 6238 10605 6235 10605 6239 10605 2161 10606 6228 10606 5395 10606 5395 10607 6228 10607 6236 10607 5395 10608 6236 10608 6229 10608 6229 10609 6236 10609 6237 10609 6229 10610 6237 10610 6230 10610 6230 10611 6237 10611 6238 10611 6230 10612 6238 10612 6227 10612 6227 10613 6238 10613 6239 10613 6227 10614 6239 10614 6225 10614 3536 10615 6228 10615 2161 10615 5398 10616 6230 10616 5399 10616 5399 10617 6230 10617 6227 10617 5399 10618 6227 10618 5400 10618 5400 10619 6227 10619 6226 10619 5400 10620 6226 10620 1952 10620 6240 10621 1953 10621 1952 10621 1952 10622 6226 10622 6240 10622 6240 10623 6226 10623 6225 10623 6240 10624 6225 10624 6241 10624 6241 10625 6225 10625 6239 10625 6241 10626 6239 10626 6242 10626 6242 10627 6239 10627 6235 10627 6242 10628 6235 10628 6243 10628 6243 10629 6235 10629 6234 10629 6243 10630 6234 10630 3497 10630 3497 10631 6234 10631 3538 10631 6244 10632 3491 10632 3489 10632 3491 10633 6244 10633 3493 10633 3489 10634 6245 10634 6244 10634 6244 10635 6245 10635 6246 10635 6244 10636 6246 10636 6247 10636 3497 10637 3495 10637 6243 10637 6243 10638 3495 10638 6248 10638 6243 10639 6248 10639 6242 10639 6242 10640 6248 10640 6249 10640 6242 10641 6249 10641 6241 10641 6241 10642 6249 10642 6250 10642 6241 10643 6250 10643 6240 10643 6240 10644 6250 10644 1955 10644 6240 10645 1955 10645 1953 10645 3495 10646 3493 10646 6248 10646 6248 10647 3493 10647 6244 10647 6248 10648 6244 10648 6249 10648 6249 10649 6244 10649 6247 10649 6249 10650 6247 10650 6250 10650 6250 10651 6247 10651 6251 10651 6250 10652 6251 10652 1955 10652 1955 10653 6251 10653 1956 10653 6246 10654 6252 10654 6247 10654 6247 10655 6252 10655 6253 10655 6247 10656 6253 10656 6251 10656 6251 10657 6253 10657 6254 10657 6251 10658 6254 10658 1956 10658 1956 10659 6254 10659 1950 10659 6255 10660 6256 10660 1945 10660 1945 10661 6256 10661 6257 10661 1945 10662 6257 10662 1943 10662 1947 10663 1950 10663 6254 10663 1947 10664 6254 10664 6258 10664 1945 10665 1946 10665 6255 10665 6255 10666 1946 10666 6259 10666 6255 10667 6259 10667 6260 10667 6260 10668 6259 10668 6261 10668 1946 10669 1947 10669 6259 10669 6259 10670 1947 10670 6258 10670 6259 10671 6258 10671 6261 10671 6261 10672 6258 10672 6262 10672 2532 10673 6263 10673 6260 10673 6260 10674 6263 10674 6264 10674 6260 10675 6264 10675 6255 10675 6255 10676 6264 10676 6265 10676 6255 10677 6265 10677 6256 10677 6254 10678 6253 10678 6258 10678 6258 10679 6253 10679 6252 10679 6258 10680 6252 10680 6262 10680 6262 10681 6252 10681 6246 10681 6262 10682 6246 10682 6245 10682 2532 10683 6260 10683 3540 10683 3540 10684 6260 10684 6261 10684 3540 10685 6261 10685 3542 10685 3542 10686 6261 10686 6262 10686 3542 10687 6262 10687 3544 10687 3544 10688 6262 10688 6245 10688 3544 10689 6245 10689 3489 10689 1943 10690 6257 10690 1942 10690 1942 10691 6257 10691 6266 10691 6266 10692 6257 10692 6267 10692 6267 10693 6257 10693 6256 10693 6267 10694 6256 10694 6268 10694 6268 10694 6256 10694 6265 10694 6268 10695 6265 10695 6269 10695 6269 10696 6265 10696 6264 10696 6269 10697 6264 10697 6270 10697 6264 10698 6263 10698 6270 10698 6270 10135 6263 10135 2532 10135 6270 10135 2532 10135 2508 10135 6270 10699 2508 10699 2510 10699 6268 10700 6269 10700 6271 10700 6271 10701 6269 10701 6270 10701 6270 10702 2510 10702 6271 10702 6271 10703 2510 10703 2512 10703 6271 10704 2512 10704 6272 10704 6272 10705 2512 10705 2514 10705 6272 10706 2514 10706 6273 10706 6273 10707 2514 10707 2516 10707 6273 10708 2516 10708 6274 10708 6274 10709 2516 10709 2518 10709 6274 10710 2518 10710 6275 10710 6275 10711 2518 10711 2520 10711 6275 10712 2520 10712 6276 10712 6276 10713 2520 10713 2522 10713 6276 10714 2522 10714 6277 10714 6277 10715 2522 10715 2524 10715 6277 10716 2524 10716 6278 10716 6278 10717 2524 10717 2526 10717 6278 10718 2526 10718 6279 10718 6279 10719 2526 10719 2528 10719 6279 10720 2528 10720 6280 10720 6280 10721 2528 10721 2530 10721 6280 10722 2530 10722 6281 10722 6281 10723 2530 10723 2256 10723 6281 10724 2256 10724 6282 10724 6266 10725 6267 10725 6283 10725 6283 10726 6267 10726 6268 10726 6268 10727 6271 10727 6283 10727 6283 10728 6271 10728 6272 10728 6283 10729 6272 10729 6284 10729 6284 10730 6272 10730 6273 10730 6284 10731 6273 10731 6285 10731 6285 10732 6273 10732 6274 10732 6285 10733 6274 10733 6286 10733 6286 10734 6274 10734 6275 10734 6286 10735 6275 10735 6287 10735 6287 10736 6275 10736 6276 10736 6287 10737 6276 10737 6288 10737 6288 10738 6276 10738 6277 10738 6288 10739 6277 10739 6289 10739 6289 10740 6277 10740 6278 10740 6289 10741 6278 10741 6290 10741 6290 10742 6278 10742 6279 10742 6290 10743 6279 10743 6291 10743 6291 10744 6279 10744 6280 10744 6291 10745 6280 10745 6292 10745 6292 10746 6280 10746 6281 10746 6292 10747 6281 10747 6293 10747 6293 10748 6281 10748 6282 10748 6293 10749 6282 10749 6294 10749 1940 10750 1942 10750 6266 10750 6266 10751 6283 10751 1940 10751 1940 10752 6283 10752 6284 10752 1940 10753 6284 10753 1939 10753 1939 10754 6284 10754 6285 10754 1939 10755 6285 10755 1937 10755 1937 10756 6285 10756 6286 10756 1937 10757 6286 10757 1926 10757 1926 10758 6286 10758 6287 10758 1926 10759 6287 10759 1924 10759 1924 10760 6287 10760 6288 10760 1924 10761 6288 10761 1920 10761 1920 10762 6288 10762 6289 10762 1920 10763 6289 10763 1921 10763 1921 10764 6289 10764 6290 10764 1921 10765 6290 10765 1934 10765 1934 10766 6290 10766 6291 10766 1934 10767 6291 10767 1935 10767 1935 10768 6291 10768 6292 10768 1935 10769 6292 10769 1936 10769 1936 10770 6292 10770 6293 10770 1936 10771 6293 10771 1932 10771 1932 10772 6293 10772 6294 10772 1932 10773 6294 10773 1930 10773 1917 10774 1930 10774 6295 10774 6295 10775 1930 10775 6294 10775 6296 10776 6297 10776 6282 10776 6282 10777 6297 10777 6298 10777 6282 10778 6298 10778 6294 10778 6294 10779 6298 10779 6299 10779 6294 10780 6299 10780 6295 10780 6296 10781 6282 10781 6300 10781 6300 10782 6282 10782 2256 10782 6300 10783 2256 10783 2258 10783 5408 10784 5409 10784 6301 10784 5411 10785 1917 10785 6295 10785 6302 10786 6300 10786 2259 10786 2259 10787 6300 10787 2258 10787 6303 10788 6298 10788 6304 10788 6304 10789 6298 10789 6297 10789 6304 10790 6297 10790 6302 10790 6302 10791 6297 10791 6296 10791 6302 10792 6296 10792 6300 10792 5409 10793 5411 10793 6301 10793 6301 10794 5411 10794 6295 10794 6301 10795 6295 10795 6303 10795 6303 10796 6295 10796 6299 10796 6303 10797 6299 10797 6298 10797 5407 10798 5408 10798 6305 10798 6305 10799 5408 10799 6301 10799 6305 10800 6301 10800 6306 10800 6306 10801 6301 10801 6303 10801 6306 10802 6303 10802 6307 10802 6307 10803 6303 10803 6304 10803 6307 10804 6304 10804 6308 10804 6308 10805 6304 10805 6302 10805 6308 10806 6302 10806 2251 10806 2251 10807 6302 10807 2259 10807 5405 10808 5407 10808 6309 10808 6309 10809 5407 10809 6305 10809 6309 10810 6305 10810 6310 10810 6310 10811 6305 10811 6306 10811 6310 10812 6306 10812 6311 10812 6311 10813 6306 10813 6307 10813 6311 10814 6307 10814 6312 10814 6312 10815 6307 10815 6308 10815 6312 10816 6308 10816 2250 10816 2250 10817 6308 10817 2251 10817 5259 10818 5405 10818 6313 10818 6313 10819 5405 10819 6309 10819 6313 10820 6309 10820 6314 10820 6314 10821 6309 10821 6310 10821 6314 10822 6310 10822 6315 10822 6315 10823 6310 10823 6311 10823 6315 10824 6311 10824 6316 10824 6316 10825 6311 10825 6312 10825 6316 10826 6312 10826 2262 10826 2262 10827 6312 10827 2250 10827 5257 10828 5259 10828 6313 10828 5257 10828 6313 10828 6317 10828 6317 10829 6313 10829 6314 10829 6317 10829 6314 10829 6318 10829 6318 10830 6314 10830 6315 10830 6318 10830 6315 10830 6319 10830 6319 10831 6315 10831 6316 10831 6319 10831 6316 10831 6320 10831 6320 10832 6316 10832 2262 10832 6320 10832 2262 10832 2261 10832 5444 10833 5257 10833 6321 10833 6321 10834 5257 10834 6317 10834 6321 10835 6317 10835 6322 10835 6322 10836 6317 10836 6318 10836 6322 10837 6318 10837 6323 10837 6323 10838 6318 10838 6319 10838 6323 10839 6319 10839 6324 10839 6324 10840 6319 10840 6320 10840 5443 10841 5444 10841 6325 10841 6325 10842 5444 10842 6321 10842 6325 10843 6321 10843 6326 10843 6326 10844 6321 10844 6322 10844 6326 10845 6322 10845 6327 10845 6327 10846 6322 10846 6323 10846 6327 10847 6323 10847 6328 10847 6328 10848 6323 10848 6324 10848 6328 10849 6329 10849 6327 10849 6327 10850 6329 10850 6330 10850 6327 10851 6330 10851 6326 10851 6326 10852 6330 10852 6331 10852 6326 10853 6331 10853 6325 10853 6325 10854 6331 10854 6332 10854 2249 10855 6329 10855 2254 10855 2254 10856 6329 10856 6328 10856 2254 10857 6328 10857 2255 10857 2255 10858 6328 10858 6324 10858 2255 10859 6324 10859 2260 10859 2260 10860 6324 10860 6320 10860 2260 10861 6320 10861 2261 10861 2249 10862 6333 10862 6329 10862 6329 10863 6333 10863 6334 10863 6329 10864 6334 10864 6330 10864 6330 10865 6334 10865 6335 10865 6330 10866 6335 10866 6331 10866 6331 10867 6335 10867 6336 10867 6331 10868 6336 10868 6332 10868 6332 10869 6336 10869 6337 10869 6332 10870 6337 10870 1878 10870 1878 10871 5440 10871 6332 10871 6332 10872 5440 10872 5439 10872 6332 10873 5439 10873 6325 10873 6325 10874 5439 10874 5438 10874 6325 10875 5438 10875 5443 10875 1879 10876 1878 10876 6337 10876 1879 10877 6337 10877 6338 10877 6338 10878 6337 10878 6336 10878 6338 10879 6336 10879 6339 10879 6339 10880 6336 10880 6335 10880 6339 10881 6335 10881 6340 10881 2249 10882 2248 10882 6333 10882 6333 10883 2248 10883 6340 10883 6333 10884 6340 10884 6334 10884 6334 10885 6340 10885 6335 10885 2500 9793 6341 9793 6342 9793 2504 9794 2506 9794 6343 9794 6341 10886 6344 10886 6345 10886 6344 9796 6346 9796 6347 9796 6346 10887 1893 10887 1876 10887 6346 10888 1876 10888 6347 10888 6347 10889 1876 10889 1874 10889 6347 10890 1874 10890 6348 10890 6348 10891 1874 10891 1884 10891 6348 10892 1884 10892 6349 10892 6349 10893 1884 10893 1883 10893 6349 10894 1883 10894 6350 10894 1898 10895 1896 10895 6351 10895 6351 10896 1896 10896 6352 10896 6351 10897 6352 10897 6353 10897 6353 10898 6352 10898 6354 10898 6344 9810 6347 9810 6345 9810 6345 9811 6347 9811 6348 9811 6345 9812 6348 9812 6355 9812 6355 9813 6348 9813 6349 9813 6355 9814 6349 9814 6356 9814 6356 9815 6349 9815 6350 9815 6356 9816 6350 9816 6357 9816 6343 10899 6358 10899 6354 10899 6354 10900 6358 10900 6359 10900 6354 10901 6359 10901 6353 10901 6341 10902 6345 10902 6342 10902 6342 10903 6345 10903 6355 10903 6342 10904 6355 10904 6360 10904 6360 10905 6355 10905 6356 10905 6360 10906 6356 10906 6361 10906 6361 10907 6356 10907 6357 10907 6361 10908 6357 10908 6362 10908 2506 9830 2152 9830 6343 9830 6343 9831 2152 9831 6363 9831 6343 10909 6363 10909 6358 10909 1896 10910 1894 10910 6352 10910 6352 10911 1894 10911 6364 10911 6352 9835 6364 9835 6354 9835 6354 9836 6364 9836 6365 9836 6354 10912 6365 10912 6343 10912 6343 10913 6365 10913 6366 10913 6343 9839 6366 9839 2504 9839 2504 9840 6366 9840 2502 9840 1894 10914 1893 10914 6364 10914 6364 10915 1893 10915 6346 10915 6364 9843 6346 9843 6365 9843 6365 9844 6346 9844 6344 9844 6365 10916 6344 10916 6366 10916 6366 10917 6344 10917 6341 10917 6366 9847 6341 9847 2502 9847 2502 9848 6341 9848 2500 9848 2488 9849 2490 9849 6362 9849 6362 9850 2490 9850 2492 9850 6362 9851 2492 9851 6361 9851 6361 9852 2492 9852 2494 9852 6361 9853 2494 9853 6360 9853 6360 9854 2494 9854 2496 9854 6360 9855 2496 9855 6342 9855 6342 9856 2496 9856 2498 9856 6342 9857 2498 9857 2500 9857 2486 9858 2488 9858 6367 9858 6367 9859 2488 9859 6362 9859 6367 10918 6362 10918 6368 10918 6368 10919 6362 10919 6357 10919 6368 9862 6357 9862 6369 9862 6369 9863 6357 9863 6350 9863 6369 10920 6350 10920 1881 10920 1881 10921 6350 10921 1883 10921 1881 10922 1879 10922 6369 10922 6369 10923 1879 10923 6338 10923 6369 10924 6338 10924 6368 10924 6368 10925 6338 10925 6339 10925 6368 10926 6339 10926 6367 10926 6367 10927 6339 10927 6340 10927 6367 9870 6340 9870 2486 9870 2486 9871 6340 9871 2248 9871 1898 10928 6351 10928 1900 10928 1900 10929 6351 10929 6370 10929 6351 10930 6353 10930 6370 10930 6370 10931 6353 10931 6359 10931 6370 10932 6359 10932 6371 10932 2152 9877 2154 9877 6363 9877 6363 10933 2154 10933 6371 10933 6363 10934 6371 10934 6358 10934 6358 10935 6371 10935 6359 10935 1900 9881 6370 9881 6372 9881 6370 10936 6371 10936 6373 10936 6371 10937 2154 10937 3528 10937 6371 10938 3528 10938 6373 10938 6373 10939 3528 10939 3532 10939 6373 10940 3532 10940 6374 10940 6374 10941 3532 10941 3531 10941 6374 10942 3531 10942 6375 10942 6375 10943 3531 10943 3512 10943 6375 10944 3512 10944 6376 10944 6370 10945 6373 10945 6372 10945 6372 10946 6373 10946 6374 10946 6372 10947 6374 10947 6377 10947 6377 10948 6374 10948 6375 10948 6377 10949 6375 10949 6378 10949 6378 10950 6375 10950 6376 10950 6378 10951 6376 10951 6379 10951 1900 9898 6372 9898 1901 9898 1901 9899 6372 9899 6377 9899 1901 9900 6377 9900 1902 9900 1902 9901 6377 9901 6378 9901 1902 9902 6378 9902 1903 9902 1903 9903 6378 9903 6379 9903 1903 9904 6379 9904 1911 9904 3520 10952 6380 10952 6381 10952 6380 10953 6382 10953 6383 10953 6382 9907 1906 9907 1907 9907 6382 9908 1907 9908 6383 9908 6383 9909 1907 9909 1908 9909 6383 9910 1908 9910 6384 9910 6384 9911 1908 9911 1910 9911 6384 9912 1910 9912 6385 9912 6385 9913 1910 9913 1911 9913 6385 9914 1911 9914 6379 9914 6380 10954 6383 10954 6381 10954 6381 10955 6383 10955 6384 10955 6381 10956 6384 10956 6386 10956 6386 10957 6384 10957 6385 10957 6386 10958 6385 10958 6387 10958 6387 10959 6385 10959 6379 10959 6387 10960 6379 10960 6376 10960 3520 10961 6381 10961 3518 10961 3518 10962 6381 10962 6386 10962 3518 10963 6386 10963 3516 10963 3516 10964 6386 10964 6387 10964 3516 10965 6387 10965 3514 10965 3514 10966 6387 10966 6376 10966 3514 10967 6376 10967 3512 10967 3520 10968 3524 10968 6380 10968 6380 10969 3524 10969 6388 10969 6380 10970 6388 10970 6382 10970 6382 10971 6388 10971 6389 10971 6382 10972 6389 10972 1906 10972 1906 10973 6389 10973 1904 10973 1904 10974 6389 10974 6390 10974 5425 10975 5422 10975 6391 10975 6391 10976 5422 10976 5424 10976 6391 10977 5424 10977 6392 10977 6392 10978 5424 10978 5428 10978 6392 10979 5428 10979 6390 10979 6390 10980 5428 10980 5429 10980 6390 10981 5429 10981 1904 10981 2156 10982 5425 10982 3525 10982 3525 10983 5425 10983 6391 10983 3525 10984 6391 10984 6393 10984 6393 10985 6391 10985 6392 10985 6393 10986 6392 10986 6394 10986 6394 10987 6392 10987 6390 10987 6394 10988 6390 10988 6395 10988 6395 10989 6390 10989 6389 10989 6395 10990 6389 10990 6388 10990 3525 10991 6393 10991 3526 10991 3526 10992 6393 10992 6394 10992 3526 10993 6394 10993 3527 10993 3527 10994 6394 10994 6395 10994 3527 10995 6395 10995 3523 10995 3523 10996 6395 10996 6388 10996 3523 10997 6388 10997 3524 10997 6396 10998 6397 10998 6398 10998 6398 10999 6397 10999 6399 10999 6398 11000 6399 11000 6400 11000 6400 11000 6399 11000 6401 11000 6400 2744 6401 2744 6402 2744 6402 11001 6401 11001 6403 11001 6402 11002 6403 11002 6404 11002 6404 11003 6403 11003 6405 11003 6404 11004 6405 11004 6406 11004 6406 11004 6405 11004 6407 11004 6406 2744 6407 2744 6408 2744 6408 2744 6407 2744 6409 2744 6408 11005 6409 11005 6410 11005 6410 11006 6409 11006 6411 11006 6410 11007 6411 11007 6412 11007 6411 11008 6413 11008 6412 11008 6412 11009 6413 11009 6414 11009 6412 10998 6414 10998 6415 10998 6415 10999 6414 10999 6416 10999 6415 11000 6416 11000 6417 11000 6417 11000 6416 11000 6418 11000 6417 2744 6418 2744 6419 2744 6419 11001 6418 11001 6420 11001 6419 11002 6420 11002 6421 11002 6421 11003 6420 11003 6422 11003 6421 11004 6422 11004 6423 11004 6423 11004 6422 11004 6424 11004 6423 2744 6424 2744 6425 2744 6425 2744 6424 2744 6426 2744 6425 11005 6426 11005 6427 11005 6427 11006 6426 11006 6428 11006 6427 11007 6428 11007 6396 11007 6396 11008 6428 11008 6429 11008 6396 11009 6429 11009 6397 11009 6423 11010 1736 11010 1734 11010 6423 11011 1734 11011 6421 11011 6421 11012 1734 11012 1733 11012 6421 11013 1733 11013 6419 11013 6419 11014 1733 11014 1732 11014 6419 11015 1732 11015 6417 11015 6415 2776 6417 2776 1742 2776 1742 2776 6417 2776 1732 2776 6415 11016 1742 11016 1741 11016 6415 11017 1741 11017 6412 11017 6412 11018 1741 11018 1762 11018 6412 11019 1762 11019 6410 11019 6410 11020 1762 11020 1761 11020 6410 11021 1761 11021 6408 11021 6406 11022 6408 11022 1759 11022 1759 11022 6408 11022 1761 11022 6406 11023 1759 11023 1757 11023 6406 11024 1757 11024 6404 11024 6404 11025 1757 11025 1756 11025 6404 11026 1756 11026 6402 11026 6402 11027 1756 11027 1701 11027 6402 11028 1701 11028 6400 11028 6398 2777 6400 2777 1699 2777 1699 2777 6400 2777 1701 2777 6398 11029 1699 11029 1721 11029 6398 11030 1721 11030 6396 11030 6396 11031 1721 11031 1739 11031 6396 11032 1739 11032 6427 11032 6427 11033 1739 11033 1738 11033 6427 11034 1738 11034 6425 11034 6423 11035 6425 11035 1736 11035 1736 11035 6425 11035 1738 11035 6409 11036 6430 11036 6411 11036 6411 11037 6430 11037 6431 11037 6411 11038 6431 11038 6413 11038 6413 11039 6431 11039 6432 11039 6413 11040 6432 11040 6414 11040 6414 11040 6432 11040 6433 11040 6414 11041 6433 11041 6416 11041 6416 11042 6433 11042 6434 11042 6409 11043 6407 11043 6430 11043 6430 11043 6407 11043 6435 11043 6401 11044 6436 11044 6403 11044 6403 11044 6436 11044 6437 11044 6403 11045 6437 11045 6405 11045 6405 11045 6437 11045 6438 11045 6405 11046 6438 11046 6407 11046 6407 11047 6438 11047 6435 11047 6401 2776 6399 2776 6436 2776 6436 2776 6399 2776 6439 2776 6426 11048 6440 11048 6428 11048 6428 11049 6440 11049 6441 11049 6428 11050 6441 11050 6429 11050 6429 11051 6441 11051 6442 11051 6429 11052 6442 11052 6397 11052 6397 11053 6442 11053 6443 11053 6397 11054 6443 11054 6399 11054 6399 11055 6443 11055 6439 11055 6426 11056 6424 11056 6440 11056 6440 11056 6424 11056 6444 11056 6418 11057 6445 11057 6420 11057 6420 11058 6445 11058 6446 11058 6420 11059 6446 11059 6422 11059 6422 11060 6446 11060 6447 11060 6422 11061 6447 11061 6424 11061 6424 11062 6447 11062 6444 11062 6418 2777 6416 2777 6445 2777 6445 2777 6416 2777 6434 2777 6442 11063 6441 11063 6440 11063 6439 11000 6445 11000 6436 11000 6436 11000 6445 11000 6434 11000 6434 11064 6433 11064 6432 11064 6447 11065 6446 11065 6444 11065 6444 11066 6446 11066 6445 11066 6444 2744 6445 2744 6440 2744 6440 2744 6445 2744 6439 2744 6440 11067 6439 11067 6442 11067 6442 11068 6439 11068 6443 11068 6438 11069 6437 11069 6435 11069 6435 2744 6437 2744 6436 2744 6435 2744 6436 2744 6430 2744 6430 2744 6436 2744 6434 2744 6430 11070 6434 11070 6431 11070 6431 11071 6434 11071 6432 11071 6448 11072 6449 11072 5286 11072 5286 11073 5285 11073 6448 11073 6448 11074 5285 11074 5283 11074 6448 11075 5283 11075 6450 11075 6450 11076 5283 11076 5282 11076 6450 11077 5282 11077 6451 11077 6451 11078 5282 11078 5280 11078 6451 11079 5280 11079 6452 11079 5280 11080 5278 11080 6452 11080 6452 11081 5278 11081 5277 11081 6452 11082 5277 11082 6453 11082 5277 11083 5275 11083 6453 11083 6453 11084 5275 11084 5274 11084 6453 11085 5274 11085 6454 11085 6454 11086 5274 11086 5308 11086 6454 11087 5308 11087 6455 11087 6455 11088 5308 11088 5307 11088 6455 11089 5307 11089 6456 11089 5307 11090 5305 11090 6456 11090 6456 11091 5305 11091 5304 11091 6456 11092 5304 11092 6457 11092 5304 11093 5302 11093 6457 11093 6457 11094 5302 11094 5301 11094 6457 11095 5301 11095 6458 11095 6458 11096 5301 11096 5300 11096 6458 11097 5300 11097 6459 11097 6459 11098 5300 11098 5298 11098 6459 11099 5298 11099 6460 11099 5298 11100 5296 11100 6460 11100 6460 11101 5296 11101 5295 11101 6460 11102 5295 11102 6461 11102 5295 11103 5294 11103 6461 11103 6461 11104 5294 11104 5292 11104 6461 11105 5292 11105 6462 11105 6462 11106 5292 11106 5291 11106 6462 11107 5291 11107 6463 11107 6463 11108 5291 11108 5289 11108 6463 11109 5289 11109 6449 11109 6449 11110 5289 11110 5287 11110 6449 11111 5287 11111 5286 11111 6462 11112 6464 11112 6461 11112 6461 11113 6464 11113 6465 11113 6461 11114 6465 11114 6460 11114 6460 11115 6465 11115 6466 11115 6460 11116 6466 11116 6459 11116 6459 11117 6466 11117 6467 11117 6459 11118 6467 11118 6458 11118 6458 11119 6467 11119 6468 11119 6458 11120 6468 11120 6457 11120 6457 11121 6468 11121 6469 11121 6457 11122 6469 11122 6456 11122 6456 11123 6469 11123 6470 11123 6456 11124 6470 11124 6455 11124 6455 11125 6470 11125 6471 11125 6455 11126 6471 11126 6454 11126 6454 11127 6471 11127 6472 11127 6454 11128 6472 11128 6453 11128 6453 11129 6472 11129 6473 11129 6453 11130 6473 11130 6452 11130 6452 11131 6473 11131 6474 11131 6452 11132 6474 11132 6451 11132 6451 11133 6474 11133 6475 11133 6451 11134 6475 11134 6450 11134 6450 11135 6475 11135 6476 11135 6450 11136 6476 11136 6448 11136 6448 11137 6476 11137 6477 11137 6448 11138 6477 11138 6449 11138 6449 11139 6477 11139 6478 11139 6449 11140 6478 11140 6463 11140 6463 11141 6478 11141 6479 11141 6463 11142 6479 11142 6462 11142 6462 11143 6479 11143 6464 11143 6464 11144 6480 11144 6465 11144 6465 11145 6480 11145 6481 11145 6465 11146 6481 11146 6466 11146 6466 11147 6481 11147 6482 11147 6466 11148 6482 11148 6467 11148 6467 11149 6482 11149 6483 11149 6467 11150 6483 11150 6468 11150 6468 11151 6483 11151 6484 11151 6468 11152 6484 11152 6469 11152 6469 11153 6484 11153 6485 11153 6469 11154 6485 11154 6470 11154 6470 11155 6485 11155 6486 11155 6470 11156 6486 11156 6471 11156 6471 11157 6486 11157 6487 11157 6471 11158 6487 11158 6472 11158 6472 11159 6487 11159 6488 11159 6472 11160 6488 11160 6473 11160 6473 11161 6488 11161 6489 11161 6473 11162 6489 11162 6474 11162 6474 11163 6489 11163 6490 11163 6474 11164 6490 11164 6475 11164 6475 11165 6490 11165 6491 11165 6475 11166 6491 11166 6476 11166 6476 11167 6491 11167 6492 11167 6476 11168 6492 11168 6477 11168 6477 11169 6492 11169 6493 11169 6477 11170 6493 11170 6478 11170 6478 11171 6493 11171 6494 11171 6478 11172 6494 11172 6479 11172 6479 11173 6494 11173 6495 11173 6479 11174 6495 11174 6464 11174 6464 11175 6495 11175 6480 11175 6480 11176 2724 11176 6481 11176 6481 11177 2724 11177 2722 11177 6481 11178 2722 11178 6482 11178 6482 11179 2722 11179 2720 11179 6482 11180 2720 11180 6483 11180 6483 11181 2720 11181 2718 11181 6483 11182 2718 11182 6484 11182 6484 11183 2718 11183 2716 11183 6484 11184 2716 11184 6485 11184 6485 11185 2716 11185 2714 11185 6485 11186 2714 11186 6486 11186 6486 11187 2714 11187 2705 11187 6486 11188 2705 11188 6487 11188 6487 11189 2705 11189 2704 11189 6487 11190 2704 11190 6488 11190 6488 11191 2704 11191 2702 11191 6488 11192 2702 11192 6489 11192 6489 11193 2702 11193 2701 11193 6489 11194 2701 11194 6490 11194 6490 11195 2701 11195 2689 11195 6490 11196 2689 11196 6491 11196 6491 11197 2689 11197 2690 11197 6491 11198 2690 11198 6492 11198 6492 11199 2690 11199 2691 11199 6492 11200 2691 11200 6493 11200 6493 11201 2691 11201 2693 11201 6493 11202 2693 11202 6494 11202 6494 11203 2693 11203 2695 11203 6494 11204 2695 11204 6495 11204 6495 11205 2695 11205 2697 11205 6495 11206 2697 11206 6480 11206 6480 11207 2697 11207 2724 11207 6496 11208 6497 11208 5234 11208 5234 11209 5232 11209 6496 11209 6496 11210 5232 11210 5231 11210 6496 11211 5231 11211 6498 11211 6498 11212 5231 11212 5230 11212 6498 11213 5230 11213 6499 11213 6499 11214 5230 11214 5228 11214 6499 11215 5228 11215 6500 11215 5228 11216 5226 11216 6500 11216 6500 11217 5226 11217 5225 11217 6500 11218 5225 11218 6501 11218 5225 11219 5223 11219 6501 11219 6501 11220 5223 11220 5222 11220 6501 11221 5222 11221 6502 11221 6502 11222 5222 11222 5256 11222 6502 11223 5256 11223 6503 11223 6503 11224 5256 11224 5255 11224 6503 11225 5255 11225 6504 11225 5255 11226 5253 11226 6504 11226 6504 11227 5253 11227 5252 11227 6504 11228 5252 11228 6505 11228 5252 11229 5251 11229 6505 11229 6505 11230 5251 11230 5249 11230 6505 11231 5249 11231 6506 11231 6506 11232 5249 11232 5248 11232 6506 11233 5248 11233 6507 11233 6507 11234 5248 11234 5246 11234 6507 11235 5246 11235 6508 11235 5246 11236 5244 11236 6508 11236 6508 11237 5244 11237 5243 11237 6508 11238 5243 11238 6509 11238 5243 11239 5241 11239 6509 11239 6509 11240 5241 11240 5240 11240 6509 11241 5240 11241 6510 11241 6510 11242 5240 11242 5239 11242 6510 11243 5239 11243 6511 11243 6511 11244 5239 11244 5237 11244 6511 11245 5237 11245 6497 11245 6497 11246 5237 11246 5235 11246 6497 11247 5235 11247 5234 11247 6510 11248 6512 11248 6509 11248 6509 11249 6512 11249 6513 11249 6509 11250 6513 11250 6508 11250 6508 11251 6513 11251 6514 11251 6508 11252 6514 11252 6507 11252 6507 11253 6514 11253 6515 11253 6507 11254 6515 11254 6506 11254 6506 11255 6515 11255 6516 11255 6506 11256 6516 11256 6505 11256 6505 11257 6516 11257 6517 11257 6505 11258 6517 11258 6504 11258 6504 11259 6517 11259 6518 11259 6504 11260 6518 11260 6503 11260 6503 11261 6518 11261 6519 11261 6503 11262 6519 11262 6502 11262 6502 11263 6519 11263 6520 11263 6502 11264 6520 11264 6501 11264 6501 11265 6520 11265 6521 11265 6501 11266 6521 11266 6500 11266 6500 11267 6521 11267 6522 11267 6500 11268 6522 11268 6499 11268 6499 11269 6522 11269 6523 11269 6499 11270 6523 11270 6498 11270 6498 11271 6523 11271 6524 11271 6498 11272 6524 11272 6496 11272 6496 11273 6524 11273 6525 11273 6496 11274 6525 11274 6497 11274 6497 11275 6525 11275 6526 11275 6497 11276 6526 11276 6511 11276 6511 11277 6526 11277 6527 11277 6511 11278 6527 11278 6510 11278 6510 11279 6527 11279 6512 11279 6512 11280 6528 11280 6513 11280 6513 11281 6528 11281 6529 11281 6513 11282 6529 11282 6514 11282 6514 11283 6529 11283 6530 11283 6514 11284 6530 11284 6515 11284 6515 11285 6530 11285 6531 11285 6515 11286 6531 11286 6516 11286 6516 11287 6531 11287 6532 11287 6516 11288 6532 11288 6517 11288 6517 11289 6532 11289 6533 11289 6517 11290 6533 11290 6518 11290 6518 11291 6533 11291 6534 11291 6518 11292 6534 11292 6519 11292 6519 11293 6534 11293 6535 11293 6519 11294 6535 11294 6520 11294 6520 11295 6535 11295 6536 11295 6520 11296 6536 11296 6521 11296 6521 11297 6536 11297 6537 11297 6521 11298 6537 11298 6522 11298 6522 11299 6537 11299 6538 11299 6522 11300 6538 11300 6523 11300 6523 11301 6538 11301 6539 11301 6523 11302 6539 11302 6524 11302 6524 11303 6539 11303 6540 11303 6524 11304 6540 11304 6525 11304 6525 11305 6540 11305 6541 11305 6525 11306 6541 11306 6526 11306 6526 11307 6541 11307 6542 11307 6526 11308 6542 11308 6527 11308 6527 11309 6542 11309 6543 11309 6527 11310 6543 11310 6512 11310 6512 11311 6543 11311 6528 11311 6528 11312 2053 11312 6529 11312 6529 11313 2053 11313 2054 11313 6529 11314 2054 11314 6530 11314 6530 11315 2054 11315 2041 11315 6530 11316 2041 11316 6531 11316 6531 11317 2041 11317 2039 11317 6531 11318 2039 11318 6532 11318 6532 11319 2039 11319 2018 11319 6532 11320 2018 11320 6533 11320 6533 11321 2018 11321 2016 11321 6533 11322 2016 11322 6534 11322 6534 11323 2016 11323 2014 11323 6534 11324 2014 11324 6535 11324 6535 11325 2014 11325 2012 11325 6535 11326 2012 11326 6536 11326 6536 11327 2012 11327 2010 11327 6536 11328 2010 11328 6537 11328 6537 11329 2010 11329 2008 11329 6537 11330 2008 11330 6538 11330 6538 11331 2008 11331 2005 11331 6538 11332 2005 11332 6539 11332 6539 11333 2005 11333 2004 11333 6539 11334 2004 11334 6540 11334 6540 11335 2004 11335 2003 11335 6540 11336 2003 11336 6541 11336 6541 11337 2003 11337 2023 11337 6541 11338 2023 11338 6542 11338 6542 11339 2023 11339 1967 11339 6542 11340 1967 11340 6543 11340 6543 11341 1967 11341 1969 11341 6543 11342 1969 11342 6528 11342 6528 11343 1969 11343 2053 11343 5254 11344 5218 11344 5250 11344 5250 11345 5218 11345 5217 11345 5250 11346 5217 11346 5247 11346 5247 11347 5217 11347 5216 11347 5247 11348 5216 11348 5245 11348 5245 11349 5216 11349 5215 11349 5245 11350 5215 11350 5242 11350 5242 11351 5215 11351 5214 11351 5242 11352 5214 11352 5238 11352 5238 11353 5214 11353 5213 11353 5238 11354 5213 11354 5236 11354 5236 11355 5213 11355 5212 11355 5236 11356 5212 11356 5233 11356 5233 11357 5212 11357 5211 11357 5233 11358 5211 11358 5229 11358 5229 11359 5211 11359 5210 11359 5229 11360 5210 11360 5227 11360 5227 11361 5210 11361 5209 11361 5227 11362 5209 11362 5224 11362 5224 11363 5209 11363 5220 11363 5224 11364 5220 11364 5221 11364 5221 11365 5220 11365 5219 11365 5221 11366 5219 11366 5254 11366 5254 11367 5219 11367 5218 11367 5306 11368 5268 11368 5303 11368 5303 11369 5268 11369 5269 11369 5303 11370 5269 11370 5299 11370 5299 11371 5269 11371 5270 11371 5299 11372 5270 11372 5297 11372 5297 11373 5270 11373 5266 11373 5297 11374 5266 11374 5293 11374 5293 11375 5266 11375 5267 11375 5293 11376 5267 11376 5290 11376 5290 11377 5267 11377 5271 11377 5290 11378 5271 11378 5288 11378 5288 11379 5271 11379 5263 11379 5288 11380 5263 11380 5284 11380 5284 11381 5263 11381 5264 11381 5284 11382 5264 11382 5281 11382 5281 11383 5264 11383 5265 11383 5281 11384 5265 11384 5279 11384 5279 11385 5265 11385 5262 11385 5279 11386 5262 11386 5276 11386 5276 11387 5262 11387 5261 11387 5276 11388 5261 11388 5273 11388 5273 11389 5261 11389 5272 11389 5273 11390 5272 11390 5306 11390 5306 11391 5272 11391 5268 11391 2268 11392 5311 11392 2267 11392 2267 11393 5311 11393 5310 11393 2267 11394 5310 11394 2266 11394 2266 11395 5310 11395 5338 11395 2266 11396 5338 11396 2265 11396 2265 11397 5338 11397 5339 11397 2265 11398 5339 11398 2264 11398 2264 11399 5339 11399 5332 11399 2264 11400 5332 11400 2263 11400 2263 11401 5332 11401 5331 11401 2263 11402 5331 11402 2274 11402 2274 11403 5331 11403 5327 11403 2274 11404 5327 11404 2273 11404 2273 11405 5327 11405 5323 11405 2273 11406 5323 11406 2272 11406 2272 11407 5323 11407 5322 11407 2272 11408 5322 11408 2271 11408 2271 11409 5322 11409 5318 11409 2271 11410 5318 11410 2270 11410 2270 11411 5318 11411 5315 11411 2270 11412 5315 11412 2269 11412 2269 11413 5315 11413 5312 11413 2269 11414 5312 11414 2268 11414 2268 11415 5312 11415 5311 11415</p>
        </triangles>
      </mesh>
    </geometry>
  </library_geometries>
  <library_visual_scenes>
    <visual_scene id="DefaultScene">
      <node id="node_ee0997b8_0fac_42ee_aba3_11eca1a44d41" type="NODE">
        <matrix>1 0 0 0 0 1 0 0 0 0 1 0 0 0 0 1</matrix>
        <node id="node_8c9fdcbe_add2_4861_a0ef_fb4428ff651e" type="NODE">
          <matrix>1 0 0 0 0 1 0 0 0 0 1 0 0 0 0 1</matrix>
          <node id="node_8c9fdcbe_add2_4861_a0ef_fb4428ff651e_mesh0" type="NODE">
            <matrix>1 0 0 0 0 1 0 0 0 0 1 0 0 0 0 1</matrix>
            <instance_geometry url="#geometry_b225fa6b_5f80_4965_b3e5_be3429cc665d">
              <bind_material>
                <technique_common>
                  <instance_material symbol="mat_0" target="#mat_0"/>
                </technique_common>
              </bind_material>
            </instance_geometry>
          </node>
        </node>
      </node>
    </visual_scene>
  </library_visual_scenes>
  <scene>
    <instance_visual_scene url="#DefaultScene"/>
  </scene>
</COLLADA>
